a	159418
aa	169
aaa	7
aaat	5
aabr	3
aabreviaturas	2
aac	2
aacg	10
aacm	15
aad	39
aadc	29
aadt	20
aae	3
aaei	2
aaet	3
aaf	255
aafs	4
aag	34
aags	4
aam	3
aaml	4
aan	3
aap	29
aar	6
aas	250
aasld	19
aass	2
aast	12
aat	122
aatc	2
aatd	2
aaucmb	8
aav	9
aavm	2
aax	12
ab	50
aba	2
abacavir	460
abajo	288
abaloparatida	61
abandona	4
abandonado	23
abandonan	3
abandonar	29
abandonaron	122
abandonarse	6
abandone	4
abandonen	2
abandono	146
abandonos	36
abandonó	28
abanico	4
abarca	18
abarcaba	2
abarcan	10
abarcando	3
abarcar	5
abarcaron	5
abarcó	5
abasado	4
abastecen	3
abastecimiento	3
abatacept	227
abatacepta	6
abatimiento	2
abc	97
abcde	2
abceso	5
abcesos	2
abciximab	4
abcsg	3
abdomen	1342
abdomi	2
abdominal	3966
abdominala	16
abdominalb	10
abdominalc	3
abdominald	2
abdominale	2
abdominales	273
abdominalg	3
abdominalh	5
abdominali	2
abdominall	5
abdominalm	2
abdominalr	2
abdominalx	3
abdomino	2
abducens	21
abducente	6
abductores	53
abecma	113
abedul	5
abeja	15
abejas	23
abelcet	22
abelson	8
abemaciclib	53
abeparvovec	73
aberraciones	30
aberración	2
aberrante	8
abertura	42
aberturas	7
abetalipoproteinemia	5
abhbe	3
abierta	7810
abiertamente	4
abiertas	125
abierto	25142
abiertos	244
abik	3
abiraterona	244
abl	215
ablación	53
ablanda	3
ablandador	5
ablandadores	5
ablandamiento	15
ablandar	3
ablativo	4
able	7
ablis	3
abnas	2
abo	53
abofeteada	3
abogan	2
aborda	3
abordado	3
abordaje	71397
abordar	22
abordarse	4
aborde	2
aborto	231
abortos	30
abortus	2
abotonarse	2
about	12
abr	229
abra	33
abran	6
abrasiones	10
abrasivos	5
abrasión	423
abrasone	4
abrazaderas	3
abrazo	2
abre	16
abren	10
abreviaciones	5
abreviada	8
abreviado	13
abreviatura	17
abreviaturas	273
abriendo	3
abrigado	2
abrigo	2
abril	38
abrir	102
abrirlas	8
abrirlo	3
abrirse	14
abrió	4
abrocitinib	101
abrs	8
abrumado	2
abrumador	5
abrumadora	3
abrumadores	2
abrumarse	2
abrupta	26
abruptamente	3
abruptio	3
abs	26
absc	69
absceso	419
abscesoa	2
abscesos	112
abscessus	3
absh	51
absoluta	237
absolutamente	47
absolutas	23
absoluto	690
absolutos	46
absorba	11
absorban	5
absorbancia	2
absorbe	106
absorben	29
absorbente	11
absorbentes	12
absorber	68
absorberla	3
absorberlo	3
absorberse	7
absorberán	2
absorbible	8
absorbibles	2
absorbida	20
absorbidas	5
absorbido	29
absorbidos	13
absorbiendo	3
absorciometría	23
absorcion	4
absorción	1345
absssi	17
abstención	2
abstenerse	14
abstengan	6
abstinencia	482
abuelos	2
abultada	2
abultadas	4
abultamiento	11
abultamientos	3
abundancia	3
abundante	136
abundanteh	2
abundantei	2
abundantel	2
abundantemente	23
abundantes	30
aburra	2
abusa	5
abusadores	3
abusan	8
abusar	5
abuse	2
abusiva	2
abusivo	6
abuso	826
abusos	2
abvd	14
abx	2
ac	194
aca	7
acaba	4
acabado	2
acaban	4
acabar	11
acabo	2
academia	3
académicas	2
académico	5
acae	2
acaecidos	2
acaf	2
acalabrutinib	14
acalasia	8
acalculosa	10
acaloramiento	24
acamprosato	9
acanthamoeba	19
acantilado	8
acantoameba	4
acantolíticos	2
acantonadas	2
acantosis	7
acarbosa	22
acarizax	27
acarodermatitis	2
acarrear	3
acatisia	136
acc	8
accede	2
acceden	3
acceder	13
accent	9
accept	2
accesible	5
accesibles	3
acceso	331
accesoria	10
accesorias	28
accesorio	318
accesorios	16
accesos	7
access	3
accidental	1770
accidentales	44
accidentalmente	282
accidente	6827
accidentes	433
accion	3
accionar	2
acciones	246
acción	3969
accoast	3
accolens	3
accomplish	2
accord	87
accordpharma	3
accr	7
accu	2
accuhaler	14
accusol	12
acd	3
ace	79
aceclofenaco	22
acefilinato	2
aceite	173
aceites	35
acelera	59
aceleración	27
acelerada	115
acelerado	30
acelerador	2
acelerados	29
aceleran	13
acelerando	11
acelerar	29
acelular	16
acenocumarol	22
acentuada	8
acentuadas	2
acentuado	3
acentuados	20
acentuar	3
acentuarse	5
acentúan	4
acentúe	2
acepta	22
aceptabilidad	3
aceptable	70
aceptables	30
aceptación	18
aceptada	8
aceptadas	24
aceptado	23
aceptados	7
aceptan	2
aceptar	9
aceptaron	2
aceptará	3
acepte	2
aceptor	4
aceptó	2
acera	7
acerca	448
acercan	3
acercando	3
acercar	2
acercarse	3
acerque	3
acertado	2
acertijos	2
acetabular	47
acetaldehído	6
acetamida	4
acetaminofeno	7
acetaminofén	56
acetato	412
acetazolamida	46
acetil	43
acetilación	25
acetiladas	2
acetiladores	11
acetilar	7
acetilcisteína	41
acetilcolina	130
acetilcolinesterasa	29
acetileno	5
acetilgalactosamina	14
acetilglutamato	12
acetilsalicilato	3
acetilsalicilico	2
acetilsalicílico	780
acetiltransferasa	7
acetiltransferasas	4
acetohidroxámico	2
acetona	7
acetonido	3
acetonémicos	2
acetábulo	585
acetónido	51
acexamato	6
acf	5
acfs	14
acg	15
ach	18
achaques	2
ache	10
achieve	3
achr	56
achromobacter	4
aciclovir	90
acid	4
acidemia	39
acidente	2
acidez	140
acidificación	6
acido	25
acidobásico	3
acidophilus	2
acidorresistente	2
acidorresistentes	3
acidosis	932
aciduria	9
acidófilos	3
acidótica	11
acientes	2
aciertos	2
acil	6
acinar	2
acinesia	20
acinetobacter	70
acipimox	4
acitenobacter	3
acitretina	62
acl	8
aclara	3
aclaración	4
aclarada	5
aclarado	28
aclarados	4
aclaramiento	1649
aclarar	28
aclararse	4
aclare	3
aclidinio	34
acliform	5
aclorhidria	11
acm	34
acn	26
acneica	2
acneicas	2
acneiforme	113
acneiformes	44
acnes	32
acné	424
aco	12
acod	14
acolchada	4
acomodación	90
acomodador	2
acomodar	3
acomodativo	2
acompaña	76
acompañada	232
acompañadas	71
acompañado	120
acompañados	77
acompañamiento	2
acompañan	33
acompañante	3
acompañantes	2
acompañar	44
acompañaron	13
acompañarse	50
acompañe	6
acompañen	3
acompañó	19
acondicionado	10
acondicionador	3
acondicionamiento	155
acondicionar	3
acondroplasia	17
aconseja	337
aconsejable	143
aconsejables	6
aconsejada	5
aconsejado	4
aconsejan	2
aconsejar	415
aconsejarles	7
aconsejarse	45
aconsejará	14
aconseje	15
aconsejen	3
aconsejándose	2
aconte	8
acontece	4
acontecidas	2
acontecimiento	1369
acontecimientos	4930
acontezca	2
acoplada	5
acoplado	3
acoplados	7
acoplamiento	7
acoplar	4
acople	3
acoramidis	38
acordado	5
acordar	9
acordarse	21
acorde	25
acordes	13
acorta	9
acortaba	2
acortada	3
acortado	4
acortamiento	94
acortan	17
acortar	16
acortarse	5
acorte	5
acortó	2
acos	3
acosado	4
acosador	5
acosadores	3
acosados	2
acoso	17
acostada	7
acostado	37
acostar	4
acostarse	177
acostará	20
acostumbra	3
acostumbrada	4
acostumbre	2
acovil	25
acpa	3
acq	70
acr	444
acral	3
acreditado	8
acreditados	2
acremonium	2
acridina	2
acrocianosis	2
acrocordón	4
acrodermatitis	3
acrofobia	2
acroleína	2
acromegalia	64
acromegálicos	13
acromioclavicular	349
acromioclaviculares	6
acromion	49
acroqol	2
acrpedi	2
acs	70
act	36
acta	3
actg	14
acth	144
actikerall	13
actilyse	40
actimag	5
actin	6
actina	9
actinodermatosis	3
actinomicina	4
actinomicosis	14
actinomicótica	3
actinomyces	8
action	5
actithiol	2
actitud	10
activa	1944
activaciones	2
activación	507
activada	110
activadas	28
activado	191
activador	42
activadora	18
activadoras	67
activadores	15
activados	40
activamente	38
activan	40
activando	9
activar	42
activarse	14
activas	346
activated	2
activator	2
active	19
activen	2
activextend	6
actividad	4553
actividadeléctrica	2
actividades	694
activina	12
activities	7
activity	27
activo	3147
activoa	3
activoe	2
activos	883
activímetro	9
acto	16
actonel	2
actos	9
actp	3
actriia	6
actron	3
actt	4
actuación	15
actual	1129
actuales	280
actualidad	77
actualización	25
actualizada	35
actualizadas	11
actualizado	168
actualizados	63
actualizar	2
actualizaron	2
actualizará	75
actualizó	3
actualmente	520
actuamos	4
actuando	40
actuar	204
actuarse	10
actuará	2
actuase	3
actínica	57
actínicas	4
actínico	2
actúa	553
actúan	297
actúe	7
actúen	10
acuaporina	7
acuda	34
acudan	99
acuden	3
acudieron	4
acudir	78
acudió	2
acuerde	45
acuerdo	2030
acuesta	35
acueste	5
acufeno	2
acufenos	6
acuity	5
aculeatus	3
acuminada	4
acuminado	4
acuminados	3
acuminata	3
acumula	95
acumulaciones	8
acumulación	489
acumulada	399
acumuladaa	4
acumuladas	93
acumulado	59
acumulados	76
acumulan	33
acumular	22
acumularon	6
acumularse	74
acumulará	2
acumulativa	90
acumulativamente	3
acumulativas	41
acumulativo	28
acumulativos	20
acumule	29
acumulen	5
acumulándose	3
acumuló	5
acuosa	45
acuosas	13
acuoso	58
acuosos	11
acupuntura	24
acusada	47
acusadas	2
acusado	6
acusados	8
acute	9
acuáticas	10
acuático	89
acuáticos	33
acv	36
acvs	4
acwy	33
acyline	2
acético	17
acídica	10
acídico	3
acídicos	3
acólicas	2
acúfenos	162
acúmulo	10
acústica	38
acústico	153
acústicos	3
ad	219
ada	251
adagrasib	3
adakveo	17
adalat	8
adalgur	3
adalimumab	251
adalvo	16
adams	5
adamts	3
adapaleno	2
adapt	19
adapta	4
adaptable	2
adaptaciones	5
adaptación	190
adaptada	50
adaptadas	15
adaptado	43
adaptador	6
adaptados	3
adaptan	7
adaptando	4
adaptar	39
adaptarse	65
adaptará	14
adaptarán	16
adaptativa	15
adaptativas	2
adaptativo	9
adapte	2
adaptándolas	10
adaptándose	2
adaptó	4
adaptógeno	2
adas	41
adasuve	38
adaura	21
adc	16
adcc	15
adcetris	192
adcp	4
adcs	14
adct	5
add	6
addison	82
addisoniana	2
ade	5
adecuación	4
adecuada	1328
adecuadamente	805
adecuadas	522
adecuado	1892
adecuadob	2
adecuados	356
adecuando	2
adecuar	4
adecuarse	3
adefovir	226
adeherencia	2
adeinodectomía	2
adelantado	9
adelantar	6
adelante	487
adelanto	4
adelantos	5
adelgazamiento	49
adelgazar	7
adelgazará	2
ademas	2
adempas	12
además	2320
adenil	2
adenilar	7
adenilato	7
adeniltransferasa	6
adenina	9
adenitis	3
adenoasociado	5
adenocarcinoma	195
adenocarcinomas	3
adenoescamosas	5
adenohipometafisarias	25
adenoidea	2
adenoidectomía	18
adenoides	66
adenoiditis	3
adenoma	45
adenomas	26
adenomatosa	6
adenomatosos	4
adenomegalia	4
adenomiosis	6
adenopatía	3
adenosil	3
adenosilcobalamina	6
adenosilmetionina	4
adenosin	6
adenosina	146
adenosinas	2
adenosintrifosfatasa	2
adenosinérgicos	3
adenosín	17
adenoviral	17
adenovirus	18
adenovírica	2
adentro	6
aderm	3
adgr	3
adh	16
adhd	38
adhere	15
adherencia	74
adherencial	5
adherencias	89
adherente	10
adherida	10
adheridas	2
adheridos	4
adherir	4
adherirse	6
adhesiva	17
adhesivas	6
adhesividad	4
adhesivo	13
adhesivos	11
adhesión	66
adhiera	4
adhiere	14
adhieren	8
adicciones	24
adicción	129
adicional	1607
adicionales	1367
adicionalmente	169
adicionar	3
adiciones	4
adición	425
adicta	2
adictiva	11
adictivas	6
adictivo	23
adictivos	9
adictos	13
adinámico	2
adipocito	2
adipocitos	6
adipocítico	2
adiposa	24
adiposas	7
adiposidad	2
adiposo	30
adiposos	3
aditiva	26
aditivas	4
aditivo	109
aditivos	63
adj	12
adjoin	8
adjudicación	44
adjudicada	18
adjudicadas	18
adjudicado	25
adjudicados	41
adjudicaron	4
adjudication	3
adjunta	21
adjuntan	3
adjuntas	2
adjunto	11
adjuvante	2
adl	91
adm	10
admininistración	2
adminis	2
administered	2
administr	2
administra	1757
administraba	46
administraban	15
administracion	46
administraciones	145
administración	16217
administrada	1134
administradab	6
administradas	321
administrado	1775
administrados	951
administran	394
administrando	129
administrar	4793
administrara	13
administraran	4
administrarla	16
administrarlas	2
administrarle	21
administrarles	7
administrarlo	27
administrarlos	4
administraron	230
administrarse	1919
administrará	193
administrarán	63
administraría	2
administrase	22
administration	10
administrativas	3
administrativo	2
administrativos	4
administre	463
administren	116
administro	2
administrándoles	2
administrándolo	2
administrándose	14
administrársela	2
administrársele	5
administrárseles	2
administró	1116
adminsitración	2
adminstración	2
admiral	4
admire	3
admisión	14
admitido	3
admitidos	3
admitieron	3
admitir	2
adn	908
adnc	3
adnct	3
adndc	11
adnfe	2
adnlc	2
adnr	2
adntc	15
ado	16
adoles	3
adolescencia	58
adolescente	92
adolescentes	3668
adolescents	3
adolonta	8
adolorida	4
adoloridas	5
adoloridos	3
adonis	2
adopción	11
adoptada	14
adoptadas	10
adoptado	3
adoptados	2
adoptan	3
adoptando	2
adoptar	96
adoptaron	2
adoptarse	27
adoptarán	4
adoptase	7
adopte	3
adopten	4
adoptivos	2
adore	2
adormece	4
adormecedor	4
adormecen	2
adormecer	20
adormecida	9
adormecido	4
adormecimiento	28
ados	3
adp	52
adquiera	2
adquieran	2
adquiere	11
adquieren	16
adquirida	699
adquiridas	73
adquirido	104
adquiridos	61
adquiriendo	3
adquirieron	2
adquirir	44
adquirirla	2
adquirirse	9
adquisiciones	2
adquisición	100
adr	2
adrenal	149
adrenalectomizados	2
adrenales	16
adrenalina	273
adrenoceptor	3
adrenoceptores	5
adrenocortical	69
adrenocorticales	4
adrenocorticoides	10
adrenocorticosteroides	2
adrenocorticotropa	11
adrenocorticotrófica	3
adrenocorticotrópica	17
adrenogenital	9
adrenogenitales	3
adrenoleucodistrofia	6
adrenolítica	3
adrenolíticas	2
adrenolítico	4
adrenomedulina	3
adrenoreceptor	2
adrenoreceptores	18
adrenorreceptor	3
adrenorreceptores	15
adrenérgica	27
adrenérgicas	10
adrenérgico	116
adrenérgicos	561
adresina	2
adreview	2
adriamicina	4
adriatic	8
adrs	4
adsorbe	4
adsorbente	2
adsorbentes	3
adsorbida	2
adsorbiendo	3
adsorción	16
adss	4
adtralza	4
aducto	6
aductor	5
aductores	54
aductos	2
adult	3
adulta	210
adultas	137
adultez	13
adulto	597
adultos	10490
adultosb	8
adultosc	3
advance	32
advanced	3
advantage	6
advate	12
adveras	5
adversa	1909
adversaa	7
adversas	22354
adversasa	7
adverse	42
adverso	1446
adversos	2872
advertencia	194
advertencias	963
advertida	2
advertidas	7
advertido	4
advertidos	34
advertir	462
advertirle	2
advertirles	7
advertirse	116
advertirá	14
advierta	14
adviertan	3
advierte	13
advierten	3
advil	3
advirtiendo	10
advirtiéndole	2
advirtió	5
advocate	51
adyacente	30
adyacentes	28
adynovi	22
adyuvada	4
adyuvancia	69
adyuvante	795
adyuvantes	4
adzynma	29
ae	52
aect	3
aed	12
aee	126
aees	26
aegean	7
aegis	5
aegr	5
aegyptius	2
aeh	160
ael	6
aemps	3
aen	7
aep	21
aerinaze	21
aeroalergenos	4
aeroalérgeno	3
aerobacter	3
aerobias	43
aerobios	232
aerochamber	8
aerococcus	3
aerodinámica	12
aerodinámico	2
aerofagia	9
aeroflat	4
aerogenes	22
aeromonas	4
aeronave	228
aeronaves	67
aeropuertos	2
aerosol	30
aerosoles	13
aerosphere	29
aerostato	36
aerrane	15
aeruginosa	105
aeróbica	15
aeróbicas	15
aeróbico	38
aeróbicos	14
aeróbios	7
aesculus	3
aesi	6
aestivum	2
aethiopica	2
af	108
afa	25
afagia	2
afamelanotida	9
afamitresgene	2
afaquia	8
afasia	140
afatinib	17
afb	5
afcaps	3
afd	4
afebril	2
afecciones	1315
afección	1218
afecta	726
afectaba	6
afectaban	9
afectacion	2
afectaciones	4
afectación	914
afectada	412
afectadas	126
afectado	262
afectados	274
afectan	962
afectando	54
afectar	975
afectara	6
afectaran	4
afectarla	2
afectarle	10
afectarlo	3
afectarlos	2
afectaron	48
afectará	6
afectarán	2
afectaría	2
afecte	65
afecten	90
afectiva	27
afectividad	2
afectivo	35
afectivos	12
afecto	10
afectos	13
afectó	61
afeitado	4
afeitar	11
aferente	2
aferentes	10
affairs	50
affirm	12
affs	5
afibrinogenemia	13
aficamten	68
afiebrado	2
afilado	77
afilados	18
afinamiento	3
afines	25
afinidad	372
afinidades	5
afios	2
afip	3
afirmaciones	3
afirmación	2
afirman	5
afirmar	2
afirmativa	2
afirmativamente	2
afirmativo	2
aflatoxina	22
aflibercept	113
aflojamiento	25
aflojar	5
afluencia	4
afonía	11
afortunadamente	8
afp	155
africana	25
africano	13
africanos	16
afro	12
afroamericana	40
afroamericanas	11
afroamericano	13
afroamericanos	101
afrocaribeños	3
afrodescendiente	11
afrodescendientes	20
afroestadounidenses	4
afrontamiento	9
afrontar	12
afrutado	2
afstyla	14
aftas	35
after	12
aftoides	2
aftosa	62
aftosas	5
afuera	9
afultrant	8
afán	3
afáquica	5
afáquicos	17
aféresis	232
afín	4
ag	28
against	5
agalactiae	33
agalsidasa	43
agammaglobulinemia	5
agamree	24
agar	3
agarrar	7
agarre	2
agarrotamiento	2
agatston	2
age	5
agencia	700
agencias	6
agendar	2
agendas	2
agenesia	81
agent	3
agente	1075
agentes	2764
agep	37
agepha	2
agepi	2
ageusia	50
agglutinin	3
aggressive	4
agh	3
aghbc	2
aghbe	60
aghbed	2
aghbs	21
agile	5
agilidad	3
agilus	18
agiolax	9
agitación	578
agitaciónb	2
agitado	3
agitados	5
agitando	4
agitante	2
agitar	52
agitarse	10
agite	2
agiten	3
agl	3
aglomeración	4
aglomerada	2
aglomeran	4
aglomeren	2
aglutinación	9
aglutinarse	2
aglutininas	2
agnosia	8
agnus	5
ago	7
agomelatina	68
agonismo	16
agonista	447
agonistas	588
agorafobia	15
agosto	45
agotado	14
agotadores	13
agotados	2
agotamiento	62
agotarle	2
agradable	8
agradecido	3
agrados	2
agrafia	2
agranda	2
agrandada	8
agrandadas	5
agrandado	13
agrandados	8
agrandamiento	68
agrandan	3
agrandar	4
agrandarse	2
agranulocitosis	543
agranulocitosisa	2
agranulocitosisc	2
agrastat	40
agrava	21
agravación	17
agravada	21
agravadas	9
agravado	24
agravamiento	151
agravamientos	4
agravan	39
agravante	4
agravantes	3
agravar	148
agravarla	5
agravaron	3
agravarse	65
agrave	10
agraven	2
agravó	2
agredido	3
agree	4
agrega	11
agregabilidad	3
agregación	214
agregada	13
agregado	20
agregados	22
agregan	3
agregando	5
agregar	13
agregarle	3
agregarse	4
agregometría	4
agregue	5
agregó	2
agresiones	10
agresiva	61
agresivamente	2
agresivas	11
agresividad	157
agresivo	68
agresivos	11
agresión	1738
agresiónb	2
agresor	2
agresores	2
agricultura	6
agrietada	12
agrietadas	5
agrietado	11
agrietados	3
agrietamiento	16
agrupa	3
agrupaciones	2
agrupación	48
agrupada	73
agrupadac	2
agrupadas	61
agrupado	179
agrupados	429
agrupamiento	5
agrupan	39
agrupando	2
agrupar	7
agruparon	17
agruparse	13
agrupará	2
agrupen	2
agrícola	66
agrícolas	7
agshb	2
agua	1725
aguacate	2
aguacates	4
aguanta	2
aguantar	3
aguas	21
aguda	4419
agudaa	8
agudac	6
agudas	572
agudeza	413
agudiza	2
agudizaciones	6
agudización	12
agudizar	5
agudo	1622
agudoa	2
agudos	351
aguja	1196
agujas	108
agujero	52
agujeros	36
ah	11
aha	4
ahai	4
ahc	278
ahcs	110
ahead	23
ahg	7
ahm	2
ahma	3
ahogamiento	649
ahogando	2
ahogarse	4
ahogo	22
ahora	69
ahorcamiento	17
ahorrador	21
ahorradora	2
ahorradoras	4
ahorradores	149
ahorro	9
ahumados	3
ahus	13
ahí	35
ai	73
aic	3
aicardi	2
aid	2
aids	2
aii	5
aij	115
aijcp	8
aijp	93
aijs	111
aimovig	19
aims	2
ain	2
aine	461
aines	577
ainess	4
aio	5
aiolos	2
airbag	21
aire	617
aireación	7
airen	4
airtal	13
airway	4
ais	7
aislada	118
aisladamente	2
aisladas	80
aislado	81
aislados	669
aislamiento	12
aislamientos	32
aislar	5
aislaron	2
aislarse	7
aisló	3
ait	98
ajcc	52
ajena	11
ajenas	10
ajo	5
ajovy	14
ajusta	67
ajustaban	2
ajustable	13
ajustables	24
ajustada	658
ajustadaa	2
ajustadab	4
ajustadad	2
ajustadag	4
ajustadah	2
ajustadas	120
ajustadasb	2
ajustado	440
ajustadoa	2
ajustados	94
ajustadosd	3
ajustan	18
ajustando	53
ajustar	1739
ajustarla	4
ajustaron	42
ajustarse	308
ajustará	39
ajustarán	6
ajuste	2814
ajusten	6
ajustes	550
ajustándola	5
ajustándose	10
ajustó	93
ak	9
akantior	22
akeega	90
akinetón	3
aklief	31
akt	14
aku	22
akynzeo	39
al	49636
ala	156
alactasia	2
alafenamida	277
alagille	5
alambre	8
alanil	7
alanilglutamina	8
alanin	5
alanina	656
alanino	34
alantoína	5
alarga	4
alargado	11
alargamiento	97
alargan	3
alargar	4
alargarla	2
alargarse	5
alarma	28
alarmas	8
alas	9
alaska	32
alat	89
alba	2
albendazol	38
alberga	5
albergaba	2
albergaban	12
albergado	2
albergan	15
albergaron	2
albicans	44
albicansd	2
albiglutida	4
albinismo	20
albright	6
albumin	2
albumina	5
albuminemia	4
albuminuria	74
albutein	4
albutrepenonacog	4
albúma	5
albúmina	448
alc	18
alcachofa	3
alcalina	547
alcalinab	4
alcalinas	13
alcalinidad	3
alcalinización	20
alcalinizante	9
alcalinizantes	5
alcalinizar	5
alcalino	16
alcalinos	14
alcaloide	13
alcaloides	74
alcalosis	148
alcalzan	2
alcance	173
alcancen	59
alcanfor	20
alcanforado	2
alcantara	3
alcantarilla	6
alcanza	250
alcanzaba	7
alcanzaban	15
alcanzada	195
alcanzadas	26
alcanzado	356
alcanzados	20
alcanzan	187
alcanzando	52
alcanzar	693
alcanzara	6
alcanzaran	5
alcanzarlo	2
alcanzaron	953
alcanzarse	38
alcanzará	5
alcanzaría	2
alcanzándose	18
alcanzó	686
alcaptonuria	4
alcaravea	3
alcarix	7
alchohol	2
alcohol	2007
alcoholemia	12
alcoholes	29
alcoholicos	2
alcoholismo	184
alcoholímetro	2
alcohólica	102
alcohólicas	94
alcohólico	34
alcohólicos	43
ald	10
aldehido	2
aldehído	7
aldesleukina	8
aldh	7
aldocumar	7
aldolasa	2
aldoleo	2
aldomet	9
aldosterona	591
aldosteronismo	45
aldurazyme	46
aleatoria	93
aleatoriamente	256
aleatorio	54
aleatorios	29
aleatorización	968
aleatorizada	149
aleatorizadas	79
aleatorizado	2147
aleatorizados	2549
aleatorizar	15
aleatorizaron	353
aleatorizó	194
alecensa	104
alectinib	20
alejada	4
alejadas	2
alejado	22
alejados	7
alejan	2
alejarse	4
alelo	165
alelos	40
alemania	9
alemtuzumab	47
alemán	3
alendronato	93
alendrónico	32
alentar	4
alergenicidad	2
alergeno	4
alergenos	39
alergia	515
alergias	238
alergica	10
alergical	6
alergicas	23
alergicos	6
alergla	2
alergoides	3
alergénico	4
alergénicos	10
alergólogo	20
alerta	149
alertados	17
alertar	12
alertarse	4
aletargamiento	3
aletas	13
aleteo	69
aletorización	2
aletorizados	2
aleudrina	4
aleve	2
alex	6
alfa	1864
alfabetización	8
alfabloqueante	8
alfabloqueantes	10
alfacalcidol	8
alfafetoproteína	27
alfentanilo	24
alfiler	3
alfombras	3
alfuzosina	44
alga	4
algas	40
algeldrato	2
algesal	2
algias	2
algidol	9
algina	2
alginato	5
alglucosidasa	74
algo	286
algodistrofia	2
algodonosas	2
algodón	22
algoneurodistrofia	32
algoritmo	100
algoritmos	8
alguien	197
algun	2
alguna	540
algunas	1925
alguno	2319
algunos	4055
algún	617
alhemo	13
aliento	144
alifática	3
alifáticos	41
alimemazina	6
alimenta	2
alimentaban	2
alimentación	277
alimentados	5
alimentan	6
alimentar	4
alimentaria	77
alimentarias	80
alimentario	43
alimentarios	30
alimentarlos	2
alimentarse	29
alimente	3
alimenticia	2
alimenticias	6
alimenticio	4
alimenticios	34
alimento	242
alimentos	1598
alimentándose	2
alina	5
alineado	3
alineador	22
alinear	3
alinearon	2
alirocumab	131
aliskiren	148
aliskireno	163
aliskirén	209
alitretinoína	49
alivia	60
aliviado	16
alivian	39
aliviando	11
aliviar	253
aliviarle	3
aliviarlos	4
aliviarse	10
alivie	2
alivien	2
alivio	730
alivió	5
alk	429
alka	6
all	31
alla	2
allan	2
allele	2
allelle	2
allergeaze	7
allhat	16
allopurinol	2
allstar	4
allura	7
allá	205
allí	39
almacena	58
almacenada	4
almacenadas	7
almacenado	12
almacenamiento	65
almacenan	10
almacenar	32
almacenarla	2
almacenarlo	5
almacenarlos	2
almacenarse	8
almacenará	2
almacene	8
almagato	13
almasilato	7
almax	4
almejas	2
almendras	3
almidones	9
almidón	50
almirall	2
almogran	2
almohada	19
almohadilla	8
almohadillas	4
almotriptán	16
almuerzo	11
aln	22
alocado	8
alodermis	12
alodinia	6
aloe	2
alofisel	34
alogenico	2
alogliptina	284
alogénica	8
alogénicas	6
alogénico	235
alogénicob	3
alogénicos	8
aloinjerto	41
aloinjertos	9
aloinmunización	2
alojado	5
alojamiento	7
alojarse	2
alojarán	2
alone	56
alopecia	731
alopeciad	2
alopurinol	134
alos	10
alostérica	7
alostérico	7
alostéricos	3
alotph	3
alotransplante	2
alotrasplante	22
alp	65
alpelisib	30
alpers	3
alpha	20
alphagan	15
alpine	4
alprazolam	30
alprolix	17
alprostadil	18
alps	4
alpt	3
alquil	3
alquilación	8
alquilaminas	11
alquilante	45
alquilantes	62
alquilsulfonatos	2
alquitranadas	8
alquitranes	2
alquitrán	7
alrededor	516
alrededores	3
als	4
alsfrs	3
alsympca	8
alt	1884
alta	2175
altab	3
altac	2
altair	3
altamente	242
altan	7
altas	1727
altasa	2
altavoz	4
altb	6
altc	4
alteplasa	57
altera	116
alteracio	2
alteracion	6
alteraciones	4367
alteración	2292
alterada	324
alteradacon	2
alteradas	35
alterado	78
alterados	24
alteran	39
alterando	10
alterar	230
alteraron	4
alterarse	19
altere	3
alteren	19
alterna	4
alternada	4
alternado	7
alternancia	4
alternando	26
alternante	14
alternar	45
alternaria	4
alternarse	8
alternas	113
alternaticas	2
alternativa	398
alternativamente	57
alternativas	250
alternative	2
alternativo	454
alternativos	450
alternativose	3
alternativosg	3
alternen	2
alternos	90
alteró	8
althaea	2
altibajos	2
altitud	34
altitude	53
altizida	7
alto	2239
altos	949
altura	167
alturas	2
altuvoct	37
alucinaciones	520
alucinacionesa	2
alucinación	78
alucinógenas	2
alucinógenos	137
alud	11
aluden	2
alumbramiento	9
aluminio	147
alunbrig	124
alutard	78
alveolar	77
alveolares	7
alveolitis	50
alveolo	3
alveolos	34
alvesco	10
alvéolo	3
alvéolos	11
alyftrek	10
alz	8
alza	24
alzheimer	222
alélica	14
alélicas	2
alélico	3
alérgeno	39
alérgenos	130
alérgica	991
alérgicas	1377
alérgico	212
alérgicos	165
alícuotas	3
am	61
ama	6
amagine	19
amamanta	3
amamantados	4
amamantando	25
amamantar	19
amanecer	3
amantadina	49
amantadine	2
amapola	10
amaranto	12
amarga	4
amargas	6
amargo	25
amarilla	75
amarillas	5
amarillenta	41
amarillento	34
amarillentos	4
amarillo	120
amarillos	11
amarronado	2
amaryl	16
amaurosis	10
amazonensis	4
ambas	532
amber	7
ambiental	50
ambientales	56
ambiente	162
ambientes	9
ambiguos	2
ambition	3
ambler	18
ambliopía	55
ambos	1954
ambrisentan	96
ambrisentán	27
ambroxol	8
ambulación	6
ambulancia	64
ambulantes	10
ambular	2
ambulatoria	72
ambulatorias	10
ambulatorio	38
ambulatorios	41
amchafibrin	6
amd	5
amdaa	69
ame	131
amebas	2
amebiana	5
amebianas	2
amebiano	3
amebiasis	22
amec	6
amedia	3
amedias	2
amekrin	3
amenacen	4
amenaza	107
amenazado	2
amenazados	2
amenazan	11
amenazante	22
amenazantes	47
amenazar	27
amenazas	5
amenorrea	263
amenorreas	4
amenorreica	4
amenorreicas	5
amenorréica	2
amento	2
america	8
american	67
americana	49
americanas	3
americano	55
americanos	29
ameride	20
ames	2
ametralladora	45
amf	5
amfenaco	2
amfotericina	44
amgp	4
amh	88
amico	2
amida	47
amidas	17
amido	3
amidotrizoato	5
amifampridina	34
amifostina	10
amigdalar	4
amigdalectomía	13
amigdalina	2
amigdalitis	116
amigo	29
amigos	73
amikacina	33
amilasa	305
amilasab	4
amilasas	2
amilcinamaldehído	10
amilina	5
amilmetacresol	12
amilo	4
amiloide	132
amiloidea	4
amiloides	6
amiloidogénico	2
amiloidosis	162
amiloidótica	5
amilolítica	2
amilorida	34
amina	11
aminas	44
amino	31
aminoaciduria	3
aminoacil	8
aminoacídicas	2
aminoalquil	2
aminoarabinosa	2
aminobenzoico	19
aminobenzóico	2
aminobutírico	17
aminocaproico	2
aminoderivados	18
aminofenol	26
aminofilina	30
aminoglicósido	2
aminoglicósidos	6
aminoglucósido	28
aminoglucósidos	219
aminoglutetimida	2
aminohipúrico	3
aminolevulinato	5
aminolevulínico	6
aminooxidasa	3
aminoquinolina	2
aminoquinolinas	3
aminora	2
aminosalicilatos	27
aminosalicílico	23
aminoterminal	4
aminotiólicos	2
aminotranferasa	5
aminotransaminasa	3
aminotransferasa	1215
aminotransferasaa	2
aminotransferasac	2
aminotransferasas	193
aminotransferase	2
aminoácido	57
aminoácidos	344
amiodarona	157
amiotrofia	7
amiotrófica	23
amistades	3
amisulprida	42
amitriptilina	43
amivantamab	101
amivas	10
aml	9
amlodipine	3
amlodipino	854
ammonaps	17
amnesia	217
amniocentesis	46
amnios	5
amnióticas	107
amniótico	76
amnióticos	40
amnésica	2
amnésico	12
amnésicos	22
amodorramiento	2
amoniaco	62
amonio	43
amoníaco	84
amor	3
amoratada	10
amorolfina	4
amortigua	13
amortiguada	2
amortiguador	6
amortiguan	3
amoxicilina	104
amp	33
ampa	11
ampc	40
ampicilina	111
amplia	121
ampliación	64
ampliada	40
ampliado	34
ampliados	11
ampliamente	69
ampliando	3
ampliar	19
ampliarse	10
amplias	22
amplicor	9
amplificación	84
amplify	19
amplio	234
amplios	20
ampliprep	7
amplitud	52
amplió	3
amplía	6
ampolla	690
ampollar	11
ampollares	4
ampollas	248
ampollosa	44
ampollosas	40
ampolloso	44
ampollosos	4
amprenavir	40
ampres	3
amputaciones	28
amputación	1132
amputados	2
amputarle	2
amrubicina	2
ams	19
amsacrina	23
amsler	4
amvuttra	57
amyvid	20
américa	50
amígdala	10
amígdalas	78
amónico	2
an	28
ana	35
anabolismo	2
anabolizante	3
anabolizantes	31
anabólica	2
anabólicas	5
anabólico	6
anabólicos	35
anacardos	2
anacaulase	2
anadida	5
anaerobia	3
anaerobias	28
anaerobios	101
anaerobius	2
anaeróbia	3
anaeróbias	3
anaeróbicas	11
anaeróbico	2
anaeróbicos	3
anafase	2
anafilactica	4
anafilacticas	9
anafilactoi	2
anafilactoide	144
anafilactoideb	2
anafilactoides	376
anafilatoxina	2
anafilaxia	662
anafilaxiaa	2
anafilaxias	2
anafilaxis	157
anafiláctica	675
anafilácticaa	7
anafilácticab	5
anafilácticad	2
anafilácticas	799
anafiláctico	442
anafilácticoc	2
anafilácticos	9
anafiláctoides	2
anafiláticas	3
anafilático	2
anafranil	8
anagrelida	55
anakinra	47
anal	266
anales	54
analgesia	167
analgesicos	2
analgilasa	5
analgésica	82
analgésicas	43
analgésico	260
analgésicos	531
analice	4
analicen	4
analisis	24
analiticas	2
analitos	3
analiza	87
analizaba	2
analizables	2
analizada	35
analizadas	42
analizado	43
analizador	6
analizados	87
analizan	55
analizando	13
analizar	138
analizarla	10
analizarlo	8
analizarlos	2
analizaron	104
analizarse	15
analizará	27
analizarán	3
analizó	92
analogue	2
analysis	15
analépticos	26
analítica	57
analíticamente	4
analíticas	309
analítico	83
analíticos	113
analógica	53
anamnesis	32
anamnésica	21
anamnésicas	2
anaplásico	73
anaranjado	69
anastomosis	26
anastomótica	6
anastrozol	41
anastrozole	2
anatomopatológica	4
anatomopatológico	3
anatomopatológicos	5
anatomía	26
anatómica	30
anatómicamente	14
anatómicas	34
anatómico	12
anatómicos	50
anc	41
anca	53
ancestral	14
ancha	6
anchas	2
ancho	31
anchor	25
anchos	3
anchura	2
anciana	7
ancianas	8
anciano	7
ancianos	540
anclada	7
anclado	2
anclaje	8
ancova	111
and	286
anda	4
andador	3
andadores	6
andamio	7
andar	24
andembry	26
andersen	3
anderson	5
andes	5
andexanet	80
androcur	47
androgenización	5
androgenética	3
androgénica	53
androgénicas	2
androgénico	18
androgénicos	27
androstenodiona	4
andrógeno	22
andrógenos	162
andusomerán	10
anecdótica	3
anejos	13
anemia	3047
anemiaa	13
anemiaaw	2
anemiab	12
anemiac	2
anemiad	2
anemiae	4
anemiah	2
anemias	64
anencefalia	20
anergia	2
anestesia	1164
anestesiado	6
anestesiados	11
anestesiar	7
anestesias	3
anestesie	4
anestesien	2
anestesiología	12
anestesista	40
anestesistas	5
anestesiólogo	8
anestesiólogos	4
anesthesia	2
anestésica	48
anestésicas	13
anestésico	356
anestésicos	484
anetodermia	2
aneuploidia	2
aneurisma	169
aneurismas	77
aneurismático	33
aneurol	2
anexate	25
anexo	21
anexos	139
aneyaculación	2
anfetamina	11
anfetaminas	54
anfetamínico	5
anfibio	6
anfibios	18
anfotericina	27
ang	21
angeliq	15
angeítis	5
angina	910
angineurótico	5
anginoso	6
anginosus	16
angio	4
angiocardiogammagrafía	2
angiocardiografía	31
angiodema	12
angiodisplasia	6
angioedema	1801
angioedemaa	9
angioedemab	8
angioedemac	3
angioedemad	2
angioedemas	6
angioesterometría	2
angiogammagrafía	2
angiografía	107
angiografías	3
angiograma	3
angiográfica	6
angiográficamente	2
angiográficas	12
angiográficos	5
angiogénesis	30
angiogénica	2
angiogénicos	5
angioides	2
angioinmunoblástica	2
angioinmunoblástico	4
angioneurótico	152
angiopatía	18
angioplastia	40
angioplastía	8
angiopoyetina	3
angiosarcoma	2
angiotensin	3
angiotensina	1883
angiotensinaaldosterona	2
angiotensinógeno	17
angiotesina	13
angistop	4
angitis	2
angle	5
anglo	5
angor	6
angostas	3
angosto	3
angostos	2
angrado	3
angulación	6
angular	10
angustia	80
angustiado	3
angustiante	2
angustifolia	10
angustiosa	4
anhedonia	3
anhidra	19
anhidrasa	94
anhidro	15
anhidroglucitol	5
anhidrosis	9
anhidrótico	6
anhídrido	4
anictérica	3
anidulafungina	63
anifrolumab	58
anilidas	9
anilina	2
anillados	2
anillo	253
anillos	24
anima	4
animadas	7
animado	2
animal	647
animales	503
animar	9
anime	3
animó	2
aniones	15
aniseiconia	2
anisometropía	2
anisílico	5
anithistamínicos	2
anión	17
aniónica	33
aniónico	130
aniónicos	4
ankylosing	15
ann	15
annexa	6
annoyed	8
ano	438
anochecer	4
anogenital	6
anogenitales	2
anomalía	379
anomalías	988
anonimato	3
anorectal	3
anorectales	2
anorexia	492
anorexiaa	2
anorexias	2
anorexígenos	4
anorgasmia	13
anormal	964
anormala	2
anormalb	3
anormales	844
anormalidad	37
anormalidades	158
anormalmente	40
anoro	37
anorrectal	24
anorrectales	10
anoréxicos	4
anoscopia	25
anoscopio	15
anoscopía	2
anosmia	14
anotada	2
anotar	5
anotarse	2
anote	7
anova	5
anovulación	38
anovulatorio	2
anovulatorios	2
anoxia	7
anquilosante	279
anquilosis	46
anquilostomas	2
anquilostomiasis	6
anrs	3
ansatipin	10
ansia	6
ansias	7
ansiedad	1380
ansiedada	2
ansiedades	2
ansiogénico	2
ansiolítica	12
ansiolíticas	11
ansiolítico	15
ansiolíticos	133
ansiosa	4
ansiosas	3
ansioso	17
ansiosos	8
ansium	2
anso	6
ant	6
antabus	17
antabús	3
antagonismo	78
antagonist	2
antagonista	639
antagonistas	1326
antagoniza	30
antagonizaba	2
antagonizada	4
antagonizados	2
antagonizan	3
antagonizando	3
antagonizar	12
antagonizó	4
antagónica	2
antagónico	4
antagónicos	5
antalgin	25
antazolina	3
ante	356
antebrazo	2356
antebrazos	7
antecedente	58
antecedentes	3572
antecendentes	4
antecubital	5
antedicho	3
antelación	44
antemano	19
antenatal	11
anteojos	45
anteparto	33
anterior	2656
anteriores	599
anterioridad	85
anteriormene	2
anteriormente	555
anterolateral	18
anterógrada	68
antes	10244
anthoxanthum	2
anthracis	12
anti	2025
antiabaloparatida	3
antiacidos	2
antiacné	3
antiacnéicos	3
antiacuaporina	3
antiadherente	9
antiadrenérgicos	4
antiagregante	52
antiagregantes	101
antialdosterona	2
antialérgica	8
antialérgicas	6
antialérgico	8
antialérgicos	40
antiamivantamab	2
antianabólica	3
antianafiláctica	2
antianafilácticas	2
antiandrogéni	2
antiandrogénica	9
antiandrogénicas	6
antiandrogénico	6
antiandrogénicos	4
antiandrógena	2
antiandrógeno	8
antiandrógenos	42
antianginosa	5
antianginosas	6
antianginoso	4
antianginosos	15
antiangiogénica	3
antiangiogénicas	4
antiangiogénico	6
antiangiogénicos	2
antianémicas	2
antianémico	2
antianémicos	11
antiarritmicos	3
antiarrítmica	2
antiarrítmicas	4
antiarrítmico	26
antiarrítmicos	201
antiarterioscleróticos	26
antiasmático	2
antiasmáticos	32
antiateroscleróticos	2
antibacteriana	102
antibacterianas	14
antibacteriano	108
antibacterianos	483
antibelimumab	5
antibezlotoxumab	3
antibiograma	8
antibiogramas	10
antibioterapia	6
antibiotice	3
antibioticos	4
antibiótica	30
antibióticas	2
antibiótico	313
antibióticos	1146
antibodies	2
antibrodalumab	2
anticancerosa	4
anticancerosas	6
anticanceroso	18
anticancerosos	19
anticancerígena	8
anticancerígeno	5
anticancerígenos	20
anticapsulares	2
anticardiolipina	22
anticaspa	2
anticinetósica	5
anticipa	5
anticipación	12
anticipada	16
anticipadamente	9
anticipadas	3
anticipado	17
anticipan	3
anticipar	3
anticiparse	5
anticipe	2
anticitocina	3
anticitocinas	4
anticitoplasma	5
anticitoplasmáticos	2
anticitoquinas	13
anticoagulación	104
anticoagulada	3
anticoagulado	5
anticoagulados	3
anticoagulante	373
anticoagulantes	534
anticoagular	2
anticolinesterasa	3
anticolinesterásicos	38
anticolinérgica	72
anticolinérgicas	48
anticolinérgico	77
anticolinérgicos	236
anticoncepción	202
anticonceptiva	81
anticonceptivas	127
anticonceptivo	513
anticonceptivos	816
anticongelante	3
anticongestiva	3
anticonvulsionante	3
anticonvulsionantes	2
anticonvulsiva	15
anticonvulsivante	33
anticonvulsivantes	67
anticonvulsivas	6
anticonvulsivo	13
anticonvulsivos	79
anticrisis	2
anticude	4
anticuerpo	525
anticuerpos	3650
anticáncer	3
anticíclico	2
antidemencia	3
antidepresiva	21
antidepresivas	3
antidepresivo	69
antidepresivos	674
antidiabética	26
antidiabéticas	14
antidiabético	89
antidiabéticos	209
antidiarreica	7
antidiarreicas	2
antidiarreico	25
antidiarreicos	96
antidiarréico	3
antidiftérica	12
antidiurética	104
antidiuréticac	2
antidiurético	7
antidonante	2
antidopaje	22
antidopaminérgica	2
antidopaminérgicas	3
antidopaminérgicos	6
antidulaglutida	6
antiedematoso	2
antiemética	34
antieméticas	11
antiemético	63
antieméticos	127
antiendomisiales	2
antiepiléptica	10
antiepiléptico	44
antiepilépticos	318
antieptinezumab	2
antierenumab	3
antieritropoyetina	6
antieritropoyetínicos	2
antiespasmódico	6
antiespasmódicos	12
antiespástica	3
antiespásticos	3
antiestrogénica	6
antiestrogénico	5
antiestrogénicos	2
antiestrógeno	3
antiestrógenos	35
antiestrógénos	2
antiestásica	2
antievolocumab	2
antifibrinolítico	3
antifibrinolíticos	8
antifibrógenas	2
antifibróticos	2
antiflatulenta	2
antiflatulentas	2
antiflatulento	2
antiflogístico	4
antifolato	2
antifosfolipídico	13
antifosfolipídicos	3
antifosfolípido	3
antifosfolípidos	11
antifungal	2
antifungicos	2
antifármaco	142
antifármacos	4
antifúngica	36
antifúngicas	2
antifúngico	45
antifúngicos	173
antigenicidad	2
antigenos	2
antiglaucoma	12
antiglaucomatoso	8
antiglaucomatosos	2
antiglobulina	28
antiglobulinas	2
antiglucocorticoide	4
antiglucocorticoidea	2
antigonadotropinas	24
antigonadotrófica	2
antigonadotrópica	4
antigonadotrópicas	2
antigonadotrópico	2
antigonadotrópicos	4
antigotoso	2
antigotosos	5
antigripal	22
antigripales	12
antigua	11
antiguamente	3
antiguas	4
antiguo	83
antiguos	48
antigénica	3
antigénico	21
antigénicos	3
antihelmíntico	12
antihelmínticos	28
antihemofílicos	6
antihemorroidal	12
antihemorroidales	2
antihemorrágico	3
antihemorrágicos	33
antihemostáticos	4
antihepatitis	20
antihiperglucemiante	10
antihiperglucemianteb	3
antihiperglucemiantes	37
antihiperglucémico	14
antihiperglucémicos	22
antihiperlipémicos	26
antihipertensiva	111
antihipertensivas	11
antihipertensivo	399
antihipertensivos	335
antihipertensor	17
antihipertensora	4
antihipertensores	16
antihipertensos	2
antihiperuricémico	5
antihiperuricémicos	6
antihistamínica	19
antihistamínicas	6
antihistamínico	138
antihistamínicos	405
antihistona	2
antihormonal	6
antihypertensive	10
antiidarucizumab	4
antiinfecciosa	6
antiinfeccioso	12
antiinfecciosos	171
antiinflamatoria	113
antiinflamatorias	60
antiinflamatorio	82
antiinflamatorios	501
antiinsulina	5
antiisquémica	4
antiisquémicos	7
antikaliuréticos	4
antileucémica	4
antileucémicas	2
antileucémico	7
antileucémicos	2
antilinfocítica	3
antilogaritmo	3
antiluspatercept	6
antimalárica	2
antimalárico	2
antimaláricos	18
antimedicamento	6
antimeningocócica	14
antimeningocócicas	6
antimepolizumab	4
antimetabolito	10
antimetabolitos	17
antimiasténico	4
antimicobacteriana	3
antimicobacteriano	10
antimicobacterianos	46
antimicrobial	42
antimicrobiana	65
antimicrobianas	3
antimicrobiano	35
antimicrobianos	64
antimicótica	4
antimicótico	18
antimicóticos	37
antimieloma	9
antimigrañosas	3
antimigrañosos	6
antimineralcorticoide	2
antimineralcorticoides	2
antimineralocorticoide	2
antimineralocorticoides	3
antimitótica	3
antimitótico	4
antimitóticos	3
antimoniales	6
antimoniato	8
antimonio	9
antimorfínicos	2
antimulleriana	3
antimurinos	3
antimuscarínica	7
antimuscarínicas	11
antimuscarínico	7
antimuscarínicos	47
antimúsculo	4
antimülleriana	4
antinatalizumab	2
antinauseosos	8
antineoplásica	70
antineoplásicas	7
antineoplásico	387
antineoplásicos	390
antineoplásticos	4
antineovascularización	5
antineumocócica	27
antineutrófilos	2
antinfecciosos	2
antinflamatorias	2
antinflamatorios	8
antinociceptivo	15
antinuclear	9
antinucleares	80
antiobesidad	2
antiobsesivos	4
antioxidante	30
antioxidantes	23
antipaludicos	2
antipalúdica	3
antipalúdico	9
antipalúdicos	51
antiparasitaria	6
antiparasitario	4
antiparasitarios	67
antiparatiroideos	3
antiparkinsoniana	17
antiparkinsoniano	12
antiparkinsonianos	76
antiparotiditis	6
antiperistálticos	7
antipersona	6
antipertussis	2
antipireticos	2
antipirina	3
antipirética	22
antipiréticas	39
antipirético	81
antipiréticos	188
antiplaquetaria	13
antiplaquetario	24
antiplaquetarios	44
antiplasmina	9
antipoliomielítica	5
antiproliferativa	13
antiproliferativas	23
antiproliferativo	6
antiproliferativos	5
antipropulsivo	2
antiproteasa	2
antiproteínas	2
antiprotozoaria	2
antiprotozoarios	33
antipruriginosa	5
antipruriginosas	10
antipruriginoso	5
antipruriginosos	21
antipruríticas	2
antipruríticos	9
antipsicótica	14
antipsicóticas	3
antipsicótico	78
antipsicóticos	479
antipsoriásicos	7
antipuriginosa	2
antipéptido	4
antiretroviral	9
antiretrovirales	6
antirreabsortiva	2
antirreflujo	4
antirresortiva	3
antirresortivo	4
antirretorno	4
antirretroceso	2
antirretroviral	582
antirretrovirales	321
antirretrovírica	2
antirretrovírico	2
antirreumático	34
antirreumáticos	149
antirrotavirus	5
antirrábica	19
antirubéola	5
antisarampión	5
antisarro	2
antiseborreicas	2
antisecretor	6
antisecretora	4
antisecretores	2
antisemaglutida	3
antisentido	16
antisepsia	7
antiserotoninérgicas	2
antiserotoninérgico	7
antisocial	5
antispicóticos	2
antisuero	2
antiséptica	20
antisépticas	13
antiséptico	61
antisépticos	39
antitemblores	2
antiterapéuticos	13
antitetánica	38
antitetánicos	3
antitimocitos	6
antitimocítica	14
antitiroglobulina	3
antitiroidea	7
antitiroideo	14
antitiroideos	63
antitnf	4
antitos	19
antitoxina	5
antitoxinas	3
antitripsina	55
antitrombina	103
antitrombótica	23
antitrombóticas	11
antitrombótico	49
antitrombóticos	90
antituberculosis	2
antituberculoso	27
antituberculosos	39
antitumoral	132
antitumorales	25
antitusivo	26
antitusivos	7
antitusígena	6
antitusígeno	12
antitusígenos	35
antitérmica	13
antiulcerosos	6
antivaricela	20
antivaricosa	2
antivaricosos	26
antivertiginosa	5
antivertiginoso	7
antivertiginosos	3
antiviral	391
antivirales	293
antivírica	14
antivírico	10
antivíricos	9
antiácida	6
antiácidas	2
antiácido	14
antiácidos	133
antojos	4
antracenodionas	15
antraciclina	111
antraciclinas	204
antracénicos	7
antral	4
antraquinonas	8
antro	3
antrona	11
antronas	2
antropométricas	2
antídoto	24
antídotos	41
antígeno	403
antígenos	173
anual	173
anuales	28
anualizada	190
anualizadas	14
anualizado	10
anualizados	2
anualmente	80
anula	2
anular	735
anularse	2
anuncios	3
anuria	84
anvr	3
anxiety	5
anzupgo	10
anális	3
análisis	7556
análoga	11
análogamente	3
análogas	3
análogo	229
análogos	519
anémicos	19
anémona	17
anímico	2
anímicos	6
anómala	101
anómalas	34
anómalo	48
anómalos	103
anónima	5
anónimo	4
anónimos	2
anúrica	2
anúricos	2
ao	2
aoc	176
aocs	33
aom	2
aor	7
aorr	2
aorta	908
aortitis	16
aorto	3
aortocoronaria	6
aortografía	14
aortografías	2
aos	59
ap	36
apache	18
apacientes	5
apagado	3
apalutamida	52
aparato	1238
aparatos	101
apareados	2
apareamientos	22
aparece	468
aparecen	887
aparecer	1193
aparecerá	4
aparecerán	6
aparecezcan	2
aparecida	6
aparecidas	12
aparecido	69
aparecidos	22
apareciendo	13
apareciera	25
aparecieran	30
aparecieron	148
apareciese	8
apareciesen	12
apareció	66
aparecía	6
aparecían	10
aparente	184
aparentemente	46
aparentes	21
aparezca	120
aparezcan	158
aparicion	12
apariciones	4
aparición	4018
apariencia	57
apartado	172
apartados	14
apartamento	6
aparte	64
apatia	2
apatía	65
apc	10
apcc	4
apcr	23
apdo	2
ape	61
apenas	34
apendectomía	2
apendice	2
apendicectomía	3
apendicitis	139
apendicular	7
aperitivo	2
aperitivos	2
apertura	116
apetencia	2
apetito	1109
apetitoe	2
apex	17
apg	5
aph	5
aphinity	33
apical	2
apidra	42
apih	4
apio	2
apiospermum	3
apirógena	3
apirógeno	11
apis	39
apix	6
apixaban	5
apixabán	277
aplanación	2
aplanamiento	11
aplasia	145
aplastado	52
aplastamiento	513
aplastar	7
aplastarlas	2
aplastarse	3
aplaste	2
aplazada	2
aplazado	15
aplazamiento	268
aplazamientos	2
aplazar	76
aplazarse	3
aplica	193
aplicable	296
aplicables	66
aplicaciones	91
aplicación	1042
aplicacióna	2
aplicada	35
aplicadas	14
aplicado	53
aplicador	80
aplicados	25
aplican	92
aplicando	31
aplicar	488
aplicara	2
aplicarla	2
aplicarle	2
aplicarlo	6
aplicaron	12
aplicarse	194
aplicará	42
aplicarán	4
aplicaría	2
aplicase	2
aplicándose	3
aplicó	36
aplique	53
apliquen	10
aplus	12
aplásica	218
aplásicaa	3
aplásicas	4
aplástica	8
aplíquese	3
apnea	313
apo	107
apoa	7
apoai	2
apoal	2
apob	86
apoc	15
apocard	10
apocrinos	2
apoderado	2
apoe	34
apoferritina	2
apolipoproteina	2
apolipoproteína	53
apolipoproteínas	2
apollo	4
apomorfina	50
apoplejía	19
apoproteina	2
apoproteína	6
apoproteínas	6
apoptosis	82
apoptótica	6
aporta	33
aportación	5
aportada	7
aportado	2
aportados	5
aportan	13
aportando	3
aportar	8
aportaron	5
aporte	164
aportes	3
aportó	6
aposición	2
apoya	21
apoyada	6
apoyado	8
apoyados	10
apoyan	42
apoyar	34
apoyaron	5
apoyarse	3
apoye	9
apoyen	14
apoyo	411
apoyos	3
apoyó	4
app	5
appear	4
apply	6
appoint	6
approach	19
apr	7
apraclonidina	7
apraxia	10
aprecia	11
apreciable	22
apreciablemente	2
apreciables	4
apreciado	7
aprecian	6
apreciar	2
apreciara	2
apreciaron	10
apreciarse	4
apreció	7
apremiante	2
apremilast	166
aprenda	45
aprende	8
aprenden	4
aprender	96
aprenderá	3
aprendido	4
aprendiendo	3
aprendizaje	105
aprensión	3
aprepitant	111
apretadas	2
apretados	4
apretando	4
apretar	11
aprieta	7
aprietan	3
apriete	6
aprieten	2
aprn	5
aprobacion	2
aprobación	159
aprobada	92
aprobadas	69
aprobado	37
aprobados	46
aprobó	3
apromedio	4
apropiada	269
apropiadamente	15
apropiadas	186
apropiado	633
apropiados	196
apropriada	2
aprotinina	11
aprovechar	10
aprox	48
aproxima	13
aproximación	34
aproximada	67
aproximadamente	2724
aproximado	45
aproximados	7
aproximan	3
aproximen	2
aproximó	2
aproxxamlo	14
aprpa	2
aps	79
apsj	20
apsr	5
apta	9
aptas	2
aptc	4
aptialismo	2
aptitud	4
aptitudes	3
aptivus	84
apto	14
aptos	134
aptt	18
apuede	2
apuestas	3
apunta	3
apuntan	7
apuntar	5
apunte	9
apv	7
apéndice	750
apófisis	707
apósito	232
apósitos	36
aql	2
aqlq	27
aquagen	2
aquejados	3
aquejan	2
aquejaron	6
aquel	21
aquella	18
aquellas	258
aquellos	1853
aquiles	80
aquipt	3
aquipta	22
aquéllas	3
aquéllos	47
aquí	292
ar	236
ara	160
arabinósido	2
arac	12
arachis	4
aracitina	2
aracniforme	2
aracnoidal	2
aracnoidea	2
aracnoiditis	13
arador	2
araii	67
araiis	3
aramis	7
aran	2
aranesp	69
aranote	6
araquidónico	21
aras	15
arasens	5
araña	41
arañado	6
arañas	26
arañazo	14
arañazos	6
arbor	13
arbs	2
arbustos	2
arbutina	2
arc	28
arcada	4
arcadas	34
arcadia	41
arce	4
arch	2
archer	6
arches	7
archivada	2
archivado	2
archivo	10
arcilla	6
arco	293
arcoxia	5
arctostaphylos	2
arcuato	2
ardiendo	30
ardiente	3
ardilla	11
ardine	6
ardor	287
ards	3
are	42
area	22
areacciones	2
areata	61
arena	13
arenavirus	3
arenillas	2
areola	11
ares	15
arexvy	36
arg	6
arganova	55
argatroban	11
argenpal	4
arginasa	7
arginato	3
arginina	118
argininosuccinato	4
argipresina	28
argiria	2
argirosis	5
arglp	2
argumentos	2
argéntica	7
argéntico	2
argón	2
aria	250
aricept	17
ariceptcomprimidos	2
ariel	2
aries	16
arilacéticos	2
arilamina	3
arilsulfatasa	4
arimidex	69
aripiprazol	179
aris	3
aristo	8
aristotle	7
aritmética	4
arixtra	14
arizona	3
arkopharma	2
arm	26
arma	174
armadas	11
armas	412
armaya	2
armazón	10
armónica	3
armónico	2
arn	974
arni	5
arnip	3
arnm	399
arno	2
arnold	6
arnpi	2
arnr	6
arnt	3
arnv	6
aroma	3
aromasil	32
aromatasa	95
aromático	7
aromáticos	52
arp	9
arqueado	2
arqueamiento	107
arquitectura	4
arr	5
arrancamiento	99
arrastra	6
arrastrada	10
arrastrado	68
arrastrados	3
arrastrando	6
arrastrar	3
arrastre	8
arrastrándose	5
array	14
arreflexia	5
arreglo	42
arresto	2
arriba	247
arriesgadas	2
arritmia	622
arritmiaa	2
arritmiap	2
arritmias	746
arritmogénica	3
arritmogénicas	3
arritmogénico	7
arritmogénicos	5
arritmógenos	4
arrojado	57
arrojar	4
arrojaron	4
arrojen	2
arrojó	5
arrow	18
arroyos	3
arroz	15
arruga	5
arrugada	2
arrugas	12
arrítmia	2
arrítmias	3
arrítmicos	7
arsa	35
arsénico	139
art	18
artane	10
arte	4
artedil	3
artefacto	2
artefactos	19
artemetero	3
artemis	26
artemisinina	4
artemisininas	4
arteméter	4
artenimol	6
arteria	13992
arterial	4867
arteriale	2
arteriales	302
arterialesa	2
arterias	1694
arterio	6
arterioesclerosis	28
arterioespasmo	7
arterioespasmos	2
arteriografía	86
arteriografías	2
arteriola	2
arteriolar	15
arteriolares	3
arteriolas	45
arteriopatía	55
arteriopatías	3
arteriosclerosa	2
arteriosclerosis	29
arteriosclerótica	2
arterioso	51
arteriospasmo	5
arteriovenosa	62
arteriovenosas	26
arteriovenoso	3
arteritis	58
arterítica	20
artes	2
artesunate	2
artesunato	50
arthritis	6
arthus	5
articaína	18
articulaciones	972
articulación	9125
articulada	2
articulado	8
articular	764
articulares	114
artific	3
artificial	6648
artificiales	64
artificialmente	5
artillería	18
artiss	45
artralgia	914
artralgiaa	3
artralgias	53
artritis	2295
artritisat	2
artritisj	2
artritisy	2
artrocentesis	4
artrodesis	3
artrografía	23
artromialgia	3
artropatia	2
artropatía	241
artropatías	140
artroplastia	3
artroplastias	2
artroscopia	8
artrosis	188
artrotec	20
artrítica	33
artríticas	2
artrítico	2
artríticos	3
artrópodo	25
artrópodos	7
arts	4
artículo	20
artículos	33
artística	2
arv	28
arveja	5
arvs	10
arándanos	2
as	59
asa	159
asacol	10
asar	4
asas	125
asasa	5
asat	93
asberg	3
asbesto	21
asbestosis	3
asc	158
asca	4
ascariasis	9
ascembl	11
ascend	29
ascendencia	40
ascendente	467
ascendentes	9
ascender	7
ascendientes	4
ascendieron	2
ascenso	22
ascienden	2
asciminib	120
ascites	2
ascitis	194
asclepios	9
ascorbato	5
ascot	13
asct	37
ascus	3
ascvd	7
ascítica	4
ascítico	2
ascórbico	76
asd	10
asdas	78
asdasc	2
ase	10
asearse	5
asegura	22
asegurada	8
asegurado	3
aseguran	6
asegurando	7
asegurar	360
asegurarlo	2
asegurarse	262
asegurará	4
asegurándose	11
asegúrate	2
asegúrele	2
asegúrese	159
asemeja	11
asemejan	6
asemejarse	2
asenapina	51
aseo	17
asepsia	6
asesinas	2
asesor	26
asesorados	2
asesoramiento	239
asesorar	9
asesorarles	3
asesorarse	2
asesore	2
asesores	7
asesoría	8
asex	4
asfixia	305
asfixiando	2
asfotasa	35
ashworth	7
asi	4
asia	108
asiaticósido	2
asienta	2
asientan	3
asiento	6
asientos	6
asignación	71
asignada	21
asignadas	27
asignado	93
asignados	257
asignan	3
asignar	14
asignaron	60
asignó	85
asimetría	6
asimilación	4
asimismo	368
asimétrica	13
asimétricas	3
asintomática	174
asintomáticas	143
asintomático	58
asintomáticos	200
asintótica	2
asintótico	3
asisten	3
asistencia	443
asistencial	15
asistenciales	18
asistencias	2
asistida	539
asistido	65
asistieron	2
asistir	8
asistirle	4
asistolia	11
asiática	195
asiáticas	24
asiático	82
asiáticoestadounidenses	2
asiáticos	386
asl	8
asma	1797
asmd	16
asmática	42
asmáticas	75
asmático	22
asmáticos	132
aso	8
asocia	382
asociaba	6
asociaban	3
asociaciones	29
asociación	923
asociada	1840
asociadas	1551
asociado	1775
asociados	1299
asocian	138
asociar	80
asociarlo	2
asociaron	147
asociarse	214
asociará	3
asocie	12
asocien	9
asoció	420
asolo	3
asp	21
asparagina	47
asparaginasa	171
aspart	11
asparta	52
aspartamo	51
aspartato	648
aspartatoaminotransferasa	2
aspartil	3
aspaveli	7
aspecto	81
aspectos	70
aspen	56
asperger	4
aspergillus	71
aspergilosis	87
aspifox	23
aspira	5
aspiraciones	8
aspiración	223
aspirado	47
aspiradora	4
aspirados	2
aspirando	2
aspirar	13
aspirativa	3
aspire	16
aspirin	2
aspirina	190
aspirinas	5
asplenia	10
aspártica	2
aspártico	8
asqol	12
asquenazíes	2
ass	21
assay	8
asselin	2
assent	5
assert	2
assessment	76
associated	6
association	95
asspimri	5
ast	1307
asta	2
astb	7
astct	36
astefor	12
astemizol	38
astenia	884
asteniaa	5
astenopia	8
astenopía	11
asteraceae	4
asterisco	15
asterixis	4
asteroides	2
asteráceas	4
asthma	8
astigmatismo	23
astilla	53
astral	44
astrazeneca	23
astringente	11
astringentes	39
astro	9
astrocitoma	14
astrocitos	4
astrum	14
astrágalo	302
asténicas	2
asténicos	7
asuma	2
asume	16
asumiendo	4
asumir	7
asumirse	4
asumió	4
asunción	2
asuntos	9
asustado	2
asustados	2
asustar	3
asustarlo	2
aséptica	209
asépticas	34
así	2062
asímismo	2
asístole	12
asódica	2
at	39
ata	11
atac	6
ataca	69
atacan	56
atacand	35
atacando	2
atacar	37
atacará	3
atalureno	59
atamax	6
ataque	534
ataquen	2
ataques	520
atarax	10
atasca	2
atascada	2
atascado	22
atascamiento	2
atascarse	3
ataxia	275
ataxias	3
atazanavir	451
atc	2243
atcc	5
atcs	3
atd	384
ate	15
atectura	24
atelectasia	16
atemperar	2
atempere	2
atencion	8
atención	2565
atender	9
atenderlo	3
atenderán	2
atendido	2
atendidos	4
atendiendo	15
atenerse	2
atenolol	92
atenta	14
atentamente	87
atento	14
atentos	60
atenuaba	3
atenuación	31
atenuada	33
atenuadas	77
atenuado	3
atenuados	55
atenuando	4
atenuar	21
atenuaron	3
atenuarse	3
atenuó	15
atenúa	11
atenúen	2
atepodín	10
aterciopelada	3
aterectomía	4
aterina	5
ateroembolismo	15
ateroesclerosis	37
ateroesclerótica	8
ateroescleróticos	4
aterogénicas	4
ateroma	7
ateromatosas	2
aterosclerosa	2
aterosclerosis	400
aterosclerótica	78
ateroscleróticas	9
aterotrombosis	2
aterotrombótica	11
aterotrombótico	8
aterotrombóticos	50
aterrador	2
aterrizaje	45
aterógeno	2
ates	23
atetosis	6
atetósicos	3
atezolizumab	284
atezolizumaba	4
athena	9
atherosclerosis	3
athos	3
ati	2
aticoantral	5
atienda	2
atiendan	2
atiende	2
atiii	8
atipia	4
ativ	6
atl	2
atlas	27
atleta	24
atletas	19
atletismo	9
atloaxoidea	2
atlántico	2
atm	5
atmosférica	31
atmosférico	2
atmosféricos	2
atmósfera	5
atodos	4
atogepant	33
atomoxetina	69
atonía	36
atopia	12
atopic	2
atopía	5
atorarse	3
atorvastatin	6
atorvastatina	370
atosiban	34
atovacuona	21
atovit	2
atp	63
atpasa	18
atph	3
atr	3
atra	28
atracción	3
atracones	25
atractivos	2
atracurio	17
atracón	15
atrae	3
atragantamiento	8
atragantarse	5
atrapa	3
atrapada	2
atrapadas	4
atrapado	83
atrapados	6
atrapamiento	31
atrapan	4
atrapar	5
atrasado	2
atraso	3
atrasos	2
atravesar	11
atraviesa	29
atrd	6
atresia	46
atrial	27
atribución	6
atribuible	83
atribuibles	100
atribuida	17
atribuidas	51
atribuido	39
atribuidos	19
atribuir	17
atribuirse	33
atribuye	32
atribuyen	21
atribuyeron	8
atribuyó	11
atrioventricular	56
atrofia	357
atrofiarse	2
atrofias	9
atropellado	6
atropina	103
atropínicas	2
atropínico	3
atropínicos	2
atrovent	12
atrás	94
atrófica	31
atróficas	27
atrófico	6
atróficos	8
ats	3
attack	11
attacks	2
attain	2
attr	47
attract	7
attrh	20
attribute	5
attrogy	3
attrv	12
attrwt	7
aturdidas	2
aturdido	16
aturdimiento	45
atv	31
atáxica	6
atímicos	5
atípica	140
atípicas	96
atípico	45
atípicos	122
atónica	2
atónicas	17
atópica	352
atópicas	12
atópico	12
atópicos	19
atún	6
au	5
aua	10
auc	215
aucgir	5
auctau	2
audc	34
audca	2
audición	510
audio	9
audiografía	4
audiograma	5
audiológica	2
audiometría	33
audiometrías	4
audiométricas	5
audiovisual	60
audit	8
auditiva	190
auditivas	40
auditivo	299
auditivos	41
audiólogo	4
audouinii	3
audífono	158
audífonos	42
audímetro	33
auer	2
augment	9
augmentation	3
augmentine	7
augustus	2
aula	3
aumenta	1605
aumentaba	23
aumentaban	9
aumentada	433
aumentadaa	3
aumentadab	2
aumentadas	98
aumentado	383
aumentadob	3
aumentador	2
aumentados	108
aumentan	442
aumentando	271
aumentar	2605
aumentara	4
aumentaran	3
aumentarla	20
aumentarlas	2
aumentaron	140
aumentarse	233
aumentará	68
aumentarán	8
aumentaría	3
aumentase	2
aumentativa	24
aumente	155
aumenten	77
aumento	10408
aumentos	1072
aumentándola	12
aumentándolo	2
aumentándose	9
aumentó	516
aun	63
aunque	2002
aura	116
auraex	8
aural	6
aureus	236
auricular	814
auriculares	25
auriculo	10
auriculoventricular	232
auriculoventriculares	3
auriculoventricularf	2
auris	2
aurora	14
aurovitas	10
aurícula	308
aurículas	7
aurículo	13
aurículoventricular	24
auscultación	5
ausencia	1338
ausencias	20
ausente	97
ausentes	96
australia	24
australiana	17
autismo	18
autista	25
auto	31
autoadministración	48
autoadministrada	2
autoadministrado	9
autoadministrar	2
autoadministraron	2
autoadministrarse	11
autoadministre	2
autoadministren	3
autoadministró	2
autoagreden	2
autoagresión	6
autoanticuerpo	5
autoanticuerpos	110
autoanálisis	2
autoasociación	3
autobuses	2
autobús	1109
autocontrol	20
autocontroles	4
autocuidado	2
autodestructivos	2
autodiagnóstico	2
autoestima	10
autoevaluación	3
autoexamen	5
autofluorescencia	4
autofonía	3
autofosforilación	9
autogel	7
autoimmune	5
autoinflamatoria	2
autoinflamatorio	5
autoinflamatorios	6
autoinfligida	6
autoinfligidas	245
autoinfligido	2
autoinjerto	11
autoinjertos	9
autoinmune	572
autoinmuneav	2
autoinmuned	2
autoinmunes	292
autoinmunidad	10
autoinmunitaria	83
autoinmunitarias	22
autoinmunitario	8
autoinmunitarios	58
autoinoculación	2
autoinyección	5
autoinyectable	5
autoinyectar	15
autoinyectarse	7
autoinyecte	3
autoinyecten	2
autoinyector	13
autolesiona	5
autolesionan	3
autolesionarse	4
autolesiones	21
autolesivo	2
autolesión	1335
autoleucel	11
autolimitada	4
autolimitadas	10
autolimitado	4
autolimitados	22
autolimitante	9
autolimitantes	3
autolisinas	2
autologo	4
automatismo	6
automatizada	6
automatizado	5
automedicación	19
automonitorización	2
automovilístico	7
automovilísticos	6
automutilación	2
automática	10
automáticamente	8
automático	21
automáticos	5
automóvil	38
automóviles	7
autonomía	10
autonómica	77
autonómicas	20
autonómico	2
autonómicos	5
autopen	2
autopistas	2
autoprueba	2
autopruebas	2
autopsia	14
autor	42
autora	24
autorecolección	5
autores	5
autoridad	7
autoridades	15
autorizaciones	2
autorización	2279
autorizada	105
autorizadas	58
autorizado	131
autorizados	29
autorizó	2
autorregulación	9
autosomas	7
autosómica	18
autosómico	7
autotemcel	10
autotrasplante	4
autovigilancia	4
auténticas	3
auténtico	5
autógena	5
autógenas	3
autógeno	12
autóloga	43
autólogas	14
autólogo	12790
autólogos	3
autónoma	38
autónomas	3
autónomo	121
autónomos	16
auxiliar	10
auxilios	19
auxina	8
auxológicos	2
av	209
avacopan	59
available	13
avala	3
avalada	5
avalado	2
avalan	7
avalancha	7
avalar	10
avalaron	2
avalen	21
avalglucosidasa	21
avalon	17
avalor	6
avanafilo	59
avance	25
avances	2
avanza	15
avanzad	3
avanzada	4229
avanzadas	56
avanzado	1273
avanzados	106
avanzan	2
avanzando	2
avanzar	9
avapritinib	110
avascular	4
avastin	293
avastina	4
avatrombopag	92
avc	6
avd	96
avelumab	130
avena	14
aver	2
avergonzado	4
avergonzar	2
averigua	4
averiguar	225
averigüe	10
averroes	8
aversivo	2
aversión	3
avería	14
aves	46
aviar	48
avibactam	62
avidart	53
avidez	2
avisa	3
avisados	6
avisar	29
avisarle	3
avisarse	4
avise	4
aviso	46
avispa	12
avispas	21
avispones	18
avium	20
avión	22
avk	87
avkb	2
avm	16
avmc	38
avo	5
avoiding	2
avonex	66
avp	2
avro	4
avt	4
avulsión	336
avv	13
avxs	8
ax	20
axetilo	5
axhidrox	9
axial	220
axiales	2
axicabtagene	4
axila	274
axilar	931
axilares	39
axilas	38
axis	21
axitinib	236
axl	3
axonal	8
axonales	2
axones	5
axumin	9
axónico	3
ay	16
ayuda	1010
ayudado	3
ayudan	316
ayudando	17
ayudar	1581
ayudarla	7
ayudarle	312
ayudarles	4
ayudarlo	32
ayudarse	2
ayudarte	5
ayudará	43
ayudarán	16
ayudas	6
ayude	31
ayuden	24
ayudó	4
ayunado	2
ayunar	122
ayunas	560
ayune	25
ayuno	86
ayvakyt	18
aza	65
azacitidina	178
azactam	5
azahar	3
azapeptídico	2
azar	104
azarga	32
azatioprina	152
azelaico	3
azelastina	6
azilsartán	23
azitromicina	36
azo	2
azoemia	16
azoico	5
azol	9
azoles	20
azoospermia	40
azorrubina	4
azotemia	52
azotermia	5
azt	2
aztreonam	73
azucarada	6
azucaradas	4
azucarado	4
azucarados	4
azufre	44
azul	115
azulada	12
azuladas	2
azulado	9
azules	5
azultis	10
azólicos	26
azúcar	263
azúcares	33
aérea	79
aéreas	114
aéreo	38
aéreos	6
añada	7
añadan	2
añade	77
añaden	10
añadida	153
añadidas	22
añadido	154
añadidos	44
añadiendo	11
añadieron	19
añadir	188
añadirlos	2
añadirse	28
añadirá	6
añadirán	2
añadió	88
añadía	8
año	3253
años	20527
añosa	11
añosb	3
añosc	6
aórtica	312
aórtico	194
aórticos	30
aún	467
b	5843
ba	580
baar	41
babear	2
babeo	10
babesia	3
babesiosis	8
babuino	2
baby	3
babyhaler	2
bac	15
bach	2
bacillus	42
bacilo	11
bacilos	36
bacilífero	4
bacitracina	12
back	2
baclofeno	20
bacteremia	13
bacteria	314
bacteriana	687
bacterianas	445
bacteriano	55
bacterianos	32
bacterias	885
bactericida	129
bactericidas	33
bacteriemia	182
bacteriemias	2
bacteriodes	2
bacteriológica	6
bacteriológico	4
bacteriológicos	3
bacteriostasis	4
bacteriostática	20
bacteriostáticas	2
bacteriostático	17
bacteriuria	14
bacteroides	42
bactroban	3
badls	3
bailar	4
baile	4
baja	3532
bajada	17
bajan	35
bajando	5
bajar	223
bajarlo	3
bajará	2
bajas	829
baje	9
bajen	7
bajo	4231
bajorin	3
bajos	764
baker	5
bala	2
balance	272
balanceada	11
balanceadas	16
balanceado	4
balanceados	3
balancear	4
balanceo	6
balanitis	55
balanopostitis	21
balanopostitisb	2
balas	55
balaton	12
balcón	6
baldes	2
ballico	2
baloncesto	8
balones	12
baloxavir	69
balsoprim	15
balversa	98
balón	487
bambec	10
bambuterol	5
bamlanivimab	2
bananas	3
banco	24
bancos	18
banda	22
bandas	10
bandeja	12
bandeo	2
banff	6
bangladesh	5
bannayan	2
bar	2
barandas	3
barba	6
barbae	5
barbilla	10
barbitúrico	11
barbitúricos	77
barc	6
barca	19
barcelona	8
barco	338
bardet	5
bares	8
bari	28
baricitinib	181
barigraf	13
bario	71
bariolitos	3
bariátrica	11
bariátrico	3
bariátricos	3
barnidipino	7
barnix	2
barniz	4
barorreceptores	2
barotrauma	19
barr	48
barra	8
barraquer	2
barras	19
barre	7
barrera	232
barreras	7
barret	2
barrett	14
barrido	2
barro	2
barré	111
bartolino	25
barton	52
bartonella	3
bartonelosis	7
bartter	6
bas	4
basa	750
basaba	3
basada	1242
basadas	196
basado	1239
basados	267
basal	5755
basala	14
basalb	12
basalc	5
basales	1499
basalmente	16
basan	383
basar	108
basaron	60
basarse	120
basará	17
basculación	3
basculante	2
basdai	66
basdaib	2
base	2548
based	2
basedow	4
baseline	4
basen	3
bases	59
basfi	20
basilar	17
basiliximab	54
basis	10
basmi	10
basocelular	136
basocelulares	7
basofilia	2
basolateral	4
bastante	48
bastantes	3
bastones	10
bastón	2
basura	7
basándonos	10
basándose	312
basílica	194
basó	153
basófilos	39
bata	21
batas	5
bate	17
batería	31
baterías	17
bath	47
batida	2
batter	2
baumanii	3
baumannii	24
bavencio	27
bayas	20
bayer	2
bayley	9
bayoneta	17
bazedoxifeno	103
bazett	10
bazo	435
bañarse	17
bañe	2
bañera	50
bañeras	2
bañista	11
baño	106
baños	19
bb	11
bbs	3
bc	4
bcbr	2
bcc	5
bcdb	2
bcg	74
bcir	4
bcirg	11
bcl	11
bclc	12
bclpd	2
bcm	9
bcma	43
bcnu	3
bco	4
bcon	2
bcp	2
bcr	244
bcrp	38
bcva	11
bd	21
bdcaf	3
bdcai	2
bdi	5
bdllfxc	5
bdllfxz	5
be	149
beacita	12
beacon	6
beam	7
beat	3
beautiful	2
beb	2
beba	45
beban	9
bebe	78
beben	16
beber	417
beberla	4
beberlo	2
beberse	6
beberá	6
bebes	5
bebible	6
bebida	51
bebidas	238
bebido	3
bebiendo	18
bebió	2
bebé	811
bebés	422
bec	2
beck	35
becker	3
beckman	2
beclometasona	69
bed	4
bedaquilina	51
bedside	2
before	10
begin	7
beh	37
behaviour	3
behcet	4
beige	3
bejel	4
bel	7
belantamab	23
belara	28
belatacept	185
believe	2
belimumab	12
belkyra	17
bell	12
belladona	4
belleza	2
belumosudil	37
belzutifán	49
bemiparina	37
bempedoico	140
ben	10
benadon	3
benazepril	47
benazeprilato	2
benceno	58
bencenosulfónico	2
benchmrk	8
bencidamina	9
bencidimidazolil	2
bencil	4
bencilico	2
bencilo	20
bencilpenicilina	100
bencílico	196
bendamustina	166
bendroflumetiazida	13
benedict	7
beneficia	2
benefician	8
beneficiando	9
beneficiar	23
beneficiaron	5
beneficiarse	67
beneficiará	2
beneficiarían	2
beneficie	3
beneficien	11
beneficio	4289
beneficios	774
beneficiosa	19
beneficiosas	16
beneficioso	102
beneficiosos	77
beneficiándose	8
benefit	4
benefits	2
benefix	32
beneflur	60
benestan	7
benexol	6
benfotiamina	4
benigna	465
benignas	309
benigno	69
benignos	137
benlysta	140
bennett	25
benralizumab	67
benserazida	34
bentazepam	3
bentiromida	12
bentracimab	2
benzalconio	204
benzamidas	5
benzatina	11
benzazepina	4
benzbromarona	9
benzetacil	18
benzilpenicilina	2
benzimidazol	2
benzimidazoles	4
benzisoxazólico	3
benznidazole	2
benzoato	66
benzoatos	3
benzocaína	63
benzociclohepteno	3
benzodiacepina	7
benzodiacepinas	140
benzodiazepina	58
benzodiazepinas	446
benzodiazepínica	2
benzodiazepínico	7
benzodiazepínicos	10
benzoico	39
benzoilo	6
benzotiadiacidas	26
benzotiadiazina	3
benzoílo	14
benzílico	2
beovu	63
bepanmed	6
bepridil	12
bepridilo	5
ber	2
berardinelli	2
beremagene	13
berenice	13
berg	2
bergamota	2
bergapteno	2
beri	2
beriberi	9
beriglobina	8
berilio	21
beriliosis	3
berinert	8
berlin	5
berlín	3
bermellón	2
beromun	18
berotralstat	39
besa	2
besar	4
besarse	5
bese	2
besilato	6
besilesomab	11
besitran	9
beso	5
besos	9
besponsa	89
besremi	7
best	8
bester	4
beta	1485
betaadrenérgico	2
betaadrenérgicos	2
betaagonistas	3
betabloqueadores	4
betabloqueante	80
betabloqueantes	364
betabloqueo	8
betadex	9
betaferon	79
betahemolíticos	6
betahistina	7
betalactamasa	16
betalactamasas	52
betalactámico	22
betalactámicos	91
betametasona	51
betamiméticos	3
betatalasemia	2
betaxolol	24
betaína	20
bethesda	37
betibeglogén	2
betmiga	27
betoptic	15
betula	3
bev	2
bevacizumab	425
bevacizumabd	4
bexaroteno	69
bexsero	50
beyfortus	11
beyond	16
beyonttra	4
bezafibrato	10
bezlotoxumab	12
bezoar	11
bf	14
bfa	2
bfi	4
bgb	63
bgrado	2
bhe	13
biacore	2
bialfer	6
bialélica	9
bialélicas	5
biasp	5
biberón	5
bibliografía	55
bibliográfica	2
bibliográficas	3
bibliográficos	16
biblioteca	4
bibrocatol	4
bicalutamida	47
bicameral	2
bicapa	3
bicarbonato	144
bicatenario	11
bicicleta	416
bicicletas	2
bicipital	3
bicisato	7
bicitopenia	10
bicla	6
bicondílea	103
bicr	212
bicra	2
bictegravir	21
bid	51
bidimensional	3
bidimensionalmente	2
bidireccional	4
bidireccionales	2
bie	2
biedl	5
bien	2079
bienestar	63
bier	3
biespecífica	2
biespecífico	12
biespecíficos	2
bifascicular	6
bifenilo	2
bifonazol	19
bifosfato	2
bifosfonato	3
bifosfonatos	60
bifuncional	4
bifurcación	153
bifásica	24
bifásico	5
bifásicos	2
bigeminismo	2
biguanida	13
biguanidas	25
bijuva	12
biktarvy	44
bilag	19
bilastina	16
bilateral	3302
bilateralb	6
bilateralc	4
bilaterald	6
bilaterales	92
bilateralmente	2
bilaxten	2
bild	2
bilevel	2
biliar	725
biliares	477
bilina	6
biliosos	2
bilirrubina	1460
bilirrubinaa	3
bilirrubinemia	12
bilirrubinuria	5
bilirrubínica	3
bilirubina	2
bilis	87
billeteras	2
biloba	4
bilt	6
bimade	21
bimaleolar	103
bimatoprost	91
bimekizumab	210
bimervax	237
bimodal	2
bimzelx	13
binaria	8
binarias	5
binario	10
binaural	24
bincluidos	2
bincluye	3
binding	3
binet	23
binimetinib	213
binocular	12
binomial	67
binomiales	3
binominal	3
bio	11
bioactivas	3
bioactividad	6
bioactivo	54
biocida	3
biocoryl	5
biocular	4
biodefensa	3
biodegradable	2
biodegradación	2
biodisponibilidad	94
biodisponible	5
biodisponiblidad	2
biodistribución	8
bioensayo	2
bioensayos	2
bioequivalencia	21
bioequivalente	7
bioequivalentes	11
bioflavonoides	4
biogénesis	3
bioingeniería	5
biological	2
biologicals	2
biología	8
biológica	101
biológicamente	43
biológicas	201
biológico	475
biológicos	590
biomarcador	20
biomarcadores	84
biomecánica	3
biomecánicas	13
biomerieux	2
biomicroscopia	3
biomicroscopía	2
biontech	18
bioprotésica	7
bioprotésicas	2
biopsia	655
biopsias	139
bioquímica	81
bioquímicamente	13
bioquímicas	36
bioquímico	41
bioquímicos	96
biorretroalimentación	8
biosciences	2
bioselenium	5
biosensorial	12
biosimilar	4
biosintetizadas	2
biosintética	2
biosíntesis	91
bioterrorismo	3
bioterrorista	2
bioterroristas	3
biotest	31
biotina	45
biotinidasa	3
biotipo	2
biotransformación	9
bipap	11
bipedestación	34
biperideno	10
bipolar	298
bipolares	13
bipresión	3
bipreterax	19
bipth	2
birc	40
birmingham	5
bis	7
bisacodilo	20
bisagra	3
bisel	6
bisema	4
bisemanal	8
bisexual	2
bisexuales	2
bisfosfonato	18
bisfosfonatos	112
bismuto	33
bisolvon	5
bisoprolol	97
bisturí	6
bisulfito	6
bisutería	20
bitartrato	4
biterapia	4
bitot	3
biturol	17
bitérmica	4
biuret	3
bivalente	174
bivalentes	2
bivalirudina	57
biventricular	14
bivia	2
bizcos	2
bién	2
biógenas	2
bk	20
bkz	45
bl	31
bla	5
blae	2
blanca	490
blancas	54
blanco	110
blancos	596
blanda	19
blandas	193
blando	332
blandos	424
blanqueada	9
blanqueado	5
blanqueamiento	46
blanquecina	2
blanquecinas	2
blanquecino	4
blast	3
blastocistos	3
blastocitos	7
blastoide	3
blastomicosis	20
blastomyces	2
blastos	119
bled	2
blee	17
bleeding	2
blees	5
blefaritis	107
blefarocalasia	9
blefaroconjuntivitis	25
blefaroespasmo	14
blefarofimosis	8
blefaroptosis	4
blefarospasmo	15
blefarostato	4
blenrep	46
bleomicina	77
bles	2
blinatumomab	26
blincyto	238
blinded	7
bliss	15
blister	4
blockstone	2
blood	17
bloque	27
bloquea	211
bloqueable	2
bloqueada	15
bloqueadas	19
bloqueado	18
bloqueador	23
bloqueadora	5
bloqueadores	84
bloqueados	4
bloquean	71
bloqueando	84
bloqueante	180
bloqueantes	573
bloquear	115
bloquearlas	3
bloquearon	2
bloquearse	4
bloquee	5
bloqueen	6
bloqueo	1527
bloqueos	74
bloques	11
bloqueándolas	6
bloqueó	6
blos	4
blu	9
blues	3
blurred	2
blys	6
blástica	89
blásticas	15
blíster	80
blísteres	3
bm	7
bmb	2
bmediana	2
bmp	2
bmprii	3
bms	3
bmx	4
bn	8
bnp	35
bo	28
boca	1640
bocac	3
bocad	3
bocadillos	3
bocados	2
boceprevir	20
bocf	6
bochornos	5
bocio	85
bocs	3
bode	2
bodx	9
body	7
boerhaave	2
boey	32
bohm	6
boi	2
bola	13
bolas	13
boldus	2
bolo	400
bolos	16
bolsa	237
bolsas	45
bolsillo	2
bolsita	3
boltin	27
bolus	75
bolígrafo	11
bomba	517
bombas	45
bombea	22
bombeando	4
bombear	42
bombeo	10
bomberos	46
bombilla	2
bombillas	2
bonalfa	4
bono	2
boo	6
bookending	2
booleana	4
boost	19
boostrix	97
boquilla	78
boquillas	4
bor	36
borda	51
borde	72
borderline	3
bordes	18
bordetella	22
bordillo	6
bordo	308
borea	4
boreas	21
borg	5
boro	3
borrachera	2
borracho	4
borrado	3
borrelia	17
borreliosis	4
borrosa	807
borrosab	2
borrosaj	2
borrosas	2
borrosos	3
bortezomib	558
boscosas	2
bosentan	127
bosentán	9
bosque	11
bosques	3
bostezo	2
bostezos	26
boston	15
bosutinib	143
bot	3
botar	5
botdx	9
bote	3
botella	14
botellas	2
botezomib	2
botiquín	10
botones	2
botonosa	2
botox	9
botulinum	2
botulismo	16
botulínica	45
botulínicas	5
botón	25
boulardii	6
boutonni	4
bovina	22
bovinas	3
bovino	14
bovinos	3
bovis	10
bowel	2
bowen	19
bowman	5
boydii	2
bp	18
bpd	15
bpdcn	2
bpi	28
bpla	3
bpm	4
bpromedio	4
bq	16
br	88
bra	7
bradiarritmia	27
bradiarritmias	19
bradiarrítmicos	6
bradicardia	994
bradicardiaa	5
bradicardiab	2
bradicardiag	4
bradicardias	6
bradicardizante	3
bradicinesia	14
bradicinina	37
bradicárdico	2
bradicárdicos	2
bradifrenia	13
bradikinina	2
bradilalia	2
bradipnea	6
bradiquinesia	5
bradiquinina	73
braf	504
brafi	5
braftovi	2
braille	2
branhamella	9
branquial	3
braquial	157
braquiocefálica	14
braquiorradial	2
braquiterapia	968
brasil	20
brasileña	2
brasiliensis	4
braun	38
bravais	2
brave	16
bravo	6
braziliensis	2
brazo	4394
brazos	363
brca	89
brcam	9
brea	17
break	14
breakpoint	9
breakpoints	30
breakthrough	4
breakwater	3
breast	9
breathe	9
brecadd	40
brecha	45
breeze	25
breezhaler	168
brentan	2
brentuximab	78
brentán	11
breslow	4
breve	125
brevedad	4
brevemente	14
breves	25
brevibloc	60
brevicaulis	2
brexanolone	2
brexipiprazol	3
brexpiprazol	119
brexucabtagene	2
breyanzi	176
bridas	4
brief	25
brien	19
brigatinib	10
brighte	11
brighter	10
brilique	2
brillante	27
brillantes	15
brillo	4
brimica	55
brimonidina	43
brinavess	7
brinda	46
brindan	39
brindar	52
brindarle	23
brindarles	3
brindará	3
brinde	4
brinden	2
brineura	52
brintellix	12
brinzolamida	62
bristol	6
británicas	4
británico	2
briumvi	4
brivaracetam	52
brivudina	57
broad	2
broaden	14
brocas	4
broche	3
brodalumab	44
brolucizumab	33
bromelaína	8
bromfenaco	13
bromfeniramina	11
bromhexina	32
bromhidrosis	2
bromocripitina	2
bromocriptina	24
bromosulftaleína	2
bromuro	163
bromuros	2
bronce	2
broncea	2
bronceado	31
bronceadora	6
bronceadores	2
broncearse	4
bronchiclear	10
bronchipret	3
bronchostop	4
bronco	5
broncoalveolar	29
broncoaspiración	6
broncoconstricción	55
broncoconstrictora	5
broncoconstrictores	3
broncodilatación	35
broncodilatador	209
broncodilatadora	26
broncodilatadores	80
broncoespamo	3
broncoespas	2
broncoespasmo	709
broncoespasmos	29
broncoespásmicas	3
broncoespástica	17
broncoespásticas	24
broncoespástico	2
broncografías	2
broncomedical	3
bronconeumonía	13
bronconeumopatía	2
broncoprotectores	2
broncopulmonar	27
broncopulmonares	9
broncoscopia	47
broncoscopias	2
broncoscopio	25
broncoscopía	3
broncospasmo	16
broncospasmos	2
broncostenosis	2
broncovir	9
bronquial	315
bronquiales	59
bronquiectasia	9
bronquiectasias	13
bronquio	1079
bronquiolitis	29
bronquiolos	3
bronquios	44
bronquitis	400
bronquitisa	2
bronsal	4
brookmeyer	36
brote	276
brotes	254
brotizolam	7
brovanexina	5
brown	63
brucella	13
brucelosis	19
brugada	30
brugia	2
bruin	2
brukinsa	38
brusca	250
bruscamente	80
bruscas	7
brusco	23
bruscos	8
bruta	12
brutas	9
bruton	15
bruxismo	20
brócoli	3
bsa	77
bsad	3
bsas	3
bsc	102
bse	3
bsep	4
bsid	11
bsl	6
bsoc	8
bst	2
bt	38
btd	528
btk	61
btz	42
bu	3
bubónica	3
bucal	338
bucales	114
bucalg	3
bucalh	2
bucear	2
buceo	6
bucodispersables	10
bucofaríngea	3
bucofaríngeas	6
bucofaríngeo	14
bucofaríngeos	3
bucometasana	2
bud	45
budd	6
budesonida	93
buen	80
buena	282
buenas	40
bueno	87
buenos	36
buerger	6
bufanda	2
buffer	2
buggy	45
build	8
bulbar	16
bulbo	31
bulboencefálica	2
bulbosa	2
bulevirtida	31
bulimia	25
bulky	16
bullar	3
bullosa	69
bullosas	20
bulloso	34
bullying	2
bulto	99
bultos	50
bumetanida	13
bun	82
bupivacaína	55
buprenorfina	159
buprex	14
bupropion	3
bupropión	220
buques	5
burbuja	15
burbujas	16
burbujeo	5
burgdorferi	14
burkholderia	18
burkitt	28
burla	2
burn	2
burnetti	2
burning	3
burosumab	110
bursa	1611
bursitis	163
bursopatías	33
busca	356
buscado	5
buscan	98
buscando	10
buscar	300
buscarse	22
buscará	10
buscopresc	25
buserelina	16
buspirona	5
busque	104
busquen	71
busulfano	73
busulfán	32
but	2
butedronato	11
buten	5
butilamina	2
butilescopolamina	18
butilhidroxianisol	10
butilhidroxitolueno	11
butilo	3
butirato	4
butirilcolinesterasa	3
butirofenona	3
butirofenonas	29
button	2
butírico	2
bv	23
bvalor	7
bvas	12
bvd	8
bver	2
bx	2
by	15
byetta	6
bylvay	6
bypass	157
bza	54
bálsamo	15
báscula	2
básica	6
básicamente	15
básicas	25
básico	55
básicos	25
béisbol	20
békésy	3
bélgica	4
bíceps	110
bífida	44
bórico	3
bóveda	9
búsqueda	117
búsquedas	2
c	8700
ca	187
caballa	5
caballo	32
cabazitaxel	101
cabe	148
cabecera	9
cabello	180
cabellos	6
cabelludo	373
cabergolina	71
cabestrillo	4
cabeza	3339
cabezac	2
cabezal	3
cabezas	8
cabg	25
cabina	36
cabinet	17
cable	48
cableado	8
cables	20
cablivi	15
cabo	1221
cabometyx	42
cabosun	11
cabotegravir	119
cabozantinib	271
cabría	5
cac	37
caca	4
cacahuate	4
cacahuete	84
cacahuetes	15
caco	19
cad	116
cada	11314
cadena	297
cadenas	102
cadenza	17
cadera	2641
caderas	43
cadmio	20
cadmus	4
cadn	2
cadpr	2
caducidad	11
caduet	23
cae	57
caen	11
caer	41
caerse	28
caerán	2
caf	14
cafe	5
cafeina	4
cafergot	7
cafetería	2
cafeína	406
cafiaspirina	3
cafinitrina	2
café	36
cage	8
cai	3
caiga	10
caigan	2
cails	15
caimán	22
cairo	3
caja	59
cajas	4
cajones	6
cakussi	2
cal	2
calambre	8
calambres	413
calamina	2
calcaneoperoneo	13
calcaneovalgo	4
calcaneovaro	4
calcemia	26
calcen	2
calcetines	17
calcifediol	8
calcificaciones	11
calcificación	169
calcificada	5
calcificante	28
calcifilaxia	4
calcifilaxis	7
calcimimético	2
calcimiméticos	2
calcineurina	86
calcinosis	12
calcio	1965
calcioantagonista	3
calcioantagonistas	3
calcipotriol	17
calcitonina	94
calcitriol	43
calciumosteo	14
calciuria	3
calcoaceticus	4
calcosis	5
calcula	152
calculaba	3
calculable	15
calculada	151
calculadas	14
calculado	164
calculadora	15
calculados	21
calculan	31
calculando	9
calcular	154
calcularon	111
calcularse	40
calculará	7
calcule	7
calculó	92
calcánea	2
calcáneo	493
caldera	7
caldo	8
calefacción	9
caleidoscópicos	2
calemia	2
calendario	124
calendarios	11
calentada	2
calentador	2
calentadores	3
calentamiento	6
calentar	14
calentarse	12
calentura	2
calenturas	8
calgb	19
calibración	3
calibrada	3
calibrado	12
calibrador	3
calibrados	6
calibrarse	3
calibre	33
calicheamicina	12
calicreína	22
calidad	724
calienta	5
caliente	136
calientes	243
califica	9
calificaciones	7
calificación	34
calificada	12
calificado	6
calificados	3
califican	4
calificar	8
calificaron	6
calificó	11
califique	3
california	10
californio	128
calle	8
calles	2
callicida	6
callicidas	4
callo	15
callos	21
callosidad	3
callosidades	11
calloso	12
calma	4
calmante	4
calmar	5
calmarse	2
calmatel	6
calmatos	2
calmette	10
calmodulina	4
calor	509
calorías	114
calprotectina	44
calquence	178
caluroso	6
calurosos	3
calvert	4
calvicie	9
calvé	7
calza	2
calzado	16
calzan	3
calórica	21
calóricas	2
calórico	44
calóricos	11
cam	29
cama	172
camarones	2
camas	12
cambia	155
cambiaba	2
cambiaban	3
cambiadas	3
cambiado	40
cambiados	16
cambian	111
cambiando	15
cambiante	2
cambiantes	2
cambiar	688
cambiarles	6
cambiarlo	4
cambiaron	237
cambiarse	29
cambiará	17
cambie	51
cambien	34
cambio	5012
cambioa	14
cambioe	24
cambios	3211
cambiosb	5
cambió	53
cambridge	2
camelot	8
cameral	2
camilla	48
camina	18
caminaban	2
caminada	28
caminadora	11
caminados	2
caminando	3
caminar	212
caminata	11
caminatas	2
camine	12
camino	24
caminos	3
camioneta	1095
camisa	5
camisas	7
camión	46
camlad	7
camp	3
campana	2
campaña	10
campimetría	2
campo	276
campos	39
campral	4
campus	2
campylobacter	28
camzyos	4
can	8
canadiense	4
canadá	42
canagliflozina	455
canakinumab	151
canakinumabn	2
canal	271
canales	291
canaliculitis	10
canalopatías	5
canalículos	9
canca	4
cancer	168
cancerización	5
cancerosa	8
cancerosas	202
canceroso	38
cancerosos	55
cancerígena	3
cancerígenas	9
cancerígeno	10
cancerígenos	11
cancha	3
candersartán	2
candesartan	2
candesartán	233
candida	154
candidata	6
candidatas	16
candidato	14
candidatos	334
candidemia	25
candidiasis	450
candidiásica	5
candidiásico	2
candidosis	2
candiduria	3
candle	3
canesmycospor	2
cangrejos	2
cangrelor	46
canimorsus	2
canis	11
cannabidiol	125
cannabinoides	29
cannabis	148
canoa	76
canola	4
cansadas	5
cansado	29
cansados	3
cansancio	336
cansanciok	2
cansarse	3
cant	2
cantar	3
cantidad	1776
cantidades	452
canto	98
canula	4
canvas	56
caolín	7
caosina	2
cap	70
capa	172
capaces	139
capacidad	947
capacidades	20
capacitación	31
capacitadas	2
capacitado	36
capacitados	22
capacitancia	11
capas	36
capastat	11
capaz	149
capd	10
capecitabina	358
capecitabine	2
capella	6
capenon	59
capeox	2
capilar	219
capilares	49
capitatum	49
capitello	5
capitis	15
capivasertib	21
caplacizumab	51
capmatinib	13
capnocytophaga	3
capox	27
caprelsa	14
capreomicina	17
caprie	6
caprinas	2
caps	76
capsaicina	7
capsidol	2
capss	2
capstone	5
capsula	9
capsular	42
capsulares	6
capsulas	14
capsulatum	7
capsules	2
capsulitis	6
capta	6
captación	285
captada	3
captado	11
captador	2
captan	8
captante	5
captantes	15
captar	6
captará	2
captopril	125
captura	104
capturadas	2
capturar	4
capuchón	21
caquexia	19
car	158
cara	990
carabela	17
caracol	4
caracteres	2
caractericen	5
caracteristicas	2
caracteriza	170
caracterizaban	3
caracterización	43
caracterizada	113
caracterizadas	37
caracterizado	95
caracterizados	20
caracterizan	32
caracterizar	17
caracterizaron	15
caracterizarse	4
caracterizó	17
característica	83
característicamente	16
características	1529
característico	17
característicos	49
caramelos	7
caras	2
carbamacepina	7
carbamato	4
carbamatos	18
carbamazepina	212
carbamilfosfato	4
carbamoil	2
carbamoilfosfato	3
carbamoiltransferasa	2
carbapenem	17
carbapenemas	2
carbapenemasa	8
carbapenemasas	15
carbapenemes	11
carbapenems	5
carbapenémico	3
carbapenémicos	23
carbenoxolona	10
carbetocina	39
carbidopa	139
carbimazol	41
carbocisteína	18
carbohidrato	11
carbohidratos	178
carbonatada	5
carbonatadas	5
carbonato	117
carbono	390
carboplatino	498
carboplatinoa	2
carboplatinoc	3
carbovir	3
carboxamida	5
carboxifenoxipropano	2
carboxihemoglobina	8
carboxilación	7
carboxilasa	4
carboxilasas	2
carboxilato	6
carboxilesterasa	3
carboximaltosa	3
carboxiterminal	2
carboxiterminales	2
carboxílico	4
carbunco	25
carbámico	2
carbógeno	2
carbómero	2
carbón	23
carbónica	94
carbónico	2
carcasa	5
carcinoembrionario	10
carcinogenia	3
carcinogenicidad	24
carcinogenético	2
carcinogénesis	3
carcinogénico	15
carcinoide	80
carcinoides	49
carcinoma	1508
carcinomas	41
carcinomatosa	5
carcinomatosis	3
carcinosarcoma	10
carcinosarcomas	2
carcinógeno	7
carcinógenos	4
card	6
cardenal	5
cardenales	35
cardiac	8
cardiaca	2997
cardiacab	3
cardiacac	2
cardiacag	2
cardiacas	359
cardiaco	820
cardiacos	1061
cardias	6
cardica	2
cardinal	15
cardio	21
cardioangiografía	4
cardiocirculatoria	4
cardiocirculatorio	18
cardiocirculatorios	2
cardioembólico	2
cardioestimulantes	19
cardiogénica	2
cardiogénico	123
cardiología	19
cardiológica	8
cardiológicas	3
cardiológico	6
cardiomegalia	12
cardiometabólicos	3
cardiomiopatia	3
cardiomiopatía	156
cardiomiopatías	13
cardiomyopathy	5
cardiopatía	438
cardiopatías	40
cardioprotección	3
cardioprotector	10
cardioprotectores	5
cardiopulmonar	86
cardiopulmonares	5
cardiorespiratoria	3
cardiorespiratorio	2
cardiorrespiratoria	47
cardiorrespiratorias	2
cardiorrespiratorio	7
cardiorrespiratorios	2
cardioselectividad	2
cardioselectivo	9
cardioselectivos	7
cardiotocografía	3
cardiotorácico	2
cardiotoxicidad	106
cardiotónicos	4
cardiotóxica	4
cardiotóxicas	4
cardiotóxico	6
cardiotóxicos	27
cardiovascular	1842
cardiovasculares	1371
cardioversión	65
cardioversor	8
cardiovertidos	2
cardioxane	13
carditis	9
cardiácos	2
cardiógeno	5
cardiólogo	38
cardo	2
cards	3
cardíaca	2585
cardíacaa	2
cardíacac	2
cardíacas	488
cardíaco	801
cardíacos	826
care	16
carece	96
carecemos	6
carecen	7
carecía	10
carecían	9
caregiver	4
carencia	131
carenciales	44
carencias	10
carente	9
carentes	3
carevalan	27
carfilzomib	73
carga	1073
cargadas	9
cargado	11
cargados	9
cargar	7
cargas	8
carglúmico	22
cargo	48
cariban	5
caribe	5
caribeños	5
caries	145
carina	125
carinii	34
cariofileno	2
cariolisina	2
cariotipo	42
cariprazina	102
carlo	2
carmelina	23
carmelosa	2
carminativa	3
carmustina	9
carmín	21
carne	48
carnes	41
carnicor	2
carnitina	80
carnívora	3
carolina	9
caroteno	2
carotid	4
carotideo	2
carotídea	13
carotídeas	7
carotídeo	69
carotídeos	37
carpiana	296
carpiano	53
carpintería	10
carpo	275
carpometacarpiana	363
carretera	6
carreteras	6
carried	7
carro	6
carta	7
carteolol	14
cartilaginosa	12
cartisorb	4
cartucho	29
cartuchos	12
cartílago	133
cartílagos	11
carvedilol	144
carvomin	6
carvona	2
carvykti	97
carácter	209
carótida	1075
carótidas	45
carótido	2
cas	28
casa	270
casado	2
casas	8
cascabel	17
cascada	36
cascadas	6
cascarósidos	4
casco	8
cascos	2
casei	3
casen	22
casenlax	7
casera	47
caseras	47
casero	4
caseros	7
casete	4
caseína	7
casgevy	152
casi	474
casirivimab	59
caso	6852
casodex	7
casos	10478
caspa	41
caspar	7
caspian	8
caspofungina	46
cassia	7
cast	2
castaño	2
castleman	4
castor	2
castración	130
castrados	5
castus	5
casual	6
casuales	2
casualidad	2
cat	25
catabolismo	61
catabolitos	2
cataboliza	2
catabolizan	4
catabólica	3
catabólicas	6
catabólico	2
catabólicos	2
cataclísmica	7
cataclísmicas	6
catalasa	2
catalepsia	6
cataliza	48
catalizada	5
catalizadas	2
catalizado	2
catalizadora	2
catalizando	3
catalogadas	2
catalítica	16
catalítico	6
cataplejia	7
cataplejía	58
cataplexia	6
cataplécticos	2
catapresan	7
catarata	255
cataratas	311
catarral	2
catarrales	36
catarrhalis	67
catarro	10
catarros	6
catatonia	6
catatonía	4
catatónica	2
catatónicos	2
catch	11
catecol	14
catecolamina	9
catecolaminas	96
catecolaminérgica	5
categoria	5
categorias	3
categoriza	3
categorización	2
categorizada	3
categorizadas	6
categorizado	6
categorizados	12
categorizan	12
categorizaron	2
categorizó	2
categoría	599
categorías	466
categórica	9
categóricamente	2
categóricas	13
categórico	6
categóricos	11
catepsina	5
cateterismo	72
cateterización	46
cateterizado	3
cath	2
cationes	34
catión	17
catiónica	4
catiónico	8
catorce	16
cats	2
catumaxomab	50
catálogo	12
catártico	2
catéquicos	2
catéter	517
catéteres	62
caucasiana	4
caucasianos	4
caucho	17
caucásica	82
caucásicas	14
caucásico	9
caucásicos	155
cauda	5
caudado	30
caudal	29
caudales	2
causa	3303
causaba	7
causac	2
causada	684
causadas	366
causado	220
causados	230
causal	218
causales	16
causalgia	10
causalidad	77
causalmente	16
causan	493
causando	319
causante	42
causantes	40
causar	2737
causarla	11
causarle	21
causarles	2
causarlo	2
causaron	32
causará	6
causarán	2
causas	1125
cause	79
causen	47
causes	2
causó	42
cautela	87
cautelar	2
cautelosa	8
cautelosamente	2
cauteloso	4
cav	3
cava	444
cavernosa	5
cavernoso	16
cavernosografía	7
cavernosos	16
cavidad	1967
cavidades	43
cavitación	11
cavo	8
cayeron	6
caza	28
caída	1134
caídas	200
caído	17
caídos	3
cb	30
cba	3
cbasado	2
cbc	100
cbcl	3
cbcla	15
cbcm	10
cbcs	8
cbd	5
cbg	16
cbl	4
cbla	10
cbm	11
cbp	34
cbr	25
cbs	7
cc	90
cca	2
ccb	18
ccba	2
ccbla	19
ccbm	15
ccce	16
cccela	10
cccem	13
ccda	14
cce	136
ccec	12
cceca	21
ccecc	26
ccecu	9
ccee	31
ccenc	6
ccep	15
ccg	13
cci	2
ccip	4
ccm	29
ccn	2
ccp	48
ccpa	40
ccr	284
ccrm	90
ccrt	6
ccs	8
cct	9
cd	87
cda	8
cdad	6
cdai	65
cdaic	2
cdaig	3
cdamp	2
cdatp	2
cdc	65
cdca	2
cdcxm	2
cdd	6
cdf	35
cdi	14
cdk	7
cdlqi	44
cdon	2
cdp	6
cdr	21
cdrs	11
cdt	90
cdta	2
cdv	19
cdvrs	10
cdw	8
cdx	10
ce	180
cea	11
cebada	9
cebadas	2
cebado	12
cebar	5
cebarse	5
cec	23
cecc	9
cece	5
ceclor	3
cedan	2
cedazuridina	4
cede	4
ceden	5
cedieron	3
cee	19
cefaclor	13
cefadroxilo	18
cefalalgia	2
cefalea	2397
cefaleaa	5
cefaleac	6
cefalead	4
cefaleae	2
cefaleai	5
cefaleas	215
cefalexina	19
cefalina	2
cefalopélvica	2
cefalorraquídea	2
cefalorraquídeo	253
cefalosporina	30
cefalosporinas	163
cefalosporinasa	2
cefalosporinasas	6
cefalosporínico	2
cefalosporínicos	6
cefazolina	29
cefditoreno	32
cefepima	73
cefepime	3
cefiderocol	44
cefixima	30
cefotaxima	76
cefoxitina	42
cefr	2
ceftarolina	70
ceftazidima	106
ceftobiprol	64
ceftolozano	54
ceftriaxona	126
cefuroxima	19
cefálica	196
cefálicas	3
cefálico	7
cegada	2
ceguera	232
cei	24
ceja	9
cejas	21
cejemly	13
cel	4
celebrex	4
celecoxib	97
celecrem	11
celeridad	4
celestial	18
celestoderm	2
celiaca	52
cell	8
cellex	4
cells	6
cellufresh	3
cellular	8
celosía	4
cels	3
celular	927
celulares	376
celularidad	25
celulas	32
celulitis	245
celulosa	4
celíaca	269
celíacaq	2
celíacos	2
cem	16
cemalyt	3
cementada	84
cemento	3
cemidon	15
cemiplimab	167
cena	51
cenar	6
cenegermina	9
cenizas	4
cenobamato	43
cenocepacia	3
cenrifki	5
censor	5
censura	40
censurada	19
censuradas	7
censurado	28
censurados	52
censurando	6
censurar	5
censuraron	13
censuró	3
cente	3
centella	9
centelleante	3
centellografía	2
centeno	22
center	8
centers	4
centiloid	2
centiloides	6
centilux	3
centinela	73
centinelas	5
centra	10
centrada	3
centrado	3
centrados	2
central	2258
centrales	129
centralizada	45
centralizadas	2
centralizado	8
centralizados	2
centralmente	19
centran	8
centraron	3
centrarse	3
centre	3
centrifugación	3
centro	442
centrofolicular	24
centronuclear	2
centros	254
centrotemporales	2
centró	4
centurion	3
centésimo	2
centímetro	4
centímetros	13
ceo	11
cepa	320
cepacia	9
cepas	500
cepilla	2
cepillado	12
cepillarse	20
cepillen	4
cepillo	28
cepillos	6
ceplene	65
ceprotin	19
cepíllese	2
cera	14
cerad	4
ceramida	6
ceras	2
cerazet	35
cerca	365
cercana	42
cercanas	37
cercano	103
cercanos	36
cercanía	9
cercas	2
cerciorarse	3
cerdelga	10
cerdo	24
cerdos	9
cereal	4
cereale	2
cereales	37
cerebelar	7
cerebelares	2
cerebelitis	6
cerebelo	102
cerebelosa	40
cerebelosas	18
cerebeloso	24
cereblon	3
cerebral	2387
cerebralc	3
cerebrald	3
cerebrales	706
cerebri	11
cerebro	1080
cerebroespinal	5
cerebros	3
cerebrotendinosa	3
cerebrovascu	2
cerebrovascular	1149
cerebrovasculares	311
ceretec	2
cerets	3
ceretsm	3
cereus	6
cerevisiae	2
cerezyme	27
cerio	15
ceritinib	139
cerliponasa	10
cero	51
ceroidea	2
cerosa	14
cerrada	3826
cerradas	18
cerrado	427
cerrados	27
cerramos	2
cerrando	7
cerrar	62
cerrarlo	6
cerrarlos	4
cerrarse	6
cerrará	4
cerró	3
certeza	62
certican	127
certificadas	5
certificado	16
certificados	3
certolizumab	9
certoparina	52
ceruloplasmina	60
cerumen	13
cervarix	54
cerveza	97
cervical	1808
cervicales	125
cervicalgia	8
cervicitis	20
cervico	14
cervicocefálica	6
cervicodorsal	267
cervicotorácica	51
cervicouterino	6
cervitis	2
cervix	9
cerámica	25
cesa	9
cesado	15
cesan	2
cesar	32
cesarse	5
cese	106
cesen	4
cesio	193
cestodos	4
cesárea	71
cesáreas	7
cesó	2
cet	172
ceta	2
cetilpiridinio	8
cetirizina	44
cetoacidocis	2
cetoacidosis	323
cetoacidósis	3
cetoestearílico	22
cetoesteroides	2
cetoglutarato	5
cetogénesis	5
cetogénica	9
cetona	8
cetonas	125
cetonuria	4
cetosis	22
cetoácidos	2
cetrimida	2
cetrimonio	4
cetrorelix	35
cetuximab	276
cetílico	28
cetónico	2
cetónicos	40
cetósico	6
cevenfacta	15
ceñirse	2
ceño	4
cf	199
cfa	6
cfb	21
cfd	4
cfdna	11
cfmg	5
cfq	54
cfr	4
cfs	5
cftr	212
cfu	2
cfz	4
cg	13
cga	26
cgi	80
cgic	5
cgm	3
cgmp	5
cgmt	12
cgr	2
cgrp	34
ch	10
chaarted	3
chad	5
chaffeensis	2
chagas	52
chain	4
chalazión	12
challenges	2
chambers	2
champion	15
champú	35
champúes	4
chancro	2
chancroide	3
change	32
chaq	12
characterization	2
charc	33
charcot	11
charla	2
charm	12
chasquido	7
chasquidos	3
chat	12
chatear	5
chatee	3
chc	250
chcm	3
chd	17
chdl	4
che	28
checar	2
checklist	2
chek	2
chelonae	2
chem	4
chemicetina	3
chemotherapy	6
chequear	11
chequee	2
chequeo	84
chequeos	47
cher	2
cherish	2
cheson	16
chest	9
cheyne	3
chf	2
chh	11
chhnc	4
chi	44
chiari	17
chicas	11
chicle	25
chicles	29
chico	8
chicos	9
chikungunya	17
chikv	26
child	700
childhood	2
childpugh	7
children	14
chile	4
chillido	4
chillidos	8
chimenea	4
china	40
chinche	3
chinches	13
chino	21
chinos	24
chip	2
chirrido	2
chlamydia	58
chlamydiophylla	3
chlamydophila	12
chloraprep	16
chmwk	5
cho	6
chocar	6
chocolate	17
choi	3
choice	7
cholerae	14
cholestagel	53
cholesterol	5
cholib	31
chop	203
choque	199
choques	2
chorro	18
chp	76
chron	3
chronic	14
chronos	19
chrysalis	3
chryseobacterium	4
chupa	3
chupan	4
chupar	80
chuparse	4
chupete	2
churg	7
chvp	3
chylous	2
chícharo	5
ci	344
cia	16
ciano	4
cianocobalamina	51
cianometahemoglobina	2
cianopsia	3
cianosis	84
cianuro	66
cianuros	19
cianótica	3
cianóticas	4
cianóticos	4
cibacén	5
cibadrex	15
ciberacoso	10
cibernético	3
cibic	14
cibinqo	5
cibis	2
cibmtr	4
cic	3
cicatrice	5
cicatrices	113
cicatricial	59
cicatriciales	2
cicatriz	47
cicatriza	6
cicatrización	345
cicatrizada	2
cicatrizado	4
cicatrizan	4
cicatrizando	2
cicatrizante	7
cicatrizantes	4
cicatrizar	7
ciclación	2
ciclasa	28
ciclastatina	2
ciclesonida	20
ciclina	12
ciclinas	5
ciclista	287
ciclitis	10
ciclo	2262
ciclobenzaprina	11
ciclochem	5
ciclodextrina	12
ciclodextrinas	2
ciclofalina	2
ciclofosfamida	368
ciclofosfamidas	2
ciclohexen	5
ciclooxigenasa	75
ciclooxigenasas	28
ciclopentolato	15
ciclopirox	8
ciclopirrolonas	2
cicloplejia	4
cicloplejía	2
ciclopléjica	2
ciclopléjico	8
ciclopléjicos	9
ciclopropano	5
ciclos	1944
cicloserina	4
ciclosfosfamida	2
ciclosilicato	10
ciclosporina	486
ciclotropía	3
ciclotímico	2
cicloxigenasa	3
cid	57
cidine	2
cidofovir	97
cids	2
cie	12
ciega	86
ciegas	7
ciego	2716
ciegos	37
ciempiés	17
ciencia	4
ciencias	6
ciento	300
cientos	12
científica	20
científicas	9
científico	6
científicos	12
cierra	17
cierran	19
cierre	223
cierren	2
cierta	92
ciertas	854
cierto	105
ciertos	1287
ciervo	4
cifoban	27
cifoescoliosis	2
cifosis	35
cifp	63
cifra	76
cifras	73
cigarrillo	42
cigarrillos	96
cigarro	4
cigarros	2
cigomicosis	4
cigomática	21
cigomático	126
cigotos	2
ciguatera	21
ciii	4
cilastatina	74
cilazapril	55
cilexetilo	95
cilgavimab	42
ciliadas	9
ciliado	5
ciliar	71
ciliares	7
cilindro	22
cilindros	23
cilindruria	5
cilios	2
ciloleucel	6
cilostazol	33
cilotem	16
ciltacabtagene	2
cim	22
cima	2
cimetidina	17
cimicifuga	5
cimien	8
cimpact	8
cimpasi	20
cims	3
cimt	12
cimzia	338
cimziaa	3
cin	28
cinacalcet	115
cinamaldehido	5
cinamaldehído	3
cinamato	5
cinamílico	5
cinarizina	26
cinasa	209
cinasas	15
cinc	3
cinca	11
cinco	710
cincocaína	2
cinconismo	2
cincuenta	65
cine	2
cinetosis	12
cinfa	14
cinfatós	2
cingulada	2
cinina	7
cininas	7
cininasa	12
cininógeno	2
cinitaprida	13
cinqaero	10
cinta	25
cintas	2
cintigrafía	3
cintura	191
cinturas	13
cinturón	9
cinámico	2
cinética	21
cinético	2
ciocalteu	2
cioms	30
ciones	2
cip	2
cipaglucosidasa	64
cipla	8
ciprofloxacina	3
ciprofloxacino	49
ciproheptadina	50
ciproterona	56
ciproxina	2
cir	14
circadiana	2
circadiano	25
circadianos	3
circinado	2
circuito	54
circuitos	5
circula	20
circulaba	3
circulaban	4
circulación	367
circulan	5
circulando	21
circulante	95
circulantes	158
circular	3
circulatoria	84
circulatorias	21
circulatorio	315
circulatorios	49
circulaveel	2
circule	3
circulen	2
circumoral	5
circuncidado	2
circuncidados	13
circuncidar	2
circuncisiones	2
circuncisión	29
circunda	3
circundante	58
circundantes	44
circunferencia	14
circunstancia	43
circunstancias	280
circunvalada	5
circunvoluciones	2
circunvolución	2
circv	7
cirrosis	833
cirrótica	16
cirrótico	9
cirróticos	55
cirs	12
ciruela	2
cirugia	3
cirugía	2722
cirugías	105
cirujano	77
cirujanos	14
cis	81
cisaprida	49
cisatracurio	19
cish	5
cisne	4
cisplatino	749
cisplatinoa	2
cistamina	2
cistatina	20
cistationina	2
cisteamina	21
cistectomía	22
cisteinílicos	2
cisterna	187
cisternas	14
cisternografía	3
cisteína	22
cisticercosis	8
cistina	47
cistinosis	12
cistinuria	8
cistitis	255
cistocele	6
cistografía	2
cistoide	21
cistometría	2
cistométrica	3
cistoscopia	38
cistoscopias	4
cistoscopio	3
cistoscópico	2
cistostomía	29
cistostáticos	2
cistouretrografía	2
cita	21
citadas	20
citado	8
citados	11
citalopram	56
citan	14
citar	7
citarabina	201
citas	19
cited	13
citicolina	11
citidina	16
citisiniclina	7
citocida	3
citocina	24
citocinas	172
citocinasc	3
citocromo	137
citocromooxidasa	4
citocromos	4
citogenética	177
citogenéticac	2
citogenéticamente	2
citogenéticas	57
citogenético	28
citogenéticos	14
citogénica	3
citokinas	2
citolisis	8
citología	50
citologías	9
citolítica	49
citolíticas	4
citolítico	2
citolíticos	14
citológica	4
citológicamente	4
citológicas	2
citológico	10
citológicos	15
citomegalo	2
citomegalovirus	187
citomegalovirusc	2
citometría	31
citopenia	59
citopenias	99
citoplasma	24
citoplasmática	13
citoplasmático	4
citoplasmáticos	6
citoprotectora	2
citoquina	8
citoquinas	281
citoquinasa	2
citorreducción	23
citorreductor	4
citorreductora	16
citorreductores	2
citosina	4
citosol	4
citostática	5
citostático	19
citostáticos	37
citosólica	5
citotoxicidad	82
citotoxina	2
citotóxica	146
citotóxicas	16
citotóxico	70
citotóxicos	129
citrafleet	21
citral	18
citrato	227
citratos	2
citrin	2
citrobacter	52
citronelol	12
citrulina	10
citrulinado	14
citrulinemia	3
city	14
citólisis	10
ciudad	18
ciudades	4
civ	5
civil	421
civiles	6
ciática	32
ciático	98
ción	25
cjd	7
ck	358
ckd	35
cl	95
cla	3
clado	13
clados	7
cladosporium	2
cladribina	63
clamidia	125
clamidias	22
clamoxyl	4
clamp	6
clampaje	2
clara	231
claral	9
claramente	480
claras	77
claridad	41
clarificación	2
clarificar	2
claritromicina	144
clarity	11
clarityne	4
claro	149
claros	35
clas	3
clascoterona	19
clase	1568
clases	197
clasifica	43
clasificable	3
clasificables	6
clasificacion	11
clasificaciones	15
clasificación	2972
clasificada	482
clasificadas	759
clasificado	156
clasificados	348
clasifican	278
clasificando	2
clasificar	53
clasificaron	63
clasificarse	8
clasificarían	2
clasificó	26
class	10
classes	2
classification	5
claudicación	81
claudina	2
claustrofobia	12
clave	446
claves	27
clavijas	2
clavo	7
clavos	14
clavulanato	2
clavulánico	16
clavícula	397
clb	15
clcr	240
clcreatinina	3
cld	8
cldl	10
cldn	2
clear	43
cleboprida	8
cleboril	2
cleopatra	38
clesrovimab	54
cleveland	11
clevelandclinic	4
clevidipino	27
cleviprex	11
clexane	2
clic	11
clikstar	2
clima	15
climas	12
climaterio	5
climatológicas	2
climatérica	2
climatéricos	17
climb	2
climen	17
climodien	8
climático	7
climáticos	2
clin	3
clindamicina	106
clinic	18
clinica	13
clinical	28
clinicamente	17
clinicas	2
clinician	2
clinico	3
clinicos	18
clinitest	7
clinoleic	10
clinro	18
clio	4
clioquinol	13
clip	9
clips	5
cll	4
cloaca	2
cloacae	31
cloasma	114
clobazam	91
clobetasol	6
clobetasona	6
clocinizina	5
clofarabina	96
clofazimina	11
clometiazol	43
clomifeno	13
clomipramina	30
clon	24
clona	2
clonación	8
clonal	8
clonazepam	24
clones	4
clonidina	26
clonixino	12
clono	2
clonoseq	4
clonus	9
cloperastina	5
clopidogrel	353
clopidogrelb	3
clopixol	5
clopper	134
clorada	5
clorambucil	8
clorambucilo	132
cloranfenicol	53
clorazepato	7
clordiazepóxido	12
clorfenamina	106
clorfeniramina	6
clorhexidina	105
clorhidrato	77
clorhídrico	16
clormadinona	10
clormetina	11
cloro	55
clorobutanol	5
clorocresol	4
clorofluorocarbonos	19
cloroformo	19
cloropsia	2
cloroquina	96
clorosulfonamida	2
cloroteofilina	6
cloroteofilinato	5
clorpromazina	27
clorpropamida	3
clortalidona	86
clortetraciclina	6
cloruro	856
cloruros	33
clorzoxazona	2
close	2
clostidrium	3
clostridiodies	2
clostridioides	94
clostridioidesdifficile	2
clostridiopeptidasa	2
clostridios	2
clostridium	180
clostridum	3
clotiapina	8
clotrimazol	7
clovate	9
cloxacilina	12
clozapina	35
clozaril	2
clscr	3
clsi	4
clso	2
clu	5
club	19
clubes	4
clum	41
cluster	10
cluvot	8
clásica	36
clásicamente	2
clásicas	7
clásico	53
clásicos	17
clímax	3
clínica	5160
clínicaa	8
clínicab	11
clínicac	5
clínicad	4
clínicaf	3
clínicag	2
clínicah	2
clínicai	2
clínicamente	2687
clínicas	880
clínicasa	3
clínico	3497
clínicob	5
clínicoc	2
clínicos	8920
clítoris	32
clónica	5
clónicas	65
clónico	5
clónicos	18
cm	460
cmap	4
cmax	49
cmaxss	3
cmd	2
cmec	2
cmf	3
cmh	127
cmi	192
cmin	9
cminss	3
cmis	12
cmla	2
cmm	44
cmo	3
cmp	33
cmr	14
cms	9
cmsp	19
cmt	53
cmtn	22
cmtnm	3
cmv	448
cmvh	8
cmvig	33
cmáx	42
cmín	3
cn	14
cnam	3
cnf	17
cni	2
cnir	7
cnis	6
cnp	7
cns	9
cnt	2
co	350
coa	229
coadministra	22
coadministraba	3
coadministración	142
coadministrada	14
coadministradas	3
coadministrado	73
coadministrados	13
coadministran	5
coadministrar	14
coadministrarse	3
coadministre	10
coadministren	2
coadministró	10
coadyuvante	149
coagadex	31
coagula	19
coagulacion	2
coagulación	1102
coagulado	2
coagulan	2
coagulando	6
coagulante	5
coagulantes	29
coagular	11
coagularse	14
coagulasa	39
coagulativas	2
coagulativos	2
coagule	13
coagulopatia	3
coagulopatía	74
coagulopatías	15
coal	6
coalescencia	2
coalescentes	2
coaltar	6
coartación	5
coast	24
cobalamina	20
cobalaminas	8
cobalto	20
cobamamida	6
cobas	37
cobaya	4
cobayas	3
cobayo	2
cobayos	2
cobertura	26
cobi	8
cobicistat	392
cobicistata	4
cobicistatf	4
cobimetinib	12
cobra	17
cobre	172
cobrim	2
cocaína	175
coccidioides	6
coccidioidomicosis	25
coccidiomicosis	3
cocción	3
coccígea	127
coccígeo	32
coche	1255
coches	2
cochicina	2
cochinilla	11
cochran	156
cochrane	6
cocida	2
cocidas	3
cocidos	9
cociente	991
cocientes	31
cocina	51
cocinados	2
cocinar	21
cocine	4
cockayne	8
cockcroft	70
cockroft	7
coclear	58
cocleares	10
cocodrilo	22
cocos	12
cocristal	5
cocriterios	2
code	4
codebreak	7
codeina	3
codeisan	7
codeína	269
codifica	44
codificación	3
codificada	17
codificadas	16
codificado	12
codificadores	2
codificados	6
codifican	30
codificante	3
codificantes	4
codificar	2
codificaron	2
codinex	10
codo	1560
codones	28
codos	17
codón	16
coe	3
coeficiente	34
coeficientes	8
coenzima	59
coenzimas	8
coestimulación	7
coestimulador	4
coestimuladora	2
coexista	5
coexistan	4
coexiste	2
coexisten	3
coexistencia	3
coexistente	20
coexistentes	17
coexistir	8
cofactor	54
cofactores	4
cog	30
cogemelo	2
coger	2
cognición	24
cognition	4
cognitiva	131
cognitivas	47
cognitivo	226
cognitivos	118
cognoscitiva	2
cognoscitivo	4
coherencia	53
coherente	118
coherentes	125
cohesiva	2
cohort	2
cohortan	5
cohorte	908
cohortes	199
coin	2
coincida	6
coincide	20
coinciden	29
coincidencia	4
coincidente	11
coincidentes	14
coincidiendo	25
coincidiera	2
coincidieron	29
coincidir	12
coincidió	17
coincidía	4
coincidían	10
coinfección	99
coinfectados	246
coinfection	4
coital	4
coito	18
coitos	2
coja	3
cojear	2
cojera	2
col	8
cola	78
colaboración	23
colaboradores	6
colaborar	9
colaborará	3
colaborativo	2
colador	3
colagenasa	12
colagenopatías	3
colagenosis	12
colagoga	2
colangiocarcinoma	33
colangiografía	11
colangiopancreatografía	14
colangitis	73
colapsa	4
colapsada	55
colapsante	4
colapso	175
colas	17
colateral	166
colaterales	12
colchicina	144
colchicine	2
colchón	2
cold	3
colecalciferol	56
colecistectomía	13
colecistitis	147
colecistitisa	3
colecistografía	2
colecistográficos	4
colecistopatía	6
colecistoquinina	3
colectiva	5
colectivamente	2
colectivo	5
colectomía	9
colector	7
colectores	5
colegio	24
colelitiasis	119
colelitiasisa	2
colelitiasisb	3
colenoicos	2
colerética	2
colesevelam	4
colestanol	13
colestasia	4
colestasis	270
colestasisa	3
colesteatoma	32
colesteatosis	5
colesten	2
colesterol	1596
colestipol	4
colestiramina	15
colestásica	133
colestásico	9
colestática	93
colestáticas	7
colestático	9
colestáticos	2
colgajo	39
coli	194
coliflor	5
colimador	3
colina	14
colinesterasa	42
colinomiméticas	2
colinomimético	2
colinomiméticos	10
colinérgica	21
colinérgicas	9
colinérgico	31
colinérgicos	60
colircusí	4
colirio	139
colirios	53
colirofta	11
colisiona	32
colisión	5313
colistimetato	39
colistina	22
colitis	1373
colitisa	3
colitisg	3
colitisj	2
colitisr	2
colitist	2
colitisv	3
colitisz	2
collaboration	5
collaborative	3
college	27
colles	54
coloboma	7
coloca	272
colocación	142
colocada	32
colocado	18
colocan	23
colocando	9
colocar	127
colocarlas	33
colocarle	2
colocarlo	2
colocaron	3
colocarse	32
colocará	40
colocarán	3
colocutáneo	48
colocándose	3
colocó	3
coloidal	21
coloidales	6
coloide	9
coloides	8
colombia	3
colon	1662
colonias	90
colonización	25
colonizado	2
colonografía	3
colonopatía	4
colonoscopia	75
colonoscopias	6
colonoscopio	2
colonoscopía	16
colonostomía	2
colopatías	6
coloque	33
color	555
coloración	193
colorante	70
colorantes	14
colorea	2
coloreada	3
coloreadas	4
coloreados	2
colorear	5
colorectal	14
colores	69
colorimetría	2
colorrectal	320
colorrectales	18
colostomía	17
colostásica	2
colpermin	12
colposcopia	21
colposcopio	14
colpotrofín	2
cols	28
columbia	7
columna	1102
columnas	5
columpio	6
columvi	177
coluria	3
colágena	2
colágeno	130
colédoco	180
colérica	2
colón	2
colónica	14
colónicas	4
colónico	5
com	9
coma	603
coman	3
comatoso	2
comatosos	5
combat	15
combata	9
combate	44
combaten	30
combatiendo	6
combatir	171
combatirla	2
combi	56
combigan	24
combina	155
combinaba	5
combinaban	2
combinacion	12
combinaciones	422
combinación	9085
combinacióna	8
combinacón	2
combinada	888
combinadas	140
combinado	1077
combinados	613
combinan	24
combinando	20
combinar	63
combinaron	19
combinarse	21
combination	54
combine	22
combinó	19
combiprasal	8
combivir	32
combo	113
comburente	3
combustible	16
combustibles	18
combustión	23
come	62
comedicación	3
comedogénicos	2
comedolítica	2
comedones	22
comedor	10
comedón	2
comen	14
comentado	2
comentan	18
comentar	32
comentario	23
comentarios	13
comentarlo	11
comenzaba	2
comenzado	22
comenzando	137
comenzar	910
comenzaron	81
comenzarse	27
comenzará	17
comenzarán	2
comenzó	60
comer	435
comercial	74
comerciales	20
comercializa	5
comercializacion	9
comercialización	1248
comercializada	4
comercializadas	10
comercializado	8
comercializados	13
comercializó	3
comercialmente	8
comercio	3
comerlas	2
comerá	2
comes	2
comet	18
comete	2
cometen	10
cometer	2
comezón	11
comfort	29
comida	503
comidas	438
comido	4
comience	66
comiencen	32
comiendo	7
comienza	274
comienzan	143
comienzas	2
comienzo	654
comino	12
comirnaty	687
comisura	9
comisuras	2
comité	306
comités	3
comió	2
commission	2
commit	7
committee	71
commodore	31
common	46
como	28761
comodidad	19
comorbilidad	51
comorbilidades	139
comp	5
compactar	2
compara	144
comparaba	66
comparaban	10
comparabilidad	5
comparable	329
comparables	220
comparacion	3
comparaciones	130
comparación	5895
comparada	115
comparadas	16
comparado	1596
comparador	445
comparadora	2
comparadores	64
comparados	83
comparan	32
comparando	95
comparar	166
compararla	5
compararlo	14
compararlos	5
compararon	103
compararse	6
comparará	13
comparativa	15
comparativamente	6
comparativas	2
comparativo	164
comparativos	102
compare	29
comparen	14
comparison	2
comparta	18
compartan	2
comparte	18
comparten	17
compartidas	4
compartido	3
compartiendo	4
compartimental	81
compartimento	11
compartimiento	14
compartimientos	5
compartir	54
compartirá	6
comparándolo	3
comparó	384
compasivo	31
compass	3
compatibilidad	18
compatible	91
compatibles	97
compañero	10
compañeros	22
compañía	17
compañías	5
compensa	14
compensación	18
compensada	190
compensadas	3
compensado	24
compensador	6
compensadora	16
compensados	11
compensan	8
compensar	115
compensarse	4
compensatoria	18
compensatorias	3
compensatorio	9
compensatorios	5
compense	4
compensen	6
compera	2
competencia	14
competente	30
competentes	7
competición	13
competidores	2
competir	8
competitiva	58
competitivamente	28
competitivo	90
competitivos	6
compite	17
compiten	6
compitiendo	5
comple	2
compleja	47
complejante	2
complejas	35
complejo	416
complejos	87
complemen	3
complementa	16
complementada	4
complementado	3
complementados	4
complementan	4
complementar	17
complementaria	77
complementarias	931
complementariasb	2
complementariasd	2
complementariasf	4
complementariedad	3
complementario	200
complementarios	88
complementarse	4
complemente	3
complemento	402
complementos	13
completa	2672
completaa	4
completab	3
completaba	2
completac	2
completad	2
completada	13
completado	218
completados	32
completamente	363
completan	2
completando	2
completar	261
completara	2
completaran	4
completaron	416
completarse	29
completas	155
complete	29
completen	11
completo	1154
completob	2
completos	136
completó	38
complex	21
complexión	3
complica	253
complicacio	3
complicaciones	2084
complicación	806
complicada	117
complicadas	301
complicado	22
complicados	138
complican	134
complicando	3
complicar	6
complicarse	11
complicó	14
compone	20
componen	13
component	6
componente	603
componentes	799
componer	2
componia	2
componían	2
comporta	47
comportamentales	2
comportamiento	889
comportamientos	179
comportan	6
comportar	3
comportarse	10
comportará	3
comporte	2
comporten	3
composer	3
composiciones	4
composición	81
composite	7
compositum	25
compota	12
compra	22
comprar	41
compras	27
compre	3
comprehensive	3
comprenda	2
comprendan	6
comprende	100
comprenden	29
comprender	253
comprendida	52
comprendidas	271
comprendido	41
comprendidos	23
comprendiendo	7
comprendieron	3
comprendió	5
comprendía	9
comprendían	5
comprensión	20
compresa	6
compresas	17
compresiones	11
compresiva	2
compresivas	3
compresivo	95
compresión	454
comprime	2
comprimible	2
comprimido	1688
comprimidos	2457
comprimiendo	2
comprimir	6
comprobaciones	3
comprobación	24
comprobada	15
comprobadas	2
comprobado	67
comprobados	23
comprobando	5
comprobar	300
comprobarse	24
comprobará	4
comprobó	17
comprometa	10
compromete	4
comprometer	38
comprometerse	2
comprometida	73
comprometidas	14
comprometido	13
comprometidos	2
compromiso	64
comprueba	13
comprueban	11
compruebe	11
comprueben	7
compuesta	447
compuestaa	2
compuestas	39
compuesto	277
compuestos	473
compulsiones	20
compulsiva	63
compulsivamente	12
compulsivas	16
compulsivo	90
compulsivos	20
compulsión	4
computacionales	2
computada	4
computado	2
computadora	55
computadoras	5
computando	3
computarizada	933
computarizadas	18
computerizada	11
comrpimidos	2
comt	40
comunes	923
comunica	5
comunicaciones	38
comunicación	114
comunicada	28
comunicadas	152
comunicado	593
comunicados	110
comunican	14
comunicante	33
comunicar	42
comunicarle	2
comunicarlo	3
comunicarnos	2
comunicaron	108
comunicarse	31
comunicará	3
comunicativa	20
comunicárselo	2
comunicó	63
comunidad	131
comunidades	20
comunique	6
comuniquen	67
comunitaria	27
comunitario	4
comunitarios	2
comunmente	5
comuníquese	11
comórbida	25
comórbidas	8
comórbido	3
comórbidos	10
común	2623
comúnmente	207
con	244286
conbriza	14
conc	2
concebido	10
concebir	21
concedida	2
concedido	247
concentra	13
concentracion	3
concentraciones	2155
concentración	2235
concentrada	17
concentradas	5
concentrado	210
concentrados	57
concentrar	8
concentrarse	34
concentrarte	2
concentration	28
concentró	2
concepciones	5
concepción	475
concepto	1394
conceptos	3
concernieron	16
conciencia	1198
concienzudamente	3
conciertos	3
conciliación	3
conciliar	25
concizumab	98
concluida	2
concluido	6
concluir	29
conclusiones	138
conclusión	55
concluya	2
concluyan	2
concluye	15
concluyente	78
concluyentes	42
concluyeron	3
concluyó	21
concocida	2
concominante	6
concomintante	3
concomitancia	8
concomitante	4417
concomitantemente	412
concomitantes	658
concordaban	2
concordancia	50
concordante	5
concordantes	15
concordar	4
concordaron	7
concordó	2
concreciones	7
concreta	18
concretamente	67
concretas	14
concreto	140
concretos	12
concuerda	15
concuerdan	19
concur	5
concurran	3
concurrencia	4
concurrente	155
concurrentemente	4
concurrentes	84
concurrentesc	2
concurridos	5
concéntrese	2
concéntrica	2
concéntricamente	5
concéntrico	2
condasabuvir	2
condensante	32
condicionada	7
condicionado	2
condicional	70
condicionales	2
condicionamiento	34
condiciones	861
condición	226
condiloma	5
condilomas	3
conditions	2
condones	61
condor	5
condritis	6
condrocalcinosis	67
condrocitos	4
condrodisplasia	2
condroesternal	4
condroitina	4
condroitín	13
condrolisis	12
condromalacia	36
condrosarcoma	4
conducción	416
conduce	174
conducen	61
conducido	8
conduciendo	20
conducir	375
conduciría	2
conducta	220
conductancia	23
conductas	83
conductiva	34
conductividad	35
conducto	2644
conductor	1370
conductos	250
conductual	57
conductuales	50
conducía	3
condujeron	100
condujo	130
conduzca	10
conduzcan	15
condylomata	3
condílea	22
condón	41
conecta	47
conectada	18
conectado	9
conectados	4
conectan	30
conectar	16
conectarse	3
conectará	2
conectivo	146
conectivopatías	2
conectivos	8
conector	14
coneja	2
conejas	3
conejo	26
conejos	22
conestat	8
conexiones	6
conexión	26
conferencia	2
conferida	7
conferido	4
conferir	13
confiable	26
confiables	11
confianza	1389
confiar	9
confidence	2
confieran	6
confiere	42
confieren	56
configuracion	2
configuración	10
confinada	3
confinado	2
confinados	3
confinamiento	4
confiriendo	3
confirieron	5
confirió	7
confirm	49
confirma	241
confirmaba	3
confirmación	219
confirmada	794
confirmadac	3
confirmadas	129
confirmado	556
confirmados	231
confirman	27
confirmando	4
confirmar	392
confirmara	5
confirmarla	3
confirmarlo	10
confirmaron	63
confirmarse	65
confirmará	3
confirmase	2
confirmatoria	14
confirmatorias	5
confirmatorio	22
confirmatorios	8
confirme	37
confirmen	6
confirms	9
confirmó	122
conflagraciones	9
conflagración	14
conflictivas	2
conflicto	12
conflictos	7
confluencia	4
confluente	2
confluentes	3
confluyente	6
conformación	21
conformada	2
conforme	562
conformidad	72
confort	2
confortable	4
confrontación	11
confunde	5
confunden	5
confundido	13
confundidos	8
confundir	28
confundirse	19
confusa	12
confusas	4
confusion	4
confusional	155
confusionales	14
confusiones	18
confusión	886
confusióna	3
confusos	2
confías	2
confíe	3
congelación	377
congelada	3
congeladas	2
congelado	33
congelador	9
congelados	14
congelamiento	5
congelar	4
congelarlas	2
congestion	6
congestiones	2
congestiva	666
congestivaa	2
congestivas	2
congestivo	15
congestión	443
conglobata	4
congruente	5
congruentes	4
congénita	582
congénitas	298
congénito	235
congénitos	197
conivaptán	3
conización	2
conjuga	6
conjugación	6
conjugada	88
conjugadas	6
conjugado	38
conjugados	79
conjunción	11
conjunctivitis	2
conjunta	467
conjuntamente	236
conjuntas	4
conjuntiva	131
conjuntival	274
conjuntivales	44
conjuntivas	2
conjuntivis	2
conjuntivitis	519
conjuntivitisa	3
conjuntivitisb	2
conjuntivo	1227
conjuntivocalasia	6
conjuntivos	2
conjunto	912
conjuntos	42
conlleva	112
conllevado	2
conllevan	30
conllevar	51
conllevaron	16
conllevaría	2
conlleven	5
conllevó	13
conminuta	716
conmociones	13
conmoción	99
conmúnmente	2
conn	3
conners	3
cono	3
conoce	625
conocen	131
conocer	142
conocerse	13
conocida	7622
conocidaa	21
conocidae	2
conocidaf	12
conocidas	363
conocido	788
conocidos	436
conocimiento	146
conocimientoa	2
conocimientos	31
conoció	2
conocía	9
conos	5
conozca	267
conozcan	9
conpirfenidona	2
cons	4
consciencia	200
conscienciaa	3
conscienciac	5
consciente	52
conscientes	70
consecución	51
consecuencia	912
consecuencias	197
consecuente	42
consecuentemente	46
consecuentes	16
consecutiva	15
consecutivamente	6
consecutivas	256
consecutivo	11
consecutivos	253
conseguida	12
conseguidas	8
conseguido	32
conseguir	256
conseguirse	20
conseguía	3
conseguían	2
consejero	29
consejeros	5
consejería	58
consejo	100
consejos	42
consenso	55
consensuada	2
consensuados	2
consentimiento	123
conserva	11
conservaba	7
conservación	33
conservada	21
conservadas	3
conservado	8
conservador	21
conservadora	14
conservadoras	6
conservadores	3
conservan	9
conservante	32
conservantes	29
conservar	20
conservaron	18
conservarse	12
conserve	7
conservó	6
considera	926
consideraba	35
consideraban	12
considerable	88
considerablemente	94
considerables	13
consideraciones	78
consideración	212
considerada	93
consideradas	90
considerado	106
considerados	152
consideran	177
considerando	93
considerar	3173
considerara	4
consideraran	3
considerarlo	3
consideraron	200
considerarse	994
considerará	124
considerarán	14
considerarían	2
considerase	3
considerasen	2
considere	443
consideren	31
considerándose	5
consideró	178
consiga	46
consigan	4
consignarse	2
consigo	36
consigue	81
consiguen	29
consiguiendo	16
consiguiente	386
consiguientemente	4
consiguientes	9
consiguieron	97
consiguiéndose	3
consiguió	75
consista	2
consiste	262
consisten	41
consistencia	33
consistente	452
consistentemente	28
consistentes	337
consistiendo	4
consistieran	2
consistieron	55
consistir	45
consistió	129
consistía	28
consistían	5
consolidación	6258
consolidada	6
consolidar	8
consonancia	45
consorcio	16
consortium	5
consta	64
constaba	24
constancia	16
constante	207
constantemente	42
constantes	97
constar	4
constata	4
constatada	2
constatadas	3
constatado	10
constatados	5
constatan	2
constatar	7
constataron	4
constató	8
constella	10
constellatus	8
constipación	16
constitucional	6
constitucionales	11
constitución	6
constituida	22
constituido	18
constituidos	3
constituir	23
constitutiva	19
constituya	7
constituye	90
constituyen	53
constituyendo	5
constituyente	14
constituyentes	12
constituyeron	13
constituyó	2
constituían	4
constricción	456
constrictiva	16
construcción	89
construidos	3
construir	3
constó	9
consulta	196
consultado	2
consultar	1957
consultarlo	6
consultarse	46
consultará	9
consultas	13
consulte	766
consulten	114
consultorio	59
consultorios	2
consuma	28
consumado	15
consumadob	2
consuman	23
consume	157
consumen	67
consumida	2
consumido	10
consumidor	2
consumidores	14
consumiendo	17
consumir	171
consumirla	4
consumirlo	5
consumirlos	2
consumirse	5
consumió	8
consumo	1063
consumían	3
consuntiva	2
consuntivas	5
consúltelo	3
consúltese	11
cont	5
contaba	7
contaban	14
contabilizado	2
contabilizados	3
contabilizan	3
contabilizaron	9
contabilizó	2
contact	2
contactar	77
contacte	40
contacten	44
contacto	39873
contactos	43
contador	32
contados	4
contagia	14
contagian	10
contagiar	24
contagiarse	22
contagiará	4
contagie	4
contagien	2
contagio	17
contagios	3
contagiosa	16
contagiosas	12
contagioso	19
contagiosos	3
contagiosum	2
contaje	10
contaminación	132
contaminada	44
contaminadas	40
contaminado	7
contaminados	43
contaminantes	39
contaminar	15
contaminarse	3
contaminen	15
contando	5
contar	45
contarle	2
contaron	29
contarse	7
contempla	5
contempladas	5
contemplar	55
contemplarse	6
contempló	2
contemporáneo	7
contendor	2
contendrá	5
contenedor	46
contenedores	4
contener	115
contenga	180
contengan	384
contenida	21
contenidas	11
contenido	885
contenidos	13
conteniendo	60
contenía	82
contenían	111
conteo	171
conteos	10
contesta	4
contestado	2
contestar	11
conteste	2
contexto	297
contextos	7
contiene	4085
contienen	969
contigo	3
contigua	2
contiguas	68
contiguos	8
contine	2
continencia	3
continental	7
continente	8
continua	726
continuaba	35
continuaban	26
continuacion	6
continuación	2094
continuada	2337
continuadad	2
continuadas	7
continuado	410
continuados	15
continuamente	50
continuan	2
continuando	21
continuar	1468
continuaran	7
continuarla	10
continuarlo	8
continuaron	453
continuarse	115
continuará	29
continuas	36
continuase	3
continuation	4
continue	6
continuidad	55
continuo	237
continuos	44
continuous	2
continuándose	2
continuó	245
continúa	262
continúan	76
continúe	42
continúen	26
continúo	2
contorneado	13
contorno	3
contra	1910
contracciones	161
contracción	88
contracepción	12
contraceptivos	2
contractibilidad	10
contractilidad	75
contractura	83
contracturas	28
contradictorios	4
contrae	38
contraen	54
contraer	286
contraerla	16
contraerlas	2
contraerlo	7
contraerse	4
contraiga	19
contraigan	5
contraindica	5
contraindicaciones	253
contraindicación	139
contraindicada	406
contraindicadas	44
contraindicado	1092
contraindicados	90
contraindican	2
contraindicar	6
contraindique	6
contraindiquen	3
contrairritante	2
contraión	3
contrajeron	6
contrajo	4
contralateral	57
contramedida	2
contraposición	6
contrapulsación	23
contraria	6
contrariamente	2
contrario	195
contrarregulación	9
contrarreguladoras	2
contrarresta	10
contrarrestada	4
contrarrestado	4
contrarrestan	4
contrarrestar	36
contrarrestarla	2
contrarrestará	2
contras	5
contraseña	2
contraste	4095
contrastes	6
contratan	3
contratar	5
contratarlo	2
contrayendo	2
contrayéndose	2
contraídas	13
contraído	3
contribuciones	10
contribución	51
contribuido	19
contribuir	229
contribuirán	2
contributivos	2
contribuya	16
contribuyan	5
contribuye	101
contribuyen	79
contribuyendo	12
contribuyente	13
contribuyentes	9
contribuyeron	19
contribuyó	10
contribuían	2
control	4337
controla	196
controlable	11
controlables	15
controlada	884
controladaa	2
controladas	170
controlado	2576
controlador	12
controlados	2764
controlan	154
controlando	27
controlar	1821
controlara	3
controlarla	15
controlarlas	5
controlarles	2
controlarlo	14
controlarlos	13
controlaron	34
controlarse	270
controlará	18
controlarán	7
controle	64
controlen	30
controles	399
controlándose	2
controló	28
controversia	11
contráctil	7
contráctiles	4
contundente	4
contusionada	2
contusiones	27
contusión	1102
contuviera	6
contuviese	2
contínua	7
contó	7
convalecencia	3
convalecencias	10
convaleciente	2
convalecientes	5
convencional	391
convencionales	135
convencionalesa	2
convenciones	14
convención	412
conveniencia	23
conveniente	92
convenientemente	19
convenio	65
convergencia	3
conversacional	4
conversaciones	12
conversación	43
conversar	11
converse	26
conversión	359
conversor	9
conversora	29
conversores	3
convertasa	8
convertida	2
convertido	19
convertidor	6
convertidora	437
convertidos	6
convertir	23
convertirla	3
convertirlo	3
convertirse	106
convertirán	6
convexidad	3
conviene	38
convierta	5
conviertan	15
convierte	133
convierten	33
convincente	4
convincentes	5
convirtiendo	5
convirtieron	12
convirtió	6
conviven	2
convivencia	3
convivientes	2
convulsion	4
convulsiones	1368
convulsionesc	6
convulsionesd	7
convulsionese	2
convulsiva	33
convulsivab	2
convulsivante	2
convulsivas	162
convulsivo	63
convulsivos	78
convulsión	162
coomb	2
coombs	92
cooperación	6
cooperadores	7
cooperar	4
cooperativa	5
cooperative	70
cooperativo	37
coopere	2
coordina	3
coordinación	213
coordinada	4
coordinador	13
coordinar	18
cop	2
copa	3
copadm	2
copas	2
copaxone	49
copd	13
copernicus	14
copia	47
copiada	2
copias	1062
copies	2
copinal	2
copiosa	4
copiosas	2
copolímero	3
coprimaria	16
coprimarias	61
coprimario	4
coprimarios	3
coprincipal	4
coprincipales	16
coprolitos	2
coproporfiria	5
coprostasis	3
cor	33
coracohumeral	13
coracoides	49
coral	19
corazones	6
corazón	1746
corchetes	6
cordero	2
cordocentesis	2
cordones	67
cordón	538
core	11
corea	56
coreana	3
coreanos	5
coreiformes	4
coreoatetosis	10
coreoatetósicos	3
coriandro	2
corifolitropina	17
corioamnionitis	40
coriocarcinoma	5
coriogonadotropina	2
coriones	5
corioretinitis	2
corioretinopatía	4
coriorretiniana	62
coriorretinianas	23
coriorretinianos	2
coriorretinitis	15
coriorretinopatía	103
coriónica	43
coriónicas	52
cornea	6
corneal	459
corneales	139
corneanos	2
corneocitos	2
cornete	108
cornetes	2
cornezuelo	19
cornificación	2
cornificado	2
coroidal	20
coroidea	65
coroideo	155
coroideos	3
coroides	78
coroiditis	4
coronal	9
coronaria	1734
coronariadocumentada	2
coronarias	234
coronario	227
coronariopatía	9
coronariopatías	3
coronarios	89
coronary	5
coronavirus	72
coronoides	125
coronur	20
corotrope	8
corporal	3238
corporales	223
corporis	20
corpuscular	18
corpórea	2
corra	2
corral	5
corre	22
correa	2
correas	2
correcciones	3
corrección	219
correct	4
correcta	189
correctamente	148
correctas	7
correctiva	5
correctivas	9
correctivo	12
correctivos	3
correcto	97
corrector	9
correctora	10
correctoras	11
correctores	3
correctos	13
corregible	2
corregida	121
corregidas	56
corregido	165
corregidos	27
corregir	201
corregirlos	2
corregirse	84
corregirá	2
correl	2
correlaciona	39
correlacionaban	3
correlacionada	4
correlacionadas	4
correlacionado	5
correlacionados	4
correlacionan	24
correlacionaron	6
correlacionarse	4
correlacionen	5
correlaciones	5
correlacionó	9
correlación	119
correlato	2
correlatos	4
corren	77
correo	14
correos	3
correr	91
correrá	2
corresponda	86
correspondan	4
corresponde	256
corresponden	89
correspondencia	6
corresponder	9
correspondería	4
correspondiendo	11
correspondiente	448
correspondientes	295
correspondieron	2
correspondiese	2
correspondió	9
correspondía	7
correspondían	15
corriente	68
corrientes	15
corrige	19
corrigen	6
corrigiendo	4
corrigieron	4
corrija	27
corrijan	4
corrimiento	5
corrina	4
corrobora	2
corroborado	6
corroborados	6
corroboran	4
corroborar	3
corroboraron	3
corroboró	5
corrodens	3
corrosiones	104
corrosiva	22
corrosivos	54
corrosión	1914
corrugador	3
corta	595
cortada	4
cortadas	2
cortadura	4
cortaduras	4
cortafriol	4
cortan	3
cortando	3
cortante	16
cortar	24
cortarse	9
cortas	32
cortauñas	2
cortaúñas	4
corte	1001
cortes	55
corteza	85
cortical	108
corticales	27
corticalismo	2
cortico	3
corticoespinal	2
corticoesteroide	68
corticoesteroideo	2
corticoesteroides	679
corticoesteroidesa	2
corticoesteroidesd	3
corticoide	41
corticoides	409
corticorrefractarios	5
corticostecoides	2
corticosteriodes	6
corticosterioides	3
corticosteroide	233
corticosteroidea	8
corticosteroideo	6
corticosteroides	2346
corticosteroidesa	2
corticosteroidesc	2
corticosterona	2
corticosuprarrenal	46
corticoterapia	7
corticotropina	17
cortina	2
cortinas	3
cortisol	313
cortison	5
cortisona	8
cortisónicos	2
corto	581
cortocircuito	4
cortocircuitos	6
cortos	110
corynebacterium	50
cos	47
cosa	38
cosas	208
cosechadora	6
cosentyx	35
coser	7
coslan	6
cosmic	14
cosmofer	13
cosmética	2
cosmético	6
cosméticos	36
cosopt	16
cosquillas	4
cosquilleante	2
cosquilleo	22
costa	14
costado	29
costados	5
costal	7
costart	3
costicosteroides	2
costilla	100
costillas	267
costo	19
costocondritis	3
costos	8
costosa	2
costosas	4
costoso	3
costra	28
costras	38
costumbre	17
costura	2
costuras	2
cota	2
cotejo	5
cotellic	121
cotidiana	17
cotidianas	34
cotidianos	2
cotinina	2
cotransportador	26
cotransporte	6
cotrimoxazol	67
cottage	2
cough	25
couldina	5
coulter	2
coumadin	2
council	3
cov	840
covalente	30
covalentemente	9
covalentes	6
covariable	60
covariables	65
covariada	3
covariante	3
covarianza	71
covarianzas	7
cover	14
coversyl	25
covex	2
covid	1612
cowden	3
cox	380
coxa	10
coxib	12
coxibs	6
coxiella	4
cozaar	13
coágulo	136
coágulos	218
cp	45
cpae	2
cpap	18
cpb	10
cpc	2
cpco	26
cper	11
cph	5
cphs	2
cphsm	43
cphsnm	8
cpk	204
cpm	61
cpmc	2
cpnm	994
cpp	26
cpra	2
cprc	30
cprcm	59
cprcnm	11
cpre	12
cprs	2
cps	150
cpsc	5
cpt	83
cptp	2
cpx	2
cqr	9
cr	191
crack	4
craf	4
crafft	4
craneal	334
craneales	70
craneoencefálico	21
craneoencefálicos	2
craneoespinal	3
craneofacial	9
craneofaciales	5
craneofaríngeo	3
craneosinostosis	24
craneotomia	2
craneotomía	8
crataegus	3
crb	5
crbn	2
crc	27
crcl	181
crd	5
crde	2
crea	25
creación	26
creada	81
creadas	5
creado	5
crean	10
creando	8
crear	80
creará	6
creatin	13
creatina	297
creatinafosfoquinasa	2
creatincinasa	18
creatinfosfo	2
creatinfosfokinasa	4
creatinfosfoquinasa	94
creatinin	5
creatinina	2783
creatininab	4
creatinine	2
creatininemia	9
creatininfosfokinasa	3
creatininfosfoquinasa	2
creatininquinasa	4
creatininuria	2
creatinquinasa	6
crece	93
crecen	70
crecer	111
crecido	8
creciendo	43
creciente	29
crecientes	88
crecieron	3
crecimiento	1858
crecimientos	39
credence	8
credé	2
cree	189
creen	34
creencia	3
creencias	8
creer	6
crema	524
cremas	53
creo	4
crepitaciones	3
crepitante	9
crepitantes	3
cresemba	7
cresta	31
crestas	2
cretinismo	5
creutzfeldt	8
crezca	21
crezcan	30
creándose	2
creó	2
crf	9
crgit	2
cri	397
crianza	11
cribadas	2
cribado	273
cribados	4
cribaje	2
cribar	2
cric	11
crim	8
crioaglutininas	4
criocirugía	3
crioconservación	4
criopirina	8
crioprecipitado	11
crioprecipitados	5
criopreservación	5
criopreservó	3
crioterapia	5
cripotococosis	2
cripta	4
criptas	30
criptococosis	22
criptocócica	28
criptocócicas	6
criptosporidio	2
criptosporidiosis	23
criptón	2
crisantaspasa	21
crisis	1729
crisol	6
crispr	3
cristal	16
cristales	122
cristalina	4
cristalinas	2
cristalino	191
cristalinos	8
cristalizable	4
cristalización	4
cristalizada	2
cristalizar	2
cristaloide	2
cristaloides	5
cristaluria	36
crit	2
criteria	64
criterio	1216
criterios	1862
crithidia	2
criticaran	2
crizanlizumab	28
crizotinib	275
crl	2
crm	20
crmb	6
crmd	2
croff	2
crohn	515
cromafines	2
cromatina	2
cromato	5
cromatografía	15
cromatográfico	4
cromatográficos	6
cromatonbic	2
cromatopsia	9
cromaturia	36
cromo	28
cromoblastomicosis	4
cromoglicato	7
cromogranina	9
cromogénica	9
cromogénico	31
cromogénicos	7
cromomicosis	4
cromosoma	254
cromosomas	128
cromosómica	97
cromosómicamente	3
cromosómicas	51
cromosómico	26
cromosómicos	29
cromática	2
cromátides	2
cronica	4
cronicidad	7
cronología	2
cronológica	11
cronológicamente	2
cronológico	7
cronometrada	8
cronotropa	4
cronotrópico	17
cronotrópicos	2
cross	2
crovalimab	95
crowley	36
crown	8
crp	21
crric	10
crrt	4
crs	3
crsc	66
crsg	5
crt	18
crtc	3
crts	3
cru	10
cruce	50
cruceros	2
crucial	6
cruciales	5
cruda	10
crudas	7
crudos	7
cruise	6
crup	15
crural	2
cruris	18
crustáceos	6
cruz	2
cruza	3
cruzada	509
cruzadas	67
cruzado	133
cruzados	42
cruzamiento	3
cruzan	3
cruzar	12
cruzaron	28
cruzarse	2
cruzi	11
cruzó	6
crvb	10
cryptococcus	5
cryptosporidium	2
crystal	9
crysvita	8
cráneo	314
cría	2
crías	5
crítica	36
críticamente	11
críticas	12
crítico	57
críticos	36
crónica	4302
crónicaa	3
crónicahistológicamente	2
crónicamente	4
crónicas	408
crónicasa	2
crónico	605
crónicos	155
cs	214
csa	27
csc	34
cscr	3
cse	2
csf	251
csfs	7
csi	3
csot	5
css	20
cssti	3
cst	41
ct	194
cta	3
ctace	2
ctc	100
ctcaa	4
ctcae	480
ctcaea	16
ctcaeb	4
ctcaec	16
ctdna	5
ctf	5
ctgp	2
ctla	41
ctn	8
ctni	2
ctnt	2
ctotal	2
ctp	23
ctv	34
ctvm	10
ctx	21
cu	142
cuaderno	9
cuado	3
cuadrado	58
cuadrados	468
cuadradosa	4
cuadrante	318
cuadrantes	7
cuadriparesia	2
cuadro	190
cuadros	101
cuadruplicar	3
cuadrática	4
cual	899
cuales	992
cualesquiera	5
cualificación	2
cualificada	3
cualificadas	3
cualificado	142
cualificados	25
cualitativa	9
cualitativamente	14
cualitativas	6
cualitativo	8
cualquier	4732
cualquiera	620
cuando	9660
cuanta	4
cuantas	6
cuantifica	3
cuantificable	16
cuantificación	164
cuantificada	4
cuantificado	6
cuantifican	11
cuantificar	19
cuantificó	3
cuantitativa	65
cuantitativamente	17
cuantitativas	15
cuantitativo	29
cuantitativos	8
cuanto	803
cuantos	18
cuarenta	73
cuarta	346
cuartas	3
cuartel	3
cuartil	21
cuartiles	4
cuarto	305
cuartos	3
cuaternaria	3
cuaternario	19
cuaternarios	2
cuatrillizos	4
cuatro	1749
cuatrocientos	3
cuatrocrem	9
cubeta	4
cubierta	50
cubiertas	15
cubierto	8
cubiertos	7
cubital	486
cubitocarpiano	13
cubo	49
cuboides	49
cubos	2
cubra	8
cubran	4
cubre	39
cubren	14
cubriendo	15
cubrir	63
cubrirla	3
cubrirse	17
cubrirá	9
cubriéndola	2
cucarachas	2
cuchara	18
cucharada	17
cucharadas	13
cucharadita	7
cucharaditas	11
cucharas	3
cucharilla	9
cucharita	2
cuchillas	5
cuchillo	41
cuello	3483
cuem	5
cuenta	2140
cuentagotas	51
cuentan	16
cuentas	9
cuente	9
cuenten	7
cuerda	175
cuerdas	90
cuerno	48
cuero	377
cuerpo	7652
cuerpob	3
cuerpos	191
cuesta	12
cuestan	2
cuestionable	35
cuestionado	3
cuestionar	5
cuestionario	424
cuestionarios	45
cuestione	14
cuestiones	4
cuestión	36
cuge	12
cuida	11
cuidado	718
cuidador	205
cuidadores	416
cuidados	499
cuidadosa	520
cuidadosamente	969
cuidadoso	190
cuidan	3
cuidar	61
cuidarse	14
cuide	5
cuiden	3
culebrilla	72
cullin	3
culmina	5
culpa	15
culpable	10
cultivan	4
cultivar	2
cultivo	299
cultivos	168
cultura	2
culturales	3
cum	4
cumarina	21
cumarinas	10
cumarínica	6
cumarínico	9
cumarínicos	30
cumi	8
cumpla	18
cumplan	44
cumple	43
cumpleaños	2
cumplen	65
cumplida	2
cumplido	27
cumplidoe	2
cumpliendo	56
cumpliera	8
cumplieran	8
cumplieron	174
cumpliesen	3
cumplimentado	3
cumplimiento	133
cumplir	111
cumplirse	8
cumplió	119
cumplía	30
cumplían	120
cuna	3
cuneiforme	196
cunningham	24
cuota	2
cupid	23
cupremia	2
cupripen	2
cura	167
curable	3
curación	258
curada	15
curadas	6
curado	24
curados	11
curan	19
curar	47
curare	3
curariforme	6
curarización	4
curarla	5
curaron	2
curarse	16
curará	2
curarán	2
curas	3041
curativa	64
curativas	2
curativo	38
curativos	4
cure	11
curen	2
cureta	2
curetaje	6
curium	4
curosurf	17
currents	2
cursa	15
cursaban	2
cursado	3
cursan	72
cursar	12
cursaron	2
cursen	68
cursiva	15
curso	575
cursos	2
curtida	2
curva	415
curvan	6
curvas	244
curvatura	16
curó	2
cushing	239
cushingoide	13
cushingoideo	4
cushingoides	13
custodia	3
cusí	5
cut	25
cutanea	5
cutibacterium	5
cutis	3
cutánea	1787
cutáneaa	5
cutáneab	2
cutánead	2
cutáneae	4
cutáneaq	2
cutáneas	1765
cutáneasa	2
cutáneaz	2
cutáneo	921
cutáneob	3
cutáneos	125
cutícula	5
cuya	500
cuyas	64
cuyo	257
cuyos	196
cuádriceps	55
cuádruple	34
cuál	136
cuáles	657
cuán	20
cuándo	152
cuánta	67
cuántas	28
cuánto	171
cuántos	11
cuéntele	2
cuña	106
cv	339
cvad	9
cvalor	6
cvb	20
cvc	9
cvds	2
cvf	179
cvh	15
cvmi	24
cvo	39
cvos	4
cvp	37
cvrs	11
cvs	2
cvt	2
cvvhdf	2
cvvhf	2
cws	3
cxm	3
cy	3
cyclinex	2
cym	4
cymevene	11
cynara	3
cyp	69
cyramza	92
cys	3
cystadane	6
cystagon	17
cysturol	4
cytotec	3
cyve	7
cálcica	24
cálcico	102
cálcicos	5
cálculo	245
cálculos	310
cálida	5
cálidas	8
cálido	5
cálidos	4
cámara	247
cámaras	30
cáncer	6854
cánceres	183
cándida	65
cándidas	10
cánula	123
cánulas	3
cápside	22
cápsides	3
cápsula	451
cápsulas	750
cárceles	2
cártamo	2
cáscara	7
cáustica	5
cáustico	4
cél	31
célula	235
células	6807
célulasb	2
cérvix	304
césped	11
cíclica	31
cíclicamente	5
cíclico	82
cíclicos	14
cíngulo	10
círculo	2
círculos	8
cístico	178
cítricas	2
cítrico	25
cítricos	2
cóccix	128
cóclea	14
código	2219
códigos	3
cólera	37
cólica	403
cólico	74
cólicos	40
cómo	1544
cómoda	20
cómodamente	3
cómodo	11
cómodos	4
cóndilo	684
cóngenitas	2
cónyuge	9
cónyuges	3
córnea	492
córneas	17
córneo	10
córtex	6
córticosuprarrenal	2
cúbico	5
cúbito	2024
cúbrase	7
cúmulo	2
cúmulos	2
cúprico	2
cúpula	100
d	2512
da	466
daa	2
daat	2
daban	3
dabigatran	5
dabigatrán	314
dabrafenib	440
dacarbacina	29
dacarbazina	68
dacd	63
dach	2
daclatasvir	11
daclizumab	2
daco	4
dacomitinib	48
dacortín	5
dacrioadenitis	17
dacriocistitis	26
dacriocistografía	7
dacrioestenosis	2
dacriolito	5
dacriops	5
dacriostenosis	2
dacrolux	8
dactilitis	45
dactylis	2
dad	12
dada	154
dadas	25
dades	2
dado	1098
dador	2
dadores	3
dados	21
daflon	4
daga	24
dagt	8
dai	3
daily	13
daivobet	32
daivonex	17
daktarin	9
dalbavancina	49
dalfampridina	4
dalfopristina	2
dalsydol	3
dalteparina	52
dalton	4
daltonismo	6
daltons	15
damlecovateína	22
damoctocog	3
damos	2
dampa	10
dan	139
dana	2
danaparoide	70
danazol	42
dando	210
danesa	2
danicopán	37
danlos	17
dantroleno	31
danés	22
dao	4
daonil	14
dap	4
dapa	23
dapagliflozin	2
dapagliflozina	636
dapagliflozinaa	3
dapagliflozinac	2
dapoxetina	7
dapsona	11
dapt	4
daptomicina	140
dar	905
daraprim	5
daratumumab	95
darbepoetina	46
darboepoetina	2
dariante	2
daridorexant	34
darier	5
darifenacina	27
darle	84
darles	9
darolutamida	117
darse	151
darstin	4
darunavir	422
darvadstrocel	15
darwin	10
darzalex	82
dará	56
darán	18
daría	8
das	24
dasabuvir	294
dasatinib	277
dash	14
dast	6
data	13
database	2
dato	36
datos	10043
datscan	3
daun	3
daunoblastina	2
daunorrubicina	5
daunorubicina	114
daurismo	74
davc	24
davesomerán	20
davesomeránc	2
davp	2
dawnzera	33
day	5
daybreak	3
days	3
daña	62
dañada	73
dañadas	39
dañado	76
dañados	37
dañan	44
dañando	9
dañar	177
dañarlo	3
dañaron	2
dañarse	8
dañarán	4
dañe	7
dañen	4
dañina	23
dañinas	37
dañino	22
dañinos	32
daño	1648
daños	1377
dañándolo	2
db	21
dbpcfc	20
dbw	7
dc	5
dcac	2
dcarbh	9
dcc	10
dcct	24
dce	12
dci	4
dcl	27
dcla	4
dcllfxz	5
dcm	10
dcmz	6
dco	53
dcp	2
dcr	14
dcv	6
dd	53
ddavp	4
ddc	24
ddfs	5
ddi	4
ddis	2
ddivi	2
ddr	114
ddrb	6
ddrc	7
ddrcb	2
ddébil	3
de	919751
dea	12
deambulación	23
deambulante	2
deambulantes	3
deambular	2
deaminada	2
deanol	4
deanxit	12
deas	2
deb	3
deba	281
debajo	942
deban	36
debate	2
debe	35022
deben	11655
deber	51
debera	24
deberan	4
deberia	2
deberian	2
deberse	138
deberá	2952
deberán	855
debería	606
deberían	269
debes	4
debida	2378
debidamente	79
debidas	594
debido	6835
debidos	201
debiendo	33
debiera	7
debieran	2
debieron	15
debilidad	1046
debilita	20
debilitada	2
debilitadas	5
debilitado	59
debilitados	161
debilitamiento	13
debilitan	20
debilitando	5
debilitante	3
debilitantes	8
debilitar	17
debilitarse	7
debiliten	5
debiéndose	28
debió	36
debo	39
debía	47
debían	244
dec	10
deca	2
decaimiento	6
decanoato	5
decapeptyl	4
decapéptido	3
decarboxilación	5
decentán	29
dechenne	2
decida	26
decidan	2
decide	66
deciden	9
decides	3
decidiera	4
decidieron	2
decidir	171
decidirse	6
decidirá	18
decidió	3
deciles	2
decilitro	9
decimales	4
decir	1180
decirle	50
decirlo	2
decisiones	119
decisiva	4
decisión	389
decitabina	110
declara	49
declarada	5
declarado	10
declarados	3
declarar	15
declararon	6
declare	27
declaró	5
declina	2
declive	6
decolora	2
decoloraciones	2
decoloración	186
decolorada	2
decoloradas	4
decolorado	3
decorticación	11
decrece	5
decreciendo	3
decreciente	788
decremento	2
decrementos	3
decreto	2
decualinio	9
decubito	2
decúbito	59
dedica	3
dedicación	3
dedicada	2
dedicado	5
dedo	7191
dedos	538
deduce	18
deducida	2
deducido	2
deducir	20
deducirse	2
dee	2
deet	11
def	3
defecaciones	2
defecación	44
defecar	23
defecatoria	11
defecatorio	2
defecto	300
defectos	519
defectuosa	2675
defectuosas	6
defectuoso	10
defectuosos	2
defenderse	5
defensa	20
defensas	19
defensor	2
defeque	3
deferasirox	104
deferente	344
deferentes	97
deferiprona	39
deferoxamina	48
defi	14
deficiencia	1968
deficiencias	118
deficiency	8
deficiente	137
deficientemente	2
deficientes	20
deficit	3
deficitarias	5
deficitarios	3
defiende	2
defienden	5
define	522
definen	606
definiciones	53
definición	158
definida	802
definidas	112
definido	450
definidos	176
definiendo	8
definieron	71
definir	32
definirse	9
definitiva	239
definitivamente	192
definitivas	38
definitivo	47
definitivos	14
definiéndose	9
definió	593
deflazacort	20
deformabilidad	6
deformaciones	15
deformación	12
deformante	71
deformantes	12
deformidad	167
deformidades	66
degarelix	40
degeneraciones	2
degeneración	233
degenerar	3
degenerativa	43
degenerativas	35
degenerativo	2
degenerativos	33
deglución	76
degludec	79
deglutidos	10
deglutir	5
degrada	35
degradación	140
degradadas	4
degradador	2
degradados	2
degradan	6
degradar	4
degranulación	7
dehidrocolesterol	2
dehidroepiandrosterona	3
dehidrogenasa	3
dehiscencia	32
dei	24
deiron	4
deja	72
dejaba	4
dejada	10
dejadas	6
dejado	235
dejan	31
dejando	14
dejar	429
dejarla	2
dejarlo	11
dejaron	26
dejarse	13
dejará	6
deje	206
dejen	32
dejándola	2
dejó	12
del	132118
dela	8
delafloxacino	28
delamanid	71
delamanida	13
delantal	5
delante	47
delantera	9
delapril	5
delas	2
delavirdina	17
dele	6
deleciones	20
deleción	113
deletrear	3
deletérea	19
deletéreas	12
delfín	16
delgada	52
delgadas	12
delgado	680
delgados	19
delgocitinib	39
delhi	2
delicada	4
delicadamente	4
delicado	4
delicados	2
delimitación	2
delimitada	3
delineación	9
delirante	12
delirantes	48
delirio	233
deliriob	2
delirioe	2
delirios	67
delirium	20
deliver	16
dellen	2
dellphi	3
delos	2
delphi	2
delsistema	3
delstrigo	34
delta	217
deltoide	6
deltoidea	8
deltoideo	13
deltoides	36
deltyba	7
dem	3
demanda	224
demandas	8
demasiada	190
demasiadas	33
demasiado	796
demasiados	37
demeddra	2
demencia	529
demencias	6
demets	20
demo	2
demografía	15
demográfica	3
demográficas	363
demográficos	154
demora	38
demorar	4
demorarse	2
demostado	2
demostraba	5
demostración	28
demostrada	124
demostradamente	2
demostradas	12
demostrado	1355
demostrados	11
demostrando	61
demostrar	142
demostrara	2
demostraran	2
demostraron	315
demostrarse	10
demostrativos	2
demostrándose	5
demostró	1071
demuestra	94
demuestran	106
demuestre	17
demuestren	11
demulcente	4
demulcentes	26
demás	254
den	66
dendríticas	15
denervación	5
dengue	162
denomina	51
denominaciones	2
denominación	8
denominada	19
denominadas	4
denominado	59
denominador	65
denominadores	7
denominados	16
denominan	16
denominaron	4
denominarse	3
denosumab	53
denota	10
densa	3
densamente	4
densas	10
densidad	689
densitometría	31
denso	4
densos	14
dentada	11
dentado	2
dentadura	15
dentaduras	25
dental	389
dentales	197
dentaria	8
dentición	6
dentina	3
dentista	69
dentistas	9
dentofaciales	6
dentro	2731
denubil	4
denv	35
denvar	6
deoxi	3
deoxicitidina	2
deoxicolato	6
dep	5
depacientes	2
depakine	15
depararon	4
departamento	32
department	3
depemokimab	51
dependa	3
dependan	7
depende	640
dependen	267
dependencia	792
dependencias	2
depender	68
dependerá	160
dependerán	58
dependiendo	712
dependiente	885
dependientes	387
dependieron	2
dependió	13
dependía	8
dependían	9
depilación	8
deplección	6
deplecionado	2
depleciones	2
depleción	348
deplectores	4
deporte	27
deportes	55
deportistas	143
deportiva	13
deportivas	25
deportivo	74
deportivos	16
deposiciones	195
deposición	63
deposita	9
depositan	2
depositar	8
depositarse	6
deposite	2
depot	80
depr	44
depresible	2
depresiones	15
depresiva	23
depresivas	5
depresivo	217
depresivos	162
depresión	2373
depresor	50
depresora	10
depresoras	2
depresores	188
depression	8
deprime	13
deprimen	5
deprimida	10
deprimido	73
deprimidoc	3
deprimidos	8
deprimiendo	4
deprimir	12
deprimirse	3
deprisa	2
deprivación	116
dept	4
depuración	8
depurar	2
depués	4
depósito	155
depósitos	153
der	15
dercutane	19
derecha	17734
derechas	177
derecho	19119
derechos	415
deriva	32
derivaciones	17
derivación	6600
derivada	70
derivadas	90
derivado	300
derivados	778
derivan	50
derivando	7
derivar	98
derivarlo	9
derivaron	16
derivarse	7
derivará	3
derivativa	3
derive	6
derivó	10
dermabrasión	2
dermatitidis	2
dermatitis	1834
dermatitisa	3
dermatocalasia	8
dermatocalasis	3
dermatofibrosarcoma	2
dermatofitos	35
dermatofitosis	23
dermatofíticas	4
dermatologicos	2
dermatology	23
dermatología	38
dermatológica	41
dermatológicamente	3
dermatológicas	94
dermatológico	23
dermatológicos	53
dermatoma	4
dermatomicosis	8
dermatomiositis	45
dermatopatológica	2
dermatophagoides	2
dermatopolimiositis	7
dermatosis	79
dermatán	8
dermatólogo	19
dermatólogos	5
dermis	12
dermo	9
dermoabrasión	5
dermografismos	2
dermosa	2
derrama	2
derrame	538
derrames	63
derramó	2
derrumbamiento	12
dersimonian	4
deruxtecán	18
des	20
desabastecimiento	17
desabastecimientos	17
desaceleración	3
desaconseja	27
desaconsejable	3
desaconsejada	4
desaconsejado	4
desaconsejar	4
desaconsejarse	3
desacoplar	2
desactivación	3
desactivados	2
desafiante	3
desafortunadamente	2
desafío	12
desafíos	25
desagradable	28
desagradables	9
desagüe	7
desagües	2
desajuste	2
desaminación	5
desaminasa	16
desaparece	193
desaparecen	383
desaparecer	136
desaparecerá	6
desaparecerán	3
desaparecida	2
desaparecido	47
desaparecidos	4
desapareciendo	11
desaparecieron	27
desapareció	19
desaparecía	3
desaparezca	36
desaparezcan	41
desaparición	113
desapercibida	2
desapercibidas	3
desapercibido	2
desapercibidos	14
desarreglos	4
desarrol	5
desarrolla	344
desarrollaban	4
desarrollada	13
desarrolladas	11
desarrollado	227
desarrollados	9
desarrollan	323
desarrollando	25
desarrollar	1206
desarrollara	8
desarrollaran	2
desarrollarla	14
desarrollarlo	6
desarrollarlos	2
desarrollaron	382
desarrollarse	177
desarrollará	7
desarrollarán	5
desarrollase	3
desarrolle	78
desarrollen	295
desarrollo	1842
desarrollándose	4
desarrolló	156
desars	3
desasosiego	7
desastre	27
desastres	17
desaturación	15
desavenencias	3
desayunar	3
desayuno	98
desbridada	4
desbridado	2
desbridamiento	41
desc	2
descalcificación	2
descalzo	15
descamación	122
descamativa	4
descamativas	6
descamativo	2
descamativos	2
descansa	3
descansado	2
descansando	3
descansar	36
descanse	8
descansen	2
descanso	161
descansos	7
descarboxilación	15
descarboxilasa	44
descarga	45
descargas	10
descarrilamiento	12
descarta	63
descartada	9
descartadas	5
descartado	52
descartados	2
descartan	15
descartando	5
descartar	463
descartarse	123
descartará	2
descarte	8
descartó	3
descelularizada	12
descemet	10
descemetocele	5
descendencia	5
descendente	509
descendentes	16
descender	24
descendido	29
descendidos	3
descendiendo	5
descendiente	10
descendientes	2
descendieron	16
descendió	16
descendía	2
descendían	2
descenso	762
descensos	144
descerebración	11
descienda	14
desciendan	5
desciende	42
descienden	11
descoloridas	5
descompensaciones	2
descompensación	180
descompensada	194
descompensadas	2
descompensados	5
descompesada	2
descompone	59
descomponen	21
descomponer	39
descomponerla	2
descomponerlo	2
descomponerse	2
descomponga	4
descomponiendo	3
descomposición	23
descomposiciónn	2
descompresión	23
descompuestos	2
desconcentran	2
desconectar	2
desconectarla	2
descongelacion	4
descongelación	21
descongelada	2
descongelado	2
descongelados	4
descongelar	4
descongelarse	5
descongestionante	31
descongestionantes	27
descongestionar	2
descongestiva	6
descongestivo	13
descongestivos	26
descongestión	8
desconoce	680
desconocedor	6
desconocen	63
desconocida	526
desconocidas	45
desconocido	296
desconocidos	46
desconocimiento	3
desconocía	22
desconocían	2
desconozca	5
descontaminación	7
descontinuar	2
descontrolada	11
descoordinación	22
descoordinados	3
descovy	51
descremada	2
descremados	2
describa	4
describan	5
describe	204
describen	239
describieron	23
describir	46
describirse	6
describirán	3
describió	9
descripcion	3
descripciones	11
descripción	1138
descriptiva	21
descriptivamente	2
descriptivas	9
descriptivo	78
descriptivos	28
descriptor	2
descrita	64
descritas	213
descrito	971
descritos	256
descubierta	2
descubiertas	2
descubierto	13
descubra	5
descubre	18
descubren	3
descubrieron	5
descubrimiento	5
descubrimientos	4
descubrir	16
descubrió	7
descuido	3
desde	5561
desdiferenciados	2
desdoblan	2
desea	77
deseaban	7
deseable	39
deseables	5
deseada	83
deseadas	12
deseado	190
deseados	73
desean	19
desecación	8
desecado	10
desecados	3
desecante	13
desecha	3
desechable	9
desechables	18
desechada	2
desechados	2
desechan	2
desechar	46
desecharlo	3
desecharse	26
desechará	3
desecharán	4
deseche	22
desecho	72
desechos	51
desee	27
deseen	13
desembarcar	6
desemboca	4
desembocar	11
desempeña	41
desempeñan	27
desempeñar	14
desempeño	8
desempleo	3
desencadena	33
desencadenada	5
desencadenadas	2
desencadenado	6
desencadenamiento	7
desencadenan	28
desencadenante	49
desencadenantes	35
desencadenar	119
desencadenarlo	3
desencadenarse	9
desencadene	3
desencadenen	3
desencadenó	4
desenfriol	3
desenlace	503
desenlaces	50
desenmascarado	3
desenmascaramiento	16
desenmascarar	32
desenmascararon	3
desenmascararse	2
desenmascaró	3
desenroscar	3
desenrosque	3
desensibiliza	2
desensibilización	127
desensibilizador	2
desensibilizante	7
deseo	43
deseos	13
desequilibradas	6
desequilibrados	2
desequilibrio	371
desequilibrios	66
desescalado	11
desesperanza	9
desesperanzado	6
desestabiliza	2
desestabilización	3
desesterificación	2
desfallecimiento	18
desfase	33
desfavorable	23
desfavorablemente	2
desfavorables	7
desferin	73
desfesoterodina	23
desfibrilación	5
desfibrilador	77
desfibriladores	7
desfiguración	4
desflurano	47
desgarra	3
desgarrada	3
desgarrado	2
desgarrados	2
desgarro	3619
desgarros	24
desgasta	4
desgastan	2
desgastarse	3
desgaste	47
desglimidodrina	6
desgranulación	4
deshabituación	19
deshace	3
deshacer	2
deshacerse	17
deshagan	3
deshidratación	744
deshidratacióna	2
deshidratado	6
deshidratados	19
deshidratarse	4
deshidrate	4
deshidroepiandrosterona	5
deshidrogenada	3
deshidrogenasa	352
deshidrogenasas	2
desierto	4
designaciones	4
designada	2
designadas	4
designado	6
designados	9
desigual	28
desiguales	5
desincronización	2
desinfección	14
desinfectan	2
desinfectante	24
desinfectantes	26
desinfectar	25
desinfecte	3
desinfla	2
desinflan	2
desinhibición	4
desintegra	3
desintegración	2
desintegrina	3
desinterés	2
desintoxicación	10
desintoxicados	2
desipramina	4
deslice	2
deslicen	4
desliza	11
deslizamiento	51
deslizamientos	2
deslizante	19
deslizar	14
deslizarse	2
desloratadina	45
deslumbramiento	6
deslustrado	3
desmaya	2
desmayado	3
desmayar	2
desmayarse	6
desmayo	66
desmayos	29
desmetil	2
desmetilación	5
desmetilado	4
desmetilasa	10
desmetilatomoxetina	2
desmetilclobazam	2
desmetildiazepam	4
desmielinización	25
desmielinizante	45
desmielinizantes	25
desmineralización	3
desmoide	13
desmoides	6
desmoplásico	5
desmopresina	25
desnaturaliza	4
desnaturalización	7
desnutrición	121
desnutridos	28
desodorante	2
desodorantes	2
desogestrel	23
desorden	9
desordenado	3
desordenes	8
desorganizada	2
desorganizado	2
desorganizados	3
desorientación	165
desoxi	2
desoxiadenosil	2
desoxiadenosilcobalamina	2
desoxiadenosina	9
desoxicitidina	13
desoxicolato	2
desoxicorticosterona	2
desoxicortisol	7
desoxicólico	2
desoxiguanosina	6
desoxinucleotidasa	3
desoxinucleótido	3
desoxinucleótidos	2
desoxipiridinolina	3
desoxirribonucleico	30
desoxirribonucleótido	2
desoxirribonucléico	2
desoxiuridílico	2
despacio	18
despedido	51
despega	3
despegables	2
despegado	2
despejada	2
despejar	4
despersonalización	54
despertable	3
despertar	66
despertares	19
despertarlo	5
despertarse	29
despierta	48
despiertan	5
despierte	3
despierto	21
despiertos	3
despigmentación	29
despigmentante	2
desplace	2
desplacen	3
desplaza	25
desplazada	5773
desplazado	5
desplazamiento	6280
desplazamientos	7
desplazan	7
desplazando	13
desplazar	8
desplazarse	6
desplazarán	2
desplazándose	2
despliegue	3
despolariza	2
despolarización	34
despolarizante	11
despolarizantes	22
despolimeriza	2
despolimerización	7
despreciable	10
desprenda	2
desprende	16
desprenden	5
desprender	2
desprenderse	2
desprendimiento	445
desprendimientos	5
desproporcionada	4
desproporcionado	4
desproporción	62
desprovisto	6
despues	76
después	15869
despuésde	2
despúes	3
desrealización	15
desregulación	22
desregulada	2
desreprimidas	2
desreprimidos	2
destaca	3
destacable	5
destacables	9
destacada	2
destacado	4
destacando	3
destacar	48
destellos	10
destete	6
destilada	7
destilados	2
destinada	19
destinadas	3
destinado	76
destinados	4
destino	18
destiny	42
destorsión	2
destoxificación	3
destreza	71
destrucción	2658
destructivo	60
destruidas	5
destruidos	2
destruir	38
destruya	6
destruye	34
destruyen	23
destruyendo	3
desulfurización	3
desvanecimiento	7
desvanecimientos	8
desvenlafaxina	56
desventajas	17
desvestirse	2
desviaciones	36
desviación	237
desviado	6
desvía	3
desvío	7
desyodación	2
desánimo	2
deséchelo	2
desórdenes	89
detalla	33
detallada	80
detalladamente	23
detalladas	84
detallado	21
detallados	33
detallan	67
detalle	37
detalles	119
deteccion	4
detecciones	3
detección	900
detect	5
detecta	157
detectaban	2
detectabilidad	2
detectable	43
detectables	87
detectada	66
detectadas	44
detectado	108
detectados	43
detectan	115
detectando	3
detectar	1714
detectarla	8
detectarlas	3
detectarlo	7
detectarlos	2
detectaron	224
detectarse	45
detectase	2
detecte	26
detecten	18
detector	5
detectándose	3
detectó	148
detemir	24
detención	68
detendrá	4
detener	189
detenerlas	2
detenerse	36
detenga	43
detengan	3
detenida	8
detenidamente	71
detenido	10
deteniendo	9
detenimiento	6
detergent	2
detergente	9
detergentes	57
deteriora	13
deteriorada	52
deterioradas	4
deteriorado	16
deterioran	6
deteriorante	2
deteriorar	16
deteriorarse	11
deterioro	1204
deteriorod	2
deterioros	4
deterioró	3
determina	124
determinaba	3
determinaciones	194
determinación	526
determinada	584
determinadas	228
determinado	347
determinados	195
determinan	31
determinando	25
determinante	15
determinantes	10
determinar	2456
determinara	2
determinarla	3
determinaron	100
determinarse	127
determinará	40
determinarán	9
determinase	2
determine	29
determinen	8
determino	2
determinó	225
determir	2
detiene	36
detienen	12
detonación	54
detoxificantes	5
detramax	4
detratamiento	2
detrusitol	5
detrusor	66
detrás	44
detuvieron	2
detuvo	21
deucravacitinib	84
deuso	2
deutivacaftor	9
devastadora	2
devastadoras	2
deviation	3
devolución	3
devolver	17
devolverla	4
devolverlo	4
devolverse	2
devolverá	2
devote	7
devuelva	6
devuelvan	3
devuelve	5
devuélvalo	19
dex	126
dexa	43
dexabiox	2
dexametasona	1118
dexametasonab	6
dexametasonac	5
dexametasonad	8
dexametasonae	9
dexametasonaf	8
dexametasonag	4
dexanfetamina	74
dexclorfeniramina	10
dexemetasona	2
dexibuprofeno	33
dexketoprofeno	41
dexlansoprazol	2
dexmedetomidina	87
dexpantenol	19
dexrazoxano	57
dextran	3
dextrano	41
dextranos	4
dextro	9
dextrometorfano	140
dextrorfan	2
dextrosa	18
dextrán	2
dezaparvovec	58
df	10
dfci	8
dfs	8
dfsp	19
dgh	17
dgha	3
dglp	11
dglpe	3
dh	14
dha	13
dhaox	3
dhap	11
dhea	16
dheas	26
dhf	4
dhfr	13
dhga	2
dhim	2
dhl	2
dhodh	2
dhp	2
dht	24
di	117
dia	71
diabetes	4596
diabetic	14
diabética	993
diabéticab	4
diabéticas	51
diabético	156
diabéticos	457
diacereína	19
diacomit	5
diafisaria	2
diafisarias	17
diaforesis	37
diafragma	216
diafragmas	6
diafragmática	14
diafragmático	15
diagnosis	3
diagnostica	343
diagnosticable	2
diagnosticada	139
diagnosticadas	42
diagnosticado	213
diagnosticados	227
diagnostican	131
diagnosticar	850
diagnosticara	2
diagnosticarla	17
diagnosticarle	2
diagnosticarlo	8
diagnosticaron	19
diagnosticarse	19
diagnosticará	13
diagnosticarán	3
diagnosticas	4
diagnostico	16
diagnostics	3
diagnosticó	30
diagnostique	73
diagnostiquen	4
diagnóstica	247
diagnósticas	159
diagnóstico	7800
diagnósticos	147
diagrama	20
dializable	24
dializables	9
dializado	9
dializador	3
dializados	33
diamicron	15
diaminopirimidinas	2
diamniótico	10
diamond	4
diana	409
dianas	24
dianben	4
diane	60
diapasón	8
diaria	2519
diariamente	165
diarias	437
diarilpirimidinas	2
diarilpirimidínico	2
diario	433
diarios	488
diarrea	3884
diarreaa	6
diarreab	2
diarreac	4
diarread	7
diarreas	67
diarreau	2
diarreicos	10
diarréicos	2
diary	5
dias	67
diastólica	345
diastólicas	2
diastólico	3
diatrizoato	21
diatrizoico	3
diavic	3
diazepam	56
diazepinas	3
diazo	2
diazolidinil	2
diazóxido	2
dibotermina	15
dibujar	4
dibujo	2
dibujos	3
dic	9
diccionario	15
dice	25
dicen	23
dicha	265
dichas	188
dicho	284
dichos	383
dicicloverina	4
diciembre	48
diciendo	3
diclofenaco	57
diclorobencílico	14
diclorometano	18
dicloruro	6
dicloxacilina	3
dicoriónico	5
dicotómicas	2
dicte	2
dictionaries	2
dictionary	7
dicumarínico	2
dicumarínicos	12
dicumarólicos	2
dicéntricos	3
dicótico	4
didadosina	6
didanosina	99
didrogesterona	30
diecinueve	17
dieciocho	31
diecisiete	29
dieciséis	19
diego	3
diemil	2
dienogest	26
diente	221
dientes	404
dientesflojos	2
dieran	4
dieron	346
diertine	2
dies	6
diet	2
dieta	1036
dietas	165
dietilamida	2
dietilamina	15
dietilditiocarbamato	2
dietilditiocarbámico	2
dietilditiometilcarbamato	2
dietilentriaminopentaacético	2
dietilestilbestrol	5
dietista	9
dietética	25
dietéticas	46
dietético	32
dietéticos	27
dieulafoy	2
diez	110
dif	26
difelicefalina	59
difemanil	2
difemanilo	2
difenhidramina	107
difenilmetano	5
diferencia	3238
diferenciac	2
diferenciación	160
diferenciadas	3
diferenciado	72
diferenciados	29
diferenciak	10
diferencial	188
diferenciales	18
diferencian	4
diferenciar	51
diferenciarlo	2
diferenciaron	11
diferenciarse	8
diferencias	1009
diferencien	2
diferenciándose	2
diferenció	17
diferente	542
diferentes	1768
diferida	10
diferidas	4
diferido	15
diferidos	4
diferir	14
diff	9
differine	10
difficile	359
dificlir	5
dificulta	38
dificultad	789
dificultada	5
dificultades	152
dificultan	12
dificultando	17
dificultar	87
dificultarle	2
dificulte	9
dificultosa	20
dificultó	2
difiera	4
difieran	2
difiere	48
difieren	18
difilobotriasis	2
difirieron	3
difirió	11
diflorasona	3
diflucan	19
diflucortolona	4
diflunisal	34
difosfato	61
difreremcoa	2
diftavax	6
difteria	96
diftérica	7
diftérico	4
difunda	2
difunde	9
difunden	3
difundir	5
difusa	167
difusas	8
difusión	50
difuso	155
difusos	6
difícil	277
difíciles	56
difícilmente	3
diga	16
digeorge	3
digeribles	2
digerir	68
digesmint	2
digestiones	10
digestiva	90
digestivas	163
digestivo	386
digestivos	152
digestión	51
digiere	6
digieren	7
digit	4
digital	151
digitales	21
digitalis	5
digitalización	4
digitalizados	8
digitoxina	4
digitálica	21
digitálico	2
digitálicos	64
digluconato	6
diglucósidos	2
digoxina	129
dihidrato	14
dihidroartemisinina	4
dihidrocloruro	19
dihidrocodeína	10
dihidroergocristina	17
dihidroergotamina	31
dihidroestreptomicina	3
dihidrofolato	28
dihidroorotato	2
dihidropiridina	28
dihidropiridinas	42
dihidropiridínicos	16
dihidropirimidina	13
dihidropteroato	8
dihidrotestosterona	9
dihidroxi	3
dihidroxiantracénicos	6
dihidroxicolecalciferol	3
dihidroxifenilalanina	4
dihidroxivitamina	13
dihidrógenofosfato	2
dilación	5
dilata	21
dilatación	3582
dilatada	12
dilatadas	7
dilatado	4
dilatador	3
dilatados	3
dilatan	3
dilatar	5
dilatarse	2
dili	31
diltiazem	71
dilucidada	2
dilucidado	17
dilucidar	2
dilucional	8
diluciones	11
dilución	342
diluida	70
diluidas	5
diluido	53
diluidos	6
diluir	107
diluirla	3
diluirlo	3
diluirse	48
dilutol	11
diluye	13
diluyente	21
diluyentes	3
dimaleato	2
dimeglumina	5
dimenhidrinato	74
dimension	3
dimensiones	20
dimensión	16
dimerización	5
dimesilato	58
dimeticona	9
dimetil	6
dimetilfumarato	7
dimetilhidrazida	6
dimetilo	271
dimetilsulfóxido	10
dimetindeno	5
diminución	5
diminuta	2
diminutas	3
diminutos	9
dimérica	2
diméricos	2
din	2
dinamarca	3
dinamita	17
dinamo	9
dinamometría	3
dinas	4
dinero	20
dinitrato	10
dinoprostona	13
dinucleótido	3
dinutuximab	43
dinámica	45
dinámicas	6
dinámico	17
dio	471
diol	2
diosmina	8
diovan	3
diován	18
dioxigenasa	3
dipeptidasa	6
dipeptidil	39
dipeptidilcarboxipeptidasa	8
dipeptiven	28
dipg	6
diphteriae	7
diphtheriae	6
dipiridamol	43
dipivoxil	102
dipivoxilo	79
diplacusia	5
diploides	2
diplopia	31
diplopía	169
dipone	2
dipotasio	2
dipotásico	7
diprivan	39
diprofilina	12
dipropionato	50
diprosalic	5
dipéptido	6
dique	7
direcciones	9
dirección	79
directa	423
directamente	324
directas	12
directiva	17
directivas	6
directo	237
directos	61
directrices	366
directriz	6
dirige	29
dirigen	6
dirigida	155
dirigidas	53
dirigido	149
dirigidos	91
dirigiendo	2
dirigir	18
dirigirlo	2
dirigirse	9
dirigiéndolo	2
dirigiéndose	5
dirija	2
diroximel	34
dirá	128
dirán	4
diríjase	3
dis	4
disability	17
disacaridasas	2
disacusia	2
disacárido	2
disacáridos	4
disartria	103
disautonomía	2
discal	2
discalculia	2
discapacidad	337
discapacidades	60
discapacitadas	2
discapacitado	2
discapacitante	9
discapacitantes	8
discernible	3
discernimiento	2
discernir	5
discinesia	258
discinesias	45
discitis	14
disco	767
discografía	3
discogénico	4
discoide	23
discontinua	10
discontinuaba	2
discontinuacion	2
discontinuaciones	7
discontinuación	136
discontinuada	2
discontinuado	37
discontinuados	2
discontinuar	150
discontinuarlo	3
discontinuaron	37
discontinuarse	30
discontinuará	4
discontinuidad	5
discontinuo	2
discontinuó	19
discontinúa	2
discontinúe	3
discoordinación	2
discopatía	2
discordancia	6
discordante	3
discos	17
discover	49
discrasia	20
discrasias	59
discreción	37
discrepancia	10
discrepancias	11
discreta	5
discreto	2
discretos	3
discriminación	16
discriminado	2
discriminar	4
discromatopsia	2
discromía	7
discusiones	3
discusión	16
discuta	2
discuten	2
discutir	16
discutirse	3
disdiadococinesia	5
disease	103
diseases	6
disecados	2
disecante	33
diseccionados	2
disecciones	42
disección	77
disemina	17
diseminación	52
diseminada	212
diseminadas	22
diseminado	55
diseminan	8
diseminar	9
diseminarse	21
diseminó	3
disentería	3
disentesia	2
disestesia	60
disestesias	6
diseñada	34
diseñadas	15
diseñado	216
diseñados	27
diseñar	3
diseñaron	10
diseño	268
diseños	8
diseñó	48
disfagia	281
disfasia	11
disfemia	5
disfonia	2
disfonía	120
disforia	30
disfruta	6
disfrutaba	5
disfrutan	3
disfrutar	15
disfrute	6
disfuncion	9
disfuncional	6
disfunciones	27
disfunción	1765
disfórico	11
disgeusia	510
disgeusiaa	2
disgeusiac	3
disglucemia	2
disgrafia	5
disgrafía	9
disgregación	2
dishidrosis	2
dishidrótico	19
disimet	8
disincronía	2
diskhaler	2
dislexia	3
dislipemia	23
dislipidemia	128
dislipidemial	2
dislipidémicas	4
dislipidémicos	9
dislipoproteinemia	26
disloca	2
dislocaciones	18
dislocación	14
dislocado	7
dislocarse	3
dismenorrea	108
dismetría	7
disminucion	8
disminuciones	241
disminución	4547
disminuida	471
disminuidab	2
disminuidas	32
disminuido	679
disminuidob	4
disminuidoc	6
disminuidod	19
disminuidos	50
disminuidosu	3
disminuir	769
disminuirlos	5
disminuirse	33
disminuirá	48
disminuirán	3
disminuiría	2
disminuya	53
disminuyan	37
disminuye	608
disminuyen	215
disminuyendo	167
disminuyeron	162
disminuyó	287
disminuía	16
disminuían	2
disminuída	6
disminuído	4
dismorfismo	2
dismotilidad	6
dismunición	2
dismunuir	2
dismutasa	4
dismórfico	3
disnea	1583
disneaa	8
disneab	3
disneac	2
disneaf	2
disneai	2
disocia	8
disociación	41
disociada	2
disociado	2
disocian	2
disociativa	2
disociativo	4
disociativos	5
disodio	7
disoluciones	2
disolución	39
disolvente	80
disolventes	28
disolver	57
disolverlas	3
disolverlos	3
disolverse	20
disolverá	6
disolverán	4
disomnia	2
disopiramida	49
disoproxil	38
disoproxilo	1277
disoproxiloa	2
disoproxiloo	2
disorders	8
disostosis	4
disovulación	4
dispareunia	34
disparidades	7
disparo	292
disparos	7
dispensa	5
dispensación	37
dispensada	3
dispensador	11
dispensar	10
dispensarse	2
dispense	4
dispepsia	697
dispepsiaa	2
dispepsias	7
dispersa	5
dispersable	3
dispersables	75
dispersada	2
dispersado	3
dispersar	25
dispersarse	6
dispersas	2
disperse	5
dispersen	2
dispersión	72
dispersos	4
displasia	158
displasias	6
displásico	2
dispnea	4
dispondrá	2
dispone	1604
disponen	18
disponer	178
disponerse	32
disponga	91
dispongan	14
disponibilidad	97
disponible	683
disponibles	3285
disponiéndose	2
disponía	90
disponían	15
disposición	26
dispositivo	19163
dispositivos	365
disproteinemia	3
disproteinemias	2
disproxilo	2
dispuestas	3
dispuesto	4
dispuestos	8
dispusiera	3
dispuso	9
dispéptico	2
dispépticos	2
disquecia	4
disquinesia	26
disquinesias	8
disreflexia	3
disregulación	9
disritmia	4
disritmias	2
disrritmia	2
disrupción	57
disruptiva	4
distal	857
distales	23
distancia	209
distanciac	4
distancias	7
distant	2
distante	18
distantes	9
distención	2
distendida	3
distensibilidad	22
distensiones	32
distensión	987
distimia	2
distinción	2
distinga	4
distingue	2
distinguen	2
distinguibles	2
distinguir	54
distinguirlos	2
distinguirse	6
distinta	99
distintas	270
distintivas	3
distintivos	2
distinto	80
distintos	418
distiquiasis	2
distiroidismo	4
distocia	2
distoma	2
distonia	7
distonía	139
distonías	12
distorsiona	2
distorsionada	5
distorsionado	2
distorsionar	3
distorsiones	4
distorsión	22
distracciones	3
distracción	12
distraen	4
distraer	2
distraerse	3
distraneurine	5
distraíbles	2
distres	3
distress	19
distribuciones	3
distribución	241
distribuida	2
distribuidas	11
distribuido	5
distribuidos	36
distribuir	8
distribuirse	2
distribuirá	2
distributivo	5
distribuya	2
distribuye	6
distribuyen	10
distribuyeron	20
distribuyéndola	2
distribuyó	9
distrofia	129
distrofias	22
distrofina	8
distrés	67
distrófica	11
distróficas	4
distróficos	3
disturbio	2
distímico	2
distónicas	4
distónicos	2
disuadir	4
disuelta	12
disueltas	10
disuelto	19
disueltos	7
disuelva	10
disuelvan	5
disuelve	19
disuelven	17
disulfiram	47
disulfuro	30
disuria	166
disyunción	10
disódica	6
disódico	30
ditp	2
ditropan	13
diu	73
diuresis	186
diureticos	2
diurex	2
diurna	76
diurnas	5
diurno	7
diurnos	9
diurésis	2
diurética	52
diuréticas	5
diurético	352
diuréticos	942
dius	3
div	14
divalente	2
divalentes	3
diversa	20
diversas	142
diversity	3
diverso	3
diversos	249
diverter	27
diverticular	21
diverticulares	2
diverticulitis	125
diverticulosis	31
divertido	9
divertículo	20
divertículos	10
divida	10
dividan	6
divide	20
dividen	28
dividida	140
divididas	105
dividido	47
divididos	107
dividiendo	13
dividieron	5
dividir	68
dividirlo	2
dividirlos	2
dividirse	57
dividió	5
división	796
divorcio	5
dix	5
diyodotirosina	3
dizinel	14
diáfisis	4268
diálisis	968
diámetro	108
diámetros	11
diástole	2
diástolica	2
diátesis	59
diésel	2
diéster	3
dió	5
dióxido	157
dka	9
dkd	24
dl	1927
dla	4
dlb	5
dlbcl	2
dlco	38
dlp	48
dlqi	107
dm	10
dmacm	4
dmae	59
dmaen	27
dmard	2
dmci	22
dmd	21
dmdmss	16
dmi	4
dmid	10
dmm	59
dmmr	113
dmnid	3
dmo	368
dmpt	2
dms	2
dmso	10
dmt	24
dn	36
dna	85
dnact	4
dnadc	2
dng	7
dno	2
dnr	9
do	3
dobesilato	5
dobla	3
dobladas	3
doblado	4
doblados	4
doblando	3
doblar	13
doblarse	5
doble	2802
doblemente	7
dobles	34
doblete	18
dobutamina	79
doce	72
docetaxel	737
docosahexaenoico	2
docosahexanoico	2
docosanol	13
docr	2
doctor	44
doctorado	12
doctores	20
documentación	45
documentada	209
documentadas	37
documentado	95
documentados	43
documentar	12
documentaron	5
documentarse	4
documento	3
documentos	4
documents	28
documentó	9
dofetilida	14
dogmatil	9
doi	3
dolalgial	7
dolantina	11
dolasetrón	9
dolcopin	2
dolencia	6
dolencias	12
doler	8
dolmen	8
dolodens	2
dolomedil	6
dolomites	10
dolor	11270
dolora	2
dolorc	2
dolores	329
dolorida	10
doloridas	10
dolorosa	110
dolorosas	112
doloroso	54
dolorosos	73
dolos	2
dolosa	3
dolostop	2
dolquine	7
dolutegravir	318
dolvirán	6
domain	3
domex	14
domiciliaria	67
domiciliario	17
domicilio	57
dominante	155
dominar	3
dominio	236
dominios	86
domperidona	51
doméstica	7
domésticas	24
doméstico	32
domésticos	50
dona	8
donabel	16
donaciones	29
donación	46
donada	10
donado	2
donados	3
donan	2
donanemab	90
donante	133
donantes	102
donar	45
donde	1060
dondequiera	2
donepezilo	79
donidalorsén	20
donovani	3
donovanosis	6
dopa	39
dopacis	5
dopadecarboxilasa	2
dopaje	123
dopamimético	2
dopamina	243
dopaminérgica	23
dopaminérgicas	23
dopaminérgico	40
dopaminérgicos	144
dopante	3
doping	3
dopper	2
doppler	76
doptelet	22
dor	65
dora	6
doravirina	128
dorc	2
dores	4
dormicum	18
dormidina	4
dormido	28
dormidos	2
dormir	215
dormirse	6
dormitorio	23
dormodor	10
dornasa	14
dorsal	1054
dorsales	19
dorsalgia	10
dorsalmente	2
dorso	112
dorsoglútea	2
dorsolumbar	334
dorsopatía	2
dorsopatías	23
dorzolamida	54
dos	11106
doscientos	15
dose	4
doseflex	2
dosifica	6
dosificaciones	15
dosificación	963
dosificada	7
dosificadas	4
dosificado	21
dosificador	39
dosificadora	10
dosificados	7
dosificar	26
dosificarse	4
dosificará	2
dosificó	3
dosimetría	11
dosis	49515
dosisa	14
dosisb	5
dosisc	2
dosisd	6
dosisf	6
dostarlimab	96
dostinex	6
dotada	4
dotadas	2
dotado	9
dotarem	2
dovato	37
down	148
doxazosina	56
doxepina	9
doxiciclina	63
doxil	2
doxilamina	44
doxium	20
doxorrubicina	89
doxorubicina	236
dp	8
dpa	4
dpac	16
dparcial	3
dpb	51
dpca	6
dpd	117
dpi	5
dpp	137
dpyd	36
dr	314
dra	2
dramáticos	2
dravet	36
drb	4
drc	9
drd	34
dreamm	42
drena	9
drenados	5
drenaje	10739
drenajes	2
drenan	9
drenando	2
drenantes	9
drenar	21
drenarlos	2
drenarse	2
drepanocitosis	15
drepanocítica	16
drepanocítico	3
dress	400
dressler	4
drfs	3
dris	2
drive	54
droga	67
drogadicción	18
drogadictos	2
drogado	4
drogarse	19
drogas	563
droglican	4
drogodependencia	22
drogodependientes	2
dromotrópico	5
dronabinol	3
dronedarona	102
drop	3
droperidol	33
drospirenona	50
drovelis	42
drs	2
drsp	2
drss	33
drt	5
drug	15
drugs	2
drusas	11
drv	65
drástica	3
drásticos	3
ds	18
dsadn	3
dsbe	8
dsbs	3
dsdna	7
dse	2
dsm	42
dsmb	2
dsmr	10
dsq	11
dsr	3
dsst	2
dsvi	2
dt	64
dtap	3
dtc	8
dte	2
dtg	77
dtic	14
dtn	7
dtp	7
dtpa	44
dtpw	10
duac	28
dual	286
duales	12
duane	3
duavive	3
dubin	7
dubliniensis	4
ducha	30
ducharse	8
duchas	29
duchenne	24
ducressa	25
ducreyi	2
ductal	12
ducto	3
ductos	32
ductus	12
duda	25
dudar	3
dudas	41
dudley	2
dudosa	12
dudosas	3
dudoso	3
dudosos	19
due	11
duela	2
duele	14
duelen	6
duelo	16
duerma	11
duerme	43
duermen	7
duet	30
duffy	5
dukes	12
dukoral	23
dulaglutida	226
dulce	4
dulces	17
dulcolax	4
duloxetina	126
dumirox	7
dumping	11
dunas	45
dunnett	2
duo	21
duodart	21
duodenal	107
duodenales	40
duodenitis	23
duodeno	401
duodenogástrico	2
duodenoscopio	2
duodopa	113
duodécima	2
dup	3
duphalac	12
dupilumab	409
dupixent	19
duplica	5
duplicaciones	2
duplicación	57
duplicado	6
duplicando	5
duplicar	27
duplicarse	10
duplicándose	3
duplicó	4
duplique	3
dupuytren	8
dura	235
duraba	4
durabilidad	27
durability	2
duracef	7
duracion	16
duraciones	28
duración	6193
duradera	57
duraderad	2
duraderas	19
duradero	14
duraderos	14
durado	9
dural	2
durales	4
duramadre	73
duran	69
durando	4
durante	25501
durantes	2
durar	299
duraron	13
durará	2
duras	122
durate	2
duration	3
duratobal	5
dure	57
duren	10
dureza	6
durezas	8
durie	3
durlobactam	2
durmiendo	5
duro	93
duros	14
durvalumab	212
duró	40
duspatalin	2
dutasterida	136
dutch	2
duvyzat	20
dva	2
dvalor	6
dvd	34
dvi	40
dvp	2
dvt	14
dx	7
dxa	30
dxd	5
dymista	5
dyn	9
dynamogén	5
dynastat	28
dys	9
dysfunction	2
dysgalactiae	6
dyspnoea	2
dysport	137
dáctilo	2
dé	70
débil	146
débiles	64
débilmente	6
débito	2
década	2
décadas	6
décima	4
décimo	8
déficit	609
déficits	46
déjele	7
dérmica	21
dérmicas	18
dérmico	10
dérmicos	4
día	17218
díaa	7
díab	2
días	10590
díasa	2
díase	2
dígale	74
dígaselo	4
dígitos	4
dímero	43
dímeros	4
dónde	89
dúplex	4
e	11189
ea	187
eac	104
eacd	4
eacm	7
ead	4
eafgm	3
eag	5
eags	2
eai	21
eam	22
eanm	14
eaop	3
eap	5
early	38
earnest	6
eas	38
easc	4
easi	205
eastern	71
eaton	14
eav	16
eavid	15
eb	20
ebastel	10
ebastina	11
ebc	4
ebd	7
ebdd	4
ebdr	2
ebeacopp	15
eberconazol	5
ebernet	2
ebglyss	2
ebj	6
ebmt	15
ebola	4
ebolavirus	7
ebov	15
ebr	37
ebrio	2
ebrt	8
ebv	28
ebvallo	58
ec	127
eca	1251
ecarina	2
ecass	6
ecbirio	5
ecc	4
eccema	259
eccemas	2
eccematoide	5
eccematosa	14
eccematosas	9
ecd	3
ecea	2
ecer	2
ecet	4
ecf	49
ecg	510
ecgs	18
echa	3
echar	5
echinacea	11
echinamed	3
echinococcus	21
echo	29
ecl	4
eclampsia	29
eclipse	6
ecm	46
ecmo	7
ecn	4
ecnm	8
eco	3
ecocardiografía	72
ecocardiografías	2
ecocardiograma	64
ecocardiogramas	5
ecocardiográfica	8
ecocardiográficas	2
ecocardiográfico	7
ecocardiográficos	2
ecoff	21
ecoffs	2
ecog	809
ecoga	2
ecogenicidad	3
ecografista	7
ecografistas	2
ecografía	456
ecografías	32
ecográfica	17
ecográficas	6
ecográfico	6
ecográficos	2
ecolalia	2
econazol	2
económica	4
económicas	6
económico	3
económicos	7
ecos	11
ecotrin	2
ecp	3
ecrf	3
ecrinos	2
ectasia	22
ectima	8
ectopia	8
ectropión	60
ectópica	16
ectópicas	2
ectópico	122
ectópicos	41
ecu	52
ecuaciones	5
ecuación	32
ecuatorial	5
eculizumab	171
ecv	32
ecva	10
eczema	163
eczemas	10
eczematosa	8
eczematosas	2
ecztend	14
ecztra	55
ecógrafo	2
ed	2
edad	15285
edada	5
edades	490
edaravona	2
edarbi	49
edd	3
edda	18
edelsine	19
edelweiss	11
edema	3793
edemaa	2
edemab	3
edemaj	2
edemal	3
edemap	2
edemas	71
edematosa	5
edematosas	2
edematoso	9
edematosos	12
edge	13
edición	55
edificación	3
edificio	172
edificios	13
edimburgo	2
edm	2
edotreotida	43
edoxabán	207
edrf	2
edrofonio	36
eds	22
edss	171
edta	3
educacional	9
educacionales	20
educación	29
educados	2
educar	4
education	2
educativa	7
educativas	8
educativo	3
educativos	13
edulcorante	2
edulcorantes	7
edunix	6
edurant	35
edwards	6
edéntulo	7
ee	647
eea	10
eeacv	2
eeag	2
eec	19
eed	3
eeg	55
eel	2
eelp	2
eem	30
eeo	45
ees	24
eet	3
eeuu	26
ef	51
efad	4
efanesoctocog	5
efavirenz	549
efavirez	2
efc	2
efecta	4
efectiva	345
efectivamente	4
efectivas	47
efectividad	152
efectivo	203
efectivos	143
efecto	9331
efector	4
efectora	13
efectoras	48
efectores	8
efectos	6873
efectuada	13
efectuadas	6
efectuado	12
efectuados	13
efectuando	14
efectuar	145
efectuaron	7
efectuarse	63
efectuará	6
efectuarán	7
efectuó	11
efectúa	6
efectúe	4
efectúen	2
efedrina	56
eferente	8
eferentes	4
efervescencia	7
efervescente	28
efervescentes	25
eff	33
effect	2
effectively	2
effector	5
effects	2
efficacy	10
effisayil	22
efg	17
efgartigimod	40
eficaces	226
eficacia	12131
eficaciaa	8
eficaciab	2
eficaz	907
eficazmente	30
eficiencia	13
eficiente	12
eficientemente	8
efivarenz	2
eflornitina	2
efluente	11
eflujo	26
efluvio	2
efluyente	7
efm	9
efmag	2
efmoroctocog	3
efron	9
efs	57
efsa	5
eftrenonacog	2
efusión	18
efv	89
efélides	8
eg	60
egb	4
egc	7
egfr	455
egfrcg	11
egfrm	2
egis	21
egm	4
egpa	2
egrf	3
egss	2
ehc	2
ehh	2
ehi	5
ehlers	17
eho	2
ehp	4
ehrlich	8
ehrn	2
ehs	4
ei	32
eia	10
eich	89
eicosanoides	6
eicosapentaenoico	3
eicosapentanoico	2
eicr	120
eicrc	16
eid	13
eig	4
eii	32
eikenella	3
eim	3
einstein	25
eio	18
eip	7
eisenmenger	5
ej	3637
eje	135
ejecución	6
ejecutiva	11
ejemplares	2
ejemplo	2885
ejemplos	151
ejempo	2
ejerce	282
ejercen	48
ejercer	37
ejercerse	4
ejercicio	1004
ejercicios	78
ejercida	5
ejerciendo	20
ejercita	2
ejercitarse	14
ejercite	3
ejerció	4
ejerza	13
ejes	9
ekg	2
ekistol	6
eklira	33
el	199153
ela	27
elabora	4
elaboración	24
elaborada	5
elaboradas	46
elaborado	10
elaborados	10
elaborar	17
elaborarán	2
elacestrant	27
eladocagén	20
elafibranor	39
elahere	28
elaprase	6
elasomerán	37
elastasa	40
elasticidad	13
elastografía	52
elastograma	2
elastomérica	2
elastosis	3
elative	4
elbasvir	71
elderly	5
eldicet	3
elebloc	8
elecciones	2
elección	315
elecsys	2
electiva	96
electivos	3
electricidad	18
electroacústica	13
electroacústico	4
electrocardiogra	2
electrocardiografía	14
electrocardiograma	397
electrocardiogramas	37
electrocardiográfica	25
electrocardiográficas	18
electrocardiográfico	14
electrocardiográficos	18
electrocardiógrafo	2
electrocauterización	8
electrochoque	2
electrococleografía	2
electroconvulsiva	18
electrocución	12
electrodiagnóstico	2
electrodo	384
electrodomésticos	20
electrodos	56
electroencefalograma	33
electroencefalográfico	2
electroencefalográficos	4
electroestimulación	2
electrofisiología	109
electrofisiológica	2
electrofisiológicamente	2
electrofisiológicas	7
electrofisiológico	7
electrofisiológicos	13
electroforesis	32
electroforéticos	2
electrolito	35
electrolitos	724
electrolítica	14
electrolíticas	116
electrolítico	259
electrolíticos	102
electromagnetismo	6
electromagnética	7
electromagnéticos	4
electromecánica	2
electromecánico	21
electromiografía	14
electromiograma	4
electron	4
electrones	176
electronistagmografía	4
electroporación	13
electroquimioluminiscencia	6
electroquirúrgicas	4
electroretinograma	2
electrorretinografía	4
electrorretinograma	2
electroshock	2
electroterapéutico	35
electrólitos	25
electrónica	3
electrónicamente	3
electrónicas	2
electrónico	160
electrónicos	31
elefantiasis	8
elegibilidad	53
elegible	16
elegibles	265
elegida	39
elegidas	12
elegido	32
elegidos	14
elegir	109
elegirse	3
elegirá	2
elemental	16
elemento	768
elementos	50
eletriptán	15
eleva	40
elevacion	4
elevaciones	942
elevación	1460
elevada	1802
elevadaa	10
elevadab	4
elevadac	4
elevadad	2
elevadah	4
elevadas	790
elevadasj	3
elevadasl	2
elevadasn	2
elevadasv	2
elevadat	2
elevado	726
elevadob	2
elevador	11
elevadores	2
elevados	646
elevan	36
elevando	3
elevar	107
elevaron	7
elevarse	19
elevará	3
elevate	35
eleve	4
eleven	4
elevándose	4
elevó	5
elexacaftor	92
elf	3
elfabrio	4
elgadil	6
elidel	51
elige	10
eligen	3
eligiera	2
eligieron	14
eligiéndose	2
eligió	6
eliglustat	87
elija	18
elikids	3
elimina	226
eliminacion	3
eliminación	608
eliminada	16
eliminadas	2
eliminado	47
eliminador	3
eliminadora	2
eliminados	13
eliminan	106
eliminando	16
eliminar	243
eliminarla	6
eliminarlas	5
eliminarlo	11
eliminarlos	3
eliminaron	2
eliminarse	32
eliminará	11
eliminarán	2
elimine	20
eliminen	13
eliminó	5
elipse	9
elipsoide	2
eliquis	23
elisa	74
elite	9
elixa	4
ella	87
ellas	335
ellipta	120
ellison	20
ello	2902
ellos	805
eln	10
elocom	15
elocta	14
elongación	13
elonva	61
elosulfase	13
elotuzumab	17
elp	10
elpt	6
elran	2
elranatamab	6
elrexfio	48
elteren	4
eltratamiento	2
eltrombopag	217
elts	6
elucidado	13
elucirem	15
eludir	4
eluido	7
elvanse	18
elvitegravir	133
elx	122
elzonris	43
elágico	2
elástica	16
elásticas	8
elástico	3
elásticos	4
eléctrica	612
eléctricamente	7
eléctricas	71
eléctrico	109
eléctricos	14
em	265
ema	41
emad	3
emadine	10
embalaje	2
embarazada	455
embarazadas	617
embarazar	8
embarazarse	6
embarazas	2
embarazo	3845
embarazos	136
embarcaciones	25
embarcación	467
embarcar	6
embargo	2636
embark	14
embebido	2
emblaveo	22
embolada	2
embolectomía	6
embolia	934
embolias	12
embolismo	177
embolismos	3
embolización	18
embotamiento	17
embotellada	4
embraca	10
embrace	4
embriaguez	8
embrio	3
embriofetal	41
embriofetales	2
embriológicamente	6
embrionaria	2
embrionarias	8
embrionario	4
embrionarios	2
embriones	31
embriotóxico	4
embriotóxicos	2
embrión	16
embudo	2
embólica	4
embólicas	8
embólico	9
embólicos	19
emc	9
emcd	13
emcitate	10
emcoretic	9
emd	75
emedastina	5
emerald	8
emergen	3
emergencia	314
emergencias	71
emergent	2
emergente	52
emergentes	91
emesis	29
emess	3
emetógena	56
emetógeno	2
emetógenos	4
emg	23
emgality	6
emgi	8
emi	2
emicizumab	81
emilia	5
emisiones	9
emisión	98
emisor	5
emisores	2
emite	11
emiten	6
emitida	2
emitir	16
emla	45
emo	2
emocionado	2
emocional	165
emocionales	58
emocionalmente	6
emocionante	4
emociones	38
emoción	2
emodin	4
emoliente	9
emolientes	49
emory	3
emotividad	2
emovate	7
empa	30
empagliflozina	631
empagliflozinab	3
empalme	12
empapado	9
empapados	2
empape	7
empaqueta	2
empaquetados	2
empaquetar	3
empaquetarla	2
emparejada	5
emparejadas	13
emparejado	28
emparejados	39
emparejamiento	18
emparejar	2
emparejaron	20
emparentado	10
emparentados	2
empaste	4
empastes	10
empates	3
empedrado	5
empeora	156
empeorada	2
empeorado	26
empeoramiento	1363
empeoramientob	2
empeoramientos	2
empeoran	231
empeorando	16
empeorar	250
empeorarla	6
empeorarlas	4
empeorarlo	4
empeorarlos	2
empeoraron	14
empeorarse	4
empeorará	2
empeorase	2
empeore	43
empeoren	26
empeoró	8
emperor	11
empezado	17
empezando	89
empezar	346
empezaron	33
empezarse	7
empezará	14
empezarán	4
empezó	10
emphasis	2
empiece	43
empiecen	15
empiema	13
empiemas	3
empieza	60
empiezan	36
emplea	119
empleaba	3
empleaban	2
empleada	35
empleadas	27
empleado	60
empleador	5
empleadores	8
empleados	24
emplean	24
empleando	114
emplear	133
emplearon	19
emplearse	174
empleará	12
emplearán	10
emplee	7
empleen	11
empleo	597
empleos	4
empleándose	2
empleó	10
empliciti	101
emportal	8
empowur	2
empp	31
emprender	9
empresa	7
empresas	2
empressin	5
empuja	6
empujado	9
empujar	26
empuje	9
empujen	2
empujándolo	3
empujón	20
empírica	5
empíricamente	7
empírico	27
emr	314
emra	5
emrb	2
emrc	2
emrr	60
emsp	26
emt	2
emtansina	162
emtr	4
emtricitabina	884
emtriva	27
emuliquen	3
emulsionante	3
emulsiones	19
emulsión	38
emética	16
emético	6
eméticos	34
en	322344
ena	3
enable	20
enalapril	217
enalaprilato	4
enalaprilo	4
enanismo	13
enanplus	11
enantato	2
enantema	9
enantiómero	26
enantiómeros	11
enb	15
enbrel	273
enc	2
encabezamientos	2
encainida	2
encaja	3
encajan	6
encajar	3
encamado	4
encamados	22
encaminados	3
encapsidación	2
encapsulada	4
encapsuladas	24
encapsulado	8
encapsulados	15
encarecida	2
encarecidamente	74
encargada	7
encargado	8
encargados	2
encarnada	4
encarnadas	7
encefalina	2
encefalinas	2
encefalitis	244
encefalocele	18
encefalografía	2
encefalograma	2
encefalomielitis	41
encefalomiopatía	2
encefalopatia	15
encefalopatía	746
encefalopatíaa	2
encefalopatías	11
encefálicas	7
encefálico	15
encefálicos	2
encendidos	5
encephalopathy	3
encima	686
encimas	6
encimeras	3
enclavada	2
enclavamiento	11
enco	34
encoger	4
encogerse	2
encojan	2
encontraba	26
encontraban	79
encontrada	12
encontradas	16
encontrado	73
encontrados	14
encontramos	3
encontrar	380
encontrarlas	2
encontrarlo	2
encontraron	107
encontrarse	40
encontrará	8
encontrándose	4
encontró	96
encopresis	3
encorafenib	325
encorvada	3
encostración	3
encuadrados	5
encuentra	493
encuentran	388
encuentre	93
encuentren	51
encuesta	12
encuestas	5
encurtidos	2
encéfalo	10
encía	102
encías	78
end	6
endarterectomía	6
endear	2
enderezar	2
endobronquial	40
endocapilar	8
endocardiaco	2
endocardio	3
endocarditis	148
endocavitarias	2
endocervical	3
endocondral	3
endocraneal	2
endocrina	143
endocrinas	48
endocrino	124
endocrinológica	3
endocrinológicas	2
endocrinológico	5
endocrinológicos	2
endocrinopatía	8
endocrinopatías	97
endocrinos	379
endocrinólogo	3
endocárdica	2
endocárdicos	3
endocérvix	2
endodoncia	5
endoftalmitis	54
endolinfático	8
endometrial	210
endometriales	28
endometrio	326
endometrioide	14
endometriosis	380
endometritis	11
endomiocárdica	3
endoneural	3
endopeptidasa	18
endoperóxido	2
endoplásmico	3
endoprótesis	49
endorfina	3
endorse	24
endoscopia	66
endoscopias	10
endoscopic	4
endoscopio	46
endoscopios	3
endoscopía	8
endoscopías	2
endoscópica	282
endoscópicab	2
endoscópicac	3
endoscópicad	9
endoscópicae	3
endoscópicaf	3
endoscópicag	3
endoscópicah	4
endoscópicaj	3
endoscópicas	7
endoscópico	23022
endoscópicos	15
endotelial	57
endoteliales	61
endotelina	31
endotelio	59
endotoxinas	2
endotraqueal	79
endotraqueopulmonar	2
endotóxicas	2
endovascular	2
endovasculares	2
endovenosa	4
endoxifeno	4
endoóseo	2
endpoint	62
endpoints	51
endulzados	2
endurance	17
endurece	3
endurecen	2
endurecerse	2
endurecida	9
endurecidas	8
endurecimiento	25
endurecimientoc	2
endurezcan	2
endémica	16
endémicas	36
endémico	12
endémicos	7
endógena	141
endógenas	9
endógeno	91
endógenos	41
ene	7
eneas	25
enel	3
enema	48
enemas	6
enemigo	9
enemigos	9
energética	3
energéticas	14
energético	21
energéticos	3
energía	387
enero	101
enerzair	19
enf	27
enfado	7
enfennedad	2
enferma	28
enfermado	3
enferman	22
enfermar	7
enfermarle	14
enfermarlo	8
enfermaron	2
enfermarse	19
enfermará	5
enfermarán	2
enfermas	35
enferme	14
enfermedad	16907
enfermedada	8
enfermedadb	5
enfermedades	5115
enfermen	2
enfermera	25
enfermeras	37
enfermero	14
enfermeros	6
enfermería	27
enfermo	124
enfermos	132
enfisema	126
enflonsia	6
enflurano	6
enfoca	16
enfocada	2
enfocado	3
enfocan	4
enfocar	4
enfocarse	4
enfoque	71
enfoques	13
enfortumab	142
enfrenta	4
enfrentamos	2
enfrentan	8
enfrentando	2
enfrentar	32
enfrentarlo	6
enfrentarse	2
enfrente	2
enfriamiento	12
enfriando	2
enfriar	5
enfriarlo	2
enfriarse	3
enfríe	3
enfríen	2
enfuvirtida	58
enfáticamente	2
eng	10
engage	37
engañado	2
engaño	2
engañosa	6
engendrar	6
engendren	4
engerix	22
england	5
engloba	40
engloban	3
engrasamiento	3
engrosa	2
engrosada	6
engrosamiento	44
engrosamientos	2
engrosan	4
engrosar	2
enguantado	9
enhertu	132
enison	2
enjaymo	53
enjuagando	2
enjuagar	40
enjuagarse	21
enjuague	41
enjuaguen	9
enjuagues	14
enjuagándose	2
enlace	54
enlaces	30
enlatadas	2
enlaza	4
enlazador	9
enlazados	2
enlazante	2
enlentece	3
enlentecen	7
enlentecer	10
enlentecida	2
enlenteciendo	2
enlentecimiento	26
enlos	3
enmascamiento	2
enmascarada	59
enmascaradas	8
enmascarado	55
enmascarador	4
enmascarados	18
enmascaramiento	273
enmascaran	3
enmascarando	5
enmascarar	189
enmascararse	14
enmendada	2
enmetazobactam	38
enmienda	6
ennegrecimiento	2
ennoble	2
eno	3
enoftalmos	20
enojado	5
enojados	2
enojo	7
enorme	2
enormemente	12
enormes	2
enoxacino	4
enoxaparina	199
enoxolona	8
enquistamiento	2
enr	2
enrases	2
enredado	6
enredos	19
enriquecida	6
enriquecidas	2
enriquecidos	11
enrojece	2
enrojecida	42
enrojecidas	8
enrojecidos	3
enrojecimiento	440
enrolaron	2
enrollado	2
enrosca	4
enroscar	3
ensaladas	2
ensamblaje	16
ensancha	4
ensanchados	2
ensanchamiento	23
ensanchan	2
ensanchar	3
ensayada	3
ensayadas	2
ensayado	4
ensayados	7
ensayo	7686
ensayos	7752
ensayó	5
enseguida	9
enseña	12
enseñanza	4
enseñar	36
enseñarle	16
enseñarles	3
enseñará	3
enseñe	4
enspryng	5
ensure	8
enséñeme	3
ent	3
entacapona	171
entamoeba	6
ente	3
entecavir	175
entender	244
entendido	7
entendimiento	2
entera	43
enteral	40
enterales	3
enteramente	2
enterarse	2
enteras	90
enterica	4
enteritis	52
entero	368
enteroanastomosis	2
enterobacter	64
enterobacterales	18
enterobacteriaceae	24
enterobacteriae	2
enterobacteriales	3
enterobacterias	20
enterobacteriáceas	2
enterobiasis	7
enterococci	8
enterococcus	92
enterococos	33
enterocolitica	2
enterocolitis	114
enterocolítica	2
enterocromafines	3
enterocutánea	2
enterocócica	6
enterocócicas	2
enterohepática	14
enteropatía	15
enteropática	31
enteropáticas	2
enteros	200
enterostomía	6
enterotoxigénico	2
enterotoxígena	2
enteroviral	3
enterovirus	11
entesitis	84
entesopatía	23
entesopatías	8
enthesitis	2
entidad	2
entidades	11
entienda	4
entiendan	2
entiende	33
entienden	5
entomo	4
entonces	457
entorchado	3
entorno	249
entornos	33
entra	562
entraba	2
entraban	4
entrada	197
entradas	3
entrado	2
entramado	10
entran	73
entrando	4
entrar	195
entrara	2
entraran	4
entraron	119
entraña	14
entre	11056
entrecejo	5
entrecerrar	2
entrecortada	14
entrecruzados	2
entrecruzamiento	8
entrecruzamientos	2
entrectinib	20
entrega	46
entregan	27
entregar	87
entregarla	6
entregarle	6
entregarse	3
entregará	31
entregarán	5
entregue	21
entremedias	3
entren	16
entrenada	3
entrenadas	5
entrenado	21
entrenadores	4
entrenados	32
entrenamiento	62
entrenar	2
entrepierna	2
entresto	22
entretanto	2
entrevista	6
entrevistador	2
entrevistas	5
entropión	46
entry	3
entréguela	3
entró	6
entubar	2
entumecimiento	141
entumezcan	2
enturbia	2
enturbiamiento	2
entusiasmo	2
entyvio	11
entérese	293
entérica	6
entérico	12
entéricos	2
enumera	31
enumerada	2
enumeradas	140
enumerado	3
enumerados	34
enumeran	872
enumerándose	11
enuresis	47
env	3
envasado	6
envase	275
envases	26
envejece	49
envejecemos	9
envejecen	12
envejecer	7
envejeciendo	2
envejecimiento	79
envejezco	2
envenenado	2
envenenamiento	3285
envenenamientos	3
enviada	2
enviando	3
enviar	47
enviarla	17
enviarlos	3
enviaron	2
enviarse	4
enviará	14
envision	5
envoltorio	8
envoltura	32
envolvente	3
envuelto	7
envueltos	27
envía	87
envían	31
envíe	7
envío	2
enza	2
enzalutamida	212
enzima	1100
enzimas	1298
enzimoinmunoanálisis	7
enzimuria	2
enzimática	186
enzimáticamente	3
enzimáticas	23
enzimático	62
enzimáticos	72
enérgica	2
enérgicamente	4
enérgico	11
enérgicos	6
eo	9
eoa	8
eoas	3
eob	4
eoc	3
eoe	32
eoehss	14
eortc	67
eos	36
eosinofilia	694
eosinofilica	6
eosinofília	8
eosinofílica	165
eosinofílicas	2
eosinofílico	4
eosinofílicos	5
eosinopenia	2
eosinophils	2
eosinófila	2
eosinófilos	260
eot	36
eotaxina	2
ep	376
epa	23
epc	8
epcam	12
epclusa	108
epcoritamab	109
epcp	4
epd	3
epds	3
ependimoma	14
ephesus	3
ephidermophyton	4
epi	467
epic	5
epicardio	2
epicondilitis	12
epicutáneo	5
epicárdica	2
epicóndilo	100
epidemia	6
epidemias	3
epidemiology	4
epidemiología	10
epidemiológica	13
epidemiológicas	15
epidemiológico	19
epidemiológicos	364
epidermica	3
epidermidis	44
epidermis	30
epidermoide	27
epidermoides	2
epidermolisis	9
epidermophyton	15
epidermólisis	14
epididimitis	14
epiduo	10
epidural	355
epidurales	38
epidyolex	10
epidys	8
epidémica	5
epidémicas	2
epidémico	6
epidérmica	737
epidérmicas	12
epidérmico	78
epidérmicos	3
epidídimo	298
epiescleral	6
epiescleritis	22
epifisaria	49
epifisarias	2
epifisario	14
epifisarios	7
epifisiolisis	2
epifisiólisis	13
epigastralgia	6
epigastrio	18
epiglotis	73
epiglotitis	7
epiglótico	2
epigástrica	57
epigástricas	8
epigástrico	63
epilepsia	517
epilepsias	13
epilepticus	10
epileptiformes	5
epileptógeno	7
epileptógenos	4
epilesional	5
epiloptogénico	2
epiléptica	20
epilépticas	130
epiléptico	126
epilépticos	132
epimerasa	2
epinastina	2
epinefrina	80
epiplón	82
epipofilotoxinas	2
epirretiniana	4
epirrubicina	4
epirubicina	101
episcleritis	11
episodio	653
episodios	1643
episoma	2
epispermas	2
epistaxia	2
epistaxis	332
epistaxol	3
episódica	54
episódicamente	2
episódicas	2
episódico	17
episódicos	5
epitelial	127
epiteliales	75
epitelio	175
epitelioide	23
epiteliopatía	7
epitelios	2
epitelización	6
epiteloide	2
epitróclea	73
eplerenona	42
eplerenone	2
eplontersén	32
epn	9
epo	17
epoc	555
epoetin	47
epoetina	303
epoetinas	63
epoprostenol	15
epos	5
epoxidasa	2
epp	45
epr	8
eprex	19
eprosartán	69
epsilon	9
epstein	48
eptacog	7
eptifibatida	56
eptinezumab	16
epworth	10
epífisis	278
epífora	19
epígrafe	22
epígrafes	3
epítopo	14
epítopos	2
epóxido	10
eq	47
equi	3
equilibra	6
equilibrada	39
equilibradas	144
equilibrado	7
equilibrados	81
equilibrar	21
equilibraron	15
equilibrativo	3
equilibrio	764
equilibro	8
equimolecular	6
equimosis	131
equina	12
equino	13
equinocandinas	9
equinococosis	23
equinodermo	2
equinos	8
equinovaro	4
equipada	5
equipadas	6
equipado	11
equipados	7
equipamiento	23
equiparable	5
equiparables	4
equiparados	2
equipo	513
equipos	110
equipotente	12
equipotentes	2
equisimilis	2
equitativa	2
equitativamente	2
equivale	148
equivalen	21
equivalencia	21
equivalencias	4
equivalente	1244
equivalentes	115
equivocación	3
equivocadamente	4
equivocado	9
equivocados	2
equín	5
equívoca	3
er	79
era	1557
eradicate	2
eran	2618
erasmus	6
eraspen	2
erasure	4
eravaciclina	35
erazaban	2
erbb	11
erbio	6
erbitux	16
erc	167
erd	8
erdafitinib	29
ere	30
erea	6
erecciones	27
erección	55
erecta	9
erectil	4
erefs	7
erenumab	45
eres	3
eret	7
erft	6
erg	12
erge	106
ergocalciferol	5
ergolínico	2
ergometrina	10
ergometría	2
ergométrico	2
ergonomía	8
ergonovina	7
ergonómicos	2
ergosterol	17
ergot	6
ergotamina	74
ergotamínico	2
ergotamínicos	8
ergotismo	12
erguida	14
erguido	4
ergícas	2
ergómetro	2
ergóticos	13
eri	12
eribulina	95
erimatoso	2
erisipela	20
erisipelas	7
erisipeloide	7
eritema	1765
eritemab	2
eritemae	2
eritemas	10
eritematosa	149
eritematosas	33
eritematoso	436
eritematosos	3
eritomatoso	6
eritrasma	4
eritrema	2
eritro	2
eritrocitaria	59
eritrocitario	14
eritrocitarios	7
eritrocitopenia	5
eritrocitos	197
eritrocitosis	8
eritrocítica	30
eritrocíticas	3
eritroderma	6
eritrodermia	5
eritrodisestesia	122
eritrodérmica	9
eritroide	24
eritroides	9
eritromelalgia	4
eritromicina	120
eritropenia	6
eritropoyesis	54
eritropoyetina	112
eritropoyetinas	7
eritropoyética	13
eritropoyéticas	2
eritropoyéticos	10
eritropsia	2
eritrosis	4
erivedge	44
erk	19
erleada	38
erliquiosis	5
erlotinib	189
erm	11
ero	4
erosionada	2
erosionadas	3
erosiones	47
erosiva	21
erosivo	2
erosión	166
err	4
erradicación	45
erradicado	3
erradicar	2
error	245
errores	135
errónea	6
erróneamente	15
erróneas	2
erróneo	7
erróneos	32
ers	3
ert	52
ertapenem	64
ertugliflozin	2
ertugliflozina	371
eructación	7
eructar	3
eructo	5
eructos	67
erupcion	5
erupcionado	4
erupcionados	6
erupciones	411
erupción	3345
erupcióna	9
erupciónb	3
erupciónc	8
erupciónd	7
erupcióndd	4
erupcióne	8
erupciónf	2
erupciónh	2
erupcióni	2
erupciónj	2
erupciónn	6
erupcióno	3
erupciónx	2
eruptivas	3
erv	2
ervación	2
erwinase	13
erwinia	2
erysipelothrix	3
erzs	2
eréctil	324
es	35468
esa	171
esas	71
esberiven	2
esbl	3
esbls	2
esc	4
escabiosis	4
escafoides	222
escala	1437
escalada	199
escaladas	2
escalado	135
escalamiento	3
escalar	16
escalas	49
escaldada	3
escalera	8
escaleras	49
escalofrios	6
escalofrío	20
escalofríos	751
escalonada	81
escalonadamente	3
escalonadas	10
escalonado	54
escalonamiento	3
escalones	45
escaló	2
escalón	2
escamas	23
escamosa	122
escamosas	323
escamoso	148
escamosos	4
escanea	2
escaneados	2
escaneo	6
escanografía	10
escapa	3
escapar	4
escaparse	3
escape	54
escapular	221
escapulohumeral	2
escara	41
escaras	7
escarificación	12
escarlatina	15
escarlatiniformes	3
escasa	107
escasamente	9
escasas	10
escasez	20
escaso	35
escasos	70
escayola	90
escenario	9
escenarios	5
escherichia	131
escina	8
escinde	10
escindible	6
escindida	6
escindir	4
escintigrafía	4
escisional	2
escisión	4684
escitalopram	36
esclarecer	3
esclarecidas	2
esclarecido	6
esclera	9
escleral	24
escleritis	47
escleroderma	3
esclerodermia	80
esclerodérmica	11
escleromalacia	6
esclerosante	43
esclerosantes	30
esclerosis	416
escleroso	8
escleroterapia	30
esclerótica	56
escoceduras	9
escoger	10
escogerse	3
escogerá	2
escogida	5
escogido	9
escogidos	2
escoja	7
escolar	21
escolares	16
escoliosis	102
escombros	2
esconderse	2
escopeta	51
escopolamina	22
escorbuto	3
escorpión	18
escotoma	51
escotomas	6
escozor	90
escp	2
escr	2
escriba	4
escribe	2
escribir	37
escrita	2
escrito	4
escritorio	3
escritura	16
escrotal	19
escroto	238
escualeno	3
escucha	16
escuchado	5
escuchan	4
escuchando	2
escuchar	81
escuchará	8
escuche	12
escuchó	3
escudo	4
escuela	90
escuelas	11
escupa	5
escupe	2
escupir	2
escupirla	2
escupirá	2
escupitajo	5
escáner	61
escáneres	11
escápula	424
escómbridos	21
escúter	2
ese	345
esencia	10
esencial	532
esenciales	106
esencialmente	947
esencias	2
esertia	5
esfenoidal	125
esfenoides	61
esferocitosis	2
esfigmomanometría	2
esfingolipidosis	3
esfingomielina	10
esfingomielinasa	4
esfingosina	17
esfuerza	2
esfuerzo	233
esfuerzos	14
esférica	2
esfínter	190
esfínteres	5
esguince	1018
esguinces	23
esia	14
esketamina	23
esl	4
eslicarbazapina	2
eslicarbazepina	78
eslovaquia	2
esm	3
esmalte	33
esmeron	31
esmolol	3
esnifar	2
eso	239
esofagitis	210
esofagogastroduodenal	12
esofagogastroduodenoscopia	2
esofagografía	2
esofagograma	5
esofagogástrica	108
esofagogástricas	4
esofagoscopia	3
esofagostomía	6
esofagrama	4
esofágica	217
esofágicas	82
esofágico	79
esofágicos	24
esomeprazol	49
esos	195
esotropía	23
esp	2
espa	16
espaax	58
espaciadas	2
espaciado	6
espaciador	478
espaciadora	4
espaciados	8
espacial	41
espaciar	13
espaciarse	35
espacio	252
espacios	31
espada	30
espalda	1763
espaldaa	2
espaldas	13
espamos	4
esparfloxacino	5
esparganosis	2
esparsentán	79
espasmo	174
espasmolítica	7
espasmolíticas	3
espasmolítico	3
espasmolíticos	29
espasmos	485
espasmódica	4
espasmódicas	2
espasmódico	10
espasmógenos	3
espasticidad	112
españa	14
español	1513
especial	1948
especiales	1665
especialice	2
especialidad	29
especialidades	6
especialista	417
especialistas	136
especializa	23
especializada	29
especializadas	15
especializado	91
especializados	42
especializan	5
especialmente	3315
especie	59
especies	459
especifica	43
especificaba	5
especificaciones	8
especificación	11
especificad	3
especificada	12972
especificadas	1627
especificado	18646
especificados	3774
especifican	17
especificar	151
especificaron	2
especificas	4
especificidad	154
especifico	3
especificó	2
especifique	12
espectral	8
espectro	303
espectrofotométrico	2
espectrofotométricos	2
espectrometría	10
espectroscopia	6
espectroscopía	3
específica	563
específicada	2
específicamente	235
específicas	499
específico	709
específicos	585
espejo	10
espera	466
esperaba	18
esperaban	6
esperable	14
esperada	66
esperadas	21
esperado	155
esperados	82
esperan	28
esperanza	24
esperar	366
esperarse	40
esperará	3
esperarán	2
esperaría	2
espere	36
esperen	34
esperma	82
espermatocele	5
espermatogénesis	40
espermatozoide	6
espermatozoides	97
espermicida	9
espermicidas	4
espermiogramas	2
espermática	2
espermático	232
espermáticos	63
esperoct	44
espesa	33
espesamiento	19
espesante	3
espesantes	4
espesas	2
espeso	9
espesolimab	65
espesor	204
espiguilla	2
espina	151
espinacas	3
espinal	1435
espinales	100
espinas	8
espinillas	8
espino	3
espinocelular	6
espiración	4
espirado	2
espiral	2
espiramicina	32
espirar	19
espiratoria	3
espiratorio	88
espire	2
espiritual	5
espiroidea	564
espirometría	15
espironolactona	84
espiroqueta	3
espiroquetas	17
espirómetro	5
esplenectomizados	16
esplenectomía	36
esplenio	5
esplenomegalia	83
esplenosis	2
esplácnica	3
esplácnicas	3
esplácnico	26
esplénica	306
esplénicas	13
esplénico	32
espolones	4
espolvorear	7
espolón	9
espondaicas	4
espondilartritis	2
espondilitis	280
espondiloartritis	224
espondiloartropatía	3
espondilolisis	11
espondilolistesis	241
espondilopatía	43
espondilopatías	36
espondilosis	41
esponja	15
esponjoso	19
espontaneas	2
espontaneidad	2
espontánea	453
espontáneamente	152
espontáneas	235
espontáneo	165
espontáneos	121
esporas	30
esporotricosis	15
esporádica	12
esporádicamente	8
esporádicas	2
esporádicos	11
esposa	3
esprit	8
esprúe	12
espuma	43
espumosa	2
esputo	215
esputos	3
espástica	28
espástico	19
espásticos	4
espátula	8
espéculo	12
espícula	64
espículas	6
espín	4
esqueleto	45
esquelética	38
esqueléticas	17
esquelético	379
esqueléticos	54
esquema	242
esquemas	55
esquiador	6
esquina	2
esquinas	2
esquirlas	2
esquistocitos	3
esquistosomiasis	11
esquizoafectivo	36
esquizoafectivos	6
esquizofrenia	247
esquizofrenias	3
esquizofrénicas	2
esquizofrénicos	13
esquizoide	2
esquizontes	2
esquizonticida	4
esquizotípico	2
esquí	32
esquíes	30
esr	19
esrd	16
ess	40
essen	2
essential	2
est	5
esta	4829
estaba	457
estaban	1028
estabilice	16
estabilicen	15
estabilidad	85
estabiliza	20
estabilizaba	2
estabilizaciones	2
estabilización	235
estabilizada	20
estabilizado	55
estabilizador	24
estabilizadora	15
estabilizadoras	4
estabilizadores	22
estabilizados	31
estabilizan	9
estabilizando	8
estabilizante	5
estabilizantes	3
estabilizar	38
estabilizarlo	3
estabilizaron	16
estabilizarse	13
estabilizándose	2
estabilizó	23
estable	1046
establea	3
establece	63
establecen	15
establecer	485
establecerla	2
establecerse	70
establecerá	17
establecerán	9
establecida	317
establecidas	110
establecido	1995
establecidos	113
estableciendo	2
establecieron	34
establecimiento	24
establecimientos	7
estableció	76
establecía	2
estables	363
establezca	13
establezcan	8
estacionado	411
estacional	132
estacionales	2
estacionamiento	2
estacionaria	7
estacionarias	2
estacionario	124
estacione	2
estaciones	9
estación	43
estadiable	25
estadiaje	6
estadificación	91
estadio	1392
estadioa	2
estadios	153
estadistica	2
estado	4406
estados	825
estadounidense	23
estadounidenses	37
estadía	3
estadías	2
estadío	67
estadíos	17
estadística	303
estadísticamente	1732
estadísticas	45
estadístico	115
estadísticos	35
estafa	2
estafas	3
estafilococo	23
estafilococos	121
estafilocócica	61
estafilocócicas	10
estafiloma	25
estallido	227
estamos	3
estampida	7
estan	5
estancada	4
estancia	16
estandar	5
estandares	2
estandarización	3
estandarizada	21
estandarizadas	10
estandarizado	15
estandarizados	8
estandarizar	3
estando	235
estanoles	5
estanques	2
estar	2546
estarlo	24
estará	36
estarán	22
estaría	10
estarían	2
estas	3828
estasia	2
estasis	21
estatal	7
estatina	306
estatinas	573
estatura	134
estaturacreación	2
estatus	126
estavudina	112
estazolam	3
estaño	24
este	11798
estea	2
estearílico	18
esteatohepatitis	14
esteatorrea	16
esteatosis	93
esteem	35
esten	4
estenocardia	3
estenosante	22
estenosis	974
estenótica	7
estenóticas	3
estequiométrica	2
ester	3
esterasa	35
esterasas	13
estereoespecífica	2
estereoisómero	8
estereotipia	2
estereotáctica	9
estereotáxica	378
esteres	2
esterilidad	47
esterilización	10
esterilizada	2
esterilizadas	3
esterilizado	5
esternal	85
esternoclavicular	360
esternoclaviculares	6
esternocleidomastoideo	7
esternón	220
estero	2
esteroide	31
esteroidea	6
esteroideas	8
esteroideo	71
esteroideos	365
esteroides	439
esteroidogénesis	7
esterol	8
esteroles	24
esteroídicos	4
estertores	13
estetoscopio	10
estetrol	43
esther	4
estigma	2
estilete	2
estilista	2
estilo	348
estiloides	207
estilsona	9
estima	76
estimable	152
estimaciones	244
estimación	446
estimada	505
estimadas	80
estimado	337
estimador	8
estimados	44
estiman	9
estimar	236
estimaron	20
estimarse	1623
estime	9
estimula	204
estimulación	567
estimulada	32
estimuladas	5
estimulado	10
estimulador	238
estimuladora	9
estimuladoras	2
estimuladores	22
estimulados	4
estimulan	29
estimulando	38
estimulante	307
estimulantes	238
estimular	70
estimó	64
estipulado	2
estipulados	2
estira	2
estirado	2
estirados	3
estiramiento	13
estiramientos	5
estiran	4
estirar	13
estirarse	2
estire	5
estiripentol	69
estirpe	4
estirpes	9
esto	3989
estoma	42
estomacal	61
estomacales	20
estomago	3
estomas	8
estomatitis	575
estomatitisa	4
estomatitisb	2
estomatitisc	2
estomatitisd	3
estomatitisg	3
estomatitism	6
estomatitiso	2
estomatológicas	4
estomatológicos	3
estornuda	12
estornudando	2
estornudar	23
estornude	4
estornudo	6
estornudos	106
estos	8870
estoy	7
estrabismo	29
estrabismos	2
estracyt	2
estradiol	216
estraficado	2
estramustina	22
estranguria	2
estrategia	131
estrategias	46
estratificación	179
estratificada	288
estratificadab	5
estratificadac	3
estratificadas	9
estratificado	529
estratificadoa	3
estratificados	89
estratificar	4
estratificaron	50
estratificó	244
estrato	71
estratos	60
estrecha	689
estrechamente	865
estrechamiento	63
estrechan	9
estrechar	9
estrecharse	4
estrechas	15
estrechen	9
estrechez	16
estrecho	338
estrechos	24
estrechándolas	6
estrechándose	3
estreptavidina	2
estreptocco	2
estreptococcus	2
estreptococo	90
estreptococos	141
estreptocos	2
estreptocócica	108
estreptocócicas	40
estreptocócico	2
estreptodornasa	9
estreptograminas	4
estreptomicina	30
estreptoquinasa	12
estreptozocina	34
estres	3
estresadas	2
estresado	22
estresados	4
estresan	2
estresante	23
estresantes	12
estreñimiento	1559
estreñimientod	2
estreñimientoe	2
estriación	2
estriado	37
estriados	2
estriatal	3
estribos	5
estricnina	19
estricta	155
estrictamente	109
estrictas	18
estricto	91
estrictos	7
estridor	18
estriol	26
estroboscópicos	2
estrogen	2
estrogenos	2
estrogénica	51
estrogénicas	4
estrogénico	38
estrogénicos	17
estroma	46
estromal	12
estromales	2
estromelisina	2
estrona	16
estroncio	9
estrongiloides	4
estrongiloidiasis	6
estructura	513
estructurada	18
estructurado	5
estructurados	4
estructural	121
estructurales	53
estructuralmente	45
estructuras	134
estruvita	4
estrábica	5
estrés	825
estrías	73
estróbilos	4
estrógeno	484
estrógenos	947
estuche	4
estudia	8
estudiaba	3
estudiada	94
estudiadas	120
estudiado	1240
estudiados	101
estudiando	19
estudiantes	6
estudiar	50
estudiaron	74
estudiarse	13
estudio	18071
estudioa	3
estudioc	2
estudiod	2
estudios	9084
estudió	159
estufa	9
estupor	48
estupora	2
estuviera	46
estuvieran	27
estuvieron	240
estuviese	7
estuviesen	7
estuvo	179
está	10995
están	2556
estándar	1418
estándara	2
estándares	47
estás	8
estática	27
estáticas	16
estático	4
estáticos	3
esté	1292
estén	903
estéril	177
estériles	29
estética	4
estético	3
estímulo	59
estímulos	74
estómago	1191
esófago	1214
et	122
eta	25
etacrínico	2
etalpha	6
etambutol	61
etanercept	109
etanol	267
etanolamina	15
etanólica	2
etapa	215
etapas	190
etar	4
etaria	3
etario	5
etarios	5
etarsudil	3
etb	13
etc	322
etdrs	49
ete	4
etelcalcetida	21
etesevimab	2
etexilato	215
etfg	5
etfgcg	11
ethos	15
ethyol	55
ethypharm	3
etidronato	9
etil	14
etilendiamina	4
etilenglicol	4
etilo	64
etinil	3
etinilestradiol	152
etiología	291
etiologías	62
etiológica	3
etiológico	7
etionamida	5
etiqueta	61
etiquetadas	3
etiquetado	9
etiquetados	2
etiquetan	2
etiquetar	11
etiquetas	41
etmoidal	125
etmoides	122
etna	3
etnia	44
etnias	10
etnicidad	5
etofenamato	9
etomidato	12
etonogestrel	20
etopósido	135
etoricoxib	31
etosuximida	17
etoxibencil	2
etoxisclerol	12
etp	4
etranacogén	58
etrasimod	123
etravirina	89
etretinato	8
etri	20
ets	11
etumina	7
etv	59
etvr	8
etvrc	8
etvs	7
etílica	12
etílico	8
etílicos	6
etíope	6
etíopes	8
eu	38
eua	18
euadrenales	2
eubacterium	6
eucabal	5
eucalipto	5
eucarióticas	2
eucast	117
eudract	13
euforia	84
euforizantes	2
eufórico	27
eufóricos	2
eug	19
eugenol	5
euglucémico	3
eular	16
eulitop	4
eumelanina	5
eur	14
euradal	2
eurartesim	49
euridis	2
europa	155
europea	738
european	70
europeas	4
europeo	47
europeos	45
euroqol	16
eurtac	2
eustaquio	194
eutiroideo	15
eutiroideos	4
eutirox	9
ev	58
eva	63
evacuaciones	14
evacuación	78
evacuado	2
evacuante	7
evacuar	9
evacuol	4
evacúa	2
evacúe	2
evag	2
evalor	6
evaluaba	16
evaluaban	10
evaluable	237
evaluables	272
evaluacion	13
evaluaciones	456
evaluación	4025
evaluada	840
evaluadas	208
evaluado	877
evaluador	26
evaluadores	7
evaluados	349
evaluando	62
evaluar	2195
evaluarlo	4
evaluarlos	7
evaluaron	763
evaluarse	205
evaluará	38
evaluarán	7
evaluasen	2
evaluation	28
evaluo	2
evaluándose	6
evaluó	1930
evalúa	79
evalúan	32
evalúe	124
evalúen	11
evalúo	2
evanescentes	2
evans	3
evaporación	2
evaporar	2
evasión	2
evenity	3
event	3
evento	469
eventos	1479
eventosa	4
eventosd	3
events	43
eventual	10
eventuales	4
eventualidad	2
eventualmente	17
ever	2
everolimus	163
eversión	5
everólimus	9
evg	4
evh	3
evicel	47
evidencia	1345
evidenciada	11
evidenciadas	2
evidenciado	25
evidencian	4
evidenciar	3
evidenciaron	4
evidenciarse	4
evidencias	194
evidencie	3
evidencien	4
evidenció	13
evidente	158
evidentes	59
evinacumab	46
eviplera	123
evita	93
evitación	18
evitada	7
evitado	11
evitados	3
evitan	45
evitando	123
evitar	2329
evitarlo	3
evitarlos	4
evitaron	27
evitarse	499
evitará	13
evitarán	8
evite	134
eviten	67
evitó	2
evkeeza	5
evn	9
evo	81
evocadas	4
evocados	7
evoh	9
evolocumab	51
evoluciona	12
evolucionado	7
evolucionan	21
evolucionar	55
evolucionaron	7
evolucione	2
evolucionen	2
evolucionó	3
evolución	235
evolutivos	4
evolve	16
evop	6
evotaz	64
evp	2
evr	17
evra	72
evrenzo	13
evrysdi	16
evt	8
evusheld	46
evusheldb	3
evv	5
evw	6
evítese	4
ew	4
ewing	33
ews	5
ex	61
exac	4
exacerba	9
exacerbaci	4
exacerbacion	2
exacerbaciones	513
exacerbación	652
exacerbada	25
exacerbadas	5
exacerbado	5
exacerbados	14
exacerban	6
exacerbar	134
exacerbarse	17
exacta	120
exactamente	42
exactas	9
exactitud	123
exacto	190
exactos	21
exagamglogén	3
exagerada	40
exageradas	8
exagerado	3
exagerados	2
exagerar	4
examen	975
exametazima	6
examina	55
examinación	11
examinada	13
examinadas	8
examinado	35
examinados	36
examinan	10
examinando	7
examinar	122
examinarla	7
examinarle	3
examinarlo	5
examinarlos	2
examinaron	10
examinarse	16
examinará	26
examination	6
examine	12
examinen	2
examinó	16
exanguinotransfusión	5
exantema	746
exantemaa	3
exantemab	2
exantemag	3
exantemai	5
exantemas	35
exantematosa	28
exantemática	174
exantemáticas	22
exantémica	7
exblifep	7
exceda	29
excedan	29
excede	58
exceden	23
exceder	313
excederse	32
excederá	27
excedida	3
excedido	6
excediendo	8
excediera	4
excedieron	5
excediese	2
excedió	11
excedrin	2
excedía	9
excedían	5
exceed	2
excel	9
excelente	52
excelentes	10
excepcional	37
excepcionales	200
excepcionalmente	81
excepciones	19
excepción	209
excepto	1132
exceptuando	20
excesiva	434
excesivamente	21
excesivas	78
excesivo	400
excesivos	12
exceso	351
excesos	2
excipentes	2
excipiente	109
excipientes	3193
excisional	2
excitabilidad	46
excitables	11
excitación	114
excitador	3
excitados	3
excitante	10
excitatoria	3
excitatorio	2
excitatorios	3
excl	13
excluida	38
excluidas	19
excluido	69
excluidos	299
excluir	334
excluirse	100
exclusiones	3
exclusiva	18
exclusivamente	281
exclusivas	3
exclusivo	27
exclusión	69
excluya	3
excluyan	4
excluye	51
excluyen	37
excluyendo	208
excluyente	11
excluyentes	3
excluyeron	262
excluyéndose	2
excluyó	321
excluía	3
excluían	2
excoriaciones	3
excoriación	7
excreción	514
excremento	9
excrementos	8
excreta	76
excretada	13
excretadas	3
excretado	9
excretados	8
excretan	27
excretaron	3
excrete	2
excretor	9
excretora	5
excretoras	5
excretoria	2
excretándose	3
excursion	9
excursiones	2
excursión	3
excusas	2
exdensur	5
executive	2
exemestane	2
exemestano	56
exenatida	188
exención	5
exenta	10
exento	901
exentos	5
exfoliación	112
exfoliante	2
exfoliantes	3
exfoliativa	294
exfoliativas	39
exfoliativo	13
exfoliativos	5
exfumadores	34
exhala	16
exhalado	14
exhalan	2
exhalar	14
exhalarlo	2
exhaló	2
exhaustiva	57
exhaustivamente	17
exhaustivo	67
exhaustivos	3
exhibe	4
exhiben	4
exhibicionismo	2
exhibir	2
exige	21
exigen	9
exigidas	3
exigiera	2
exigir	8
exigirse	2
exigió	17
exigía	5
exija	4
exijan	4
exime	2
eximido	306
exista	171
existan	29
existe	1501
existen	1005
existencia	215
existente	257
existentes	150
existiendo	12
existiera	5
existieron	5
existir	88
existió	7
existía	13
existían	12
exitosa	13
exitosamente	2
exitoso	14
exo	3
exocitosis	5
exocrina	43
exocrinas	4
exocérvix	2
exoftalmos	20
exones	12
exopeptidasa	3
exophiala	2
exostosis	16
exotropía	22
expand	4
expande	2
expanded	9
expandible	2
expandida	19
expandido	21
expandir	5
expandirse	3
expandiéndose	5
expansion	3
expansiva	104
expansión	93
expansor	102
expansores	6
expectativa	5
expectativas	2
expectoración	45
expectorante	35
expectorantes	52
expectorar	4
expectym	2
expedición	2
expedition	20
experience	2
experiencia	2979
experiencias	42
experimenta	154
experimentaba	3
experimentaban	18
experimentación	21
experimentada	5
experimentadas	23
experimentado	331
experimentados	42
experimental	39
experimentales	85
experimentalmente	8
experimentan	240
experimentando	23
experimentar	304
experimentaran	9
experimentarlas	2
experimentaron	879
experimentarse	5
experimentará	2
experimentasen	2
experimente	48
experimenten	149
experimento	5
experimentos	40
experimentó	249
experto	55
expertos	110
explantación	4
explica	47
explicable	2
explicables	2
explicaciones	15
explicación	40
explicada	3
explicadas	5
explicado	15
explican	20
explicar	78
explicarle	44
explicarles	2
explicarse	12
explicará	17
explicaría	8
explicativa	6
explicativas	2
explicándoles	2
explique	40
expliquen	2
explora	2
exploraciones	1074
exploración	449
explorando	2
explorar	19
exploratoria	38
exploratorias	25
exploratorio	117
exploratorios	67
explorer	11
exploró	2
explosiones	26
explosivo	54
explosivos	121
explosión	498
explotación	49
explíquele	4
expondrá	2
expone	49
exponen	22
exponencialmente	2
exponenciando	22
exponer	24
exponerse	37
exponga	3
expongan	9
exportación	5
exportadora	2
exportar	2
exportina	2
exposicion	3
exposiciones	131
exposición	3715
expresa	149
expresaba	9
expresaban	72
expresada	65
expresadas	9
expresado	34
expresados	11
expresamente	3
expresan	146
expresar	23
expresaron	14
expresarse	14
exprese	3
expresen	41
expresion	5
expresiones	4
expresiva	3
expresivo	13
expresión	821
express	3
expresó	16
expuesta	47
expuestas	140
expuesto	186
expuestos	495
expulsa	22
expulsado	8
expulsar	18
expulsarlas	2
expulsarlos	2
expulse	5
expulsen	2
expulsiva	6
expulsión	101
expusieron	9
expuso	11
ext	10
extemporánea	19
extend	18
extender	44
extenderse	35
extenderá	2
extendida	57
extendidas	6
extendido	73
extendidos	4
extendiendo	2
extendieron	2
extendiéndola	2
extendiéndose	2
extendió	7
extenet	4
extensa	69
extensamente	11
extensas	133
extension	9
extensiones	24
extensiva	9
extensivo	12
extensivos	5
extensión	1564
extenso	30
extensor	473
extensores	89
extensos	28
extenuante	19
extenuantes	4
exterior	733
exteriores	8
externa	4343
externamente	7
externas	161
externo	5610
externos	203
extienda	14
extiende	44
extienden	12
extirpa	14
extirpable	3
extirpación	2299
extirpadas	2
extirpado	8
extirpados	6
extirpan	5
extirpar	66
extirparlas	3
extirparlos	6
extirparon	2
extirparse	4
extirpará	3
extirpen	4
extra	70
extraabdominales	2
extraarticular	106
extrabdominal	4
extracapsular	3
extracciones	30
extracción	1052
extracelular	121
extracelulares	24
extracerebral	2
extracerebrales	6
extracorporal	9
extracorpórea	39
extracorpóreo	20
extracorpóreos	20
extracraneal	114
extracraneales	3
extract	8
extracto	66
extractos	38
extracutánea	6
extradural	3
extrae	238
extraen	11
extraer	245
extraerlo	2
extraerlos	2
extraerse	17
extraerá	23
extraesquelética	2
extrafina	2
extrafinas	2
extrafoveales	2
extraganglionar	27
extraganglionares	36
extragenital	4
extrahepática	16
extrahepático	5
extrahepáticos	2
extrahospitalaria	12
extraido	2
extraiga	17
extraintestinal	5
extraintestinales	2
extrajeron	3
extrajo	6
extraluminal	1458
extramedular	48
extramedulares	11
extramedularmente	4
extranodal	2
extraocular	111
extraoculares	9
extraordinario	2
extrapancreática	2
extrapancreáticos	8
extrapiramidal	79
extrapiramidales	179
extrapolación	66
extrapolada	2
extrapolado	8
extrapolados	2
extrapolar	5
extrapolarse	4
extraprostática	7
extrapulmonar	21
extrapulmonares	3
extrapélvicos	3
extrarrenal	3
extrarrenales	3
extras	4
extrasístole	18
extrasístoles	126
extratesticulares	4
extratiroidea	3
extratorácicas	4
extrauterino	5
extravasa	2
extravasaciones	4
extravasación	372
extravasado	5
extravascular	20
extravasculares	3
extraviar	2
extrayendo	2
extraérselas	2
extraíble	12
extraíbles	2
extraída	9
extraídas	7
extraído	30
extraídos	15
extraña	16
extrañas	40
extraño	3604
extraños	52
extraósea	4
extrema	151
extremada	5
extremadamente	94
extremando	4
extremar	54
extremarse	34
extremará	2
extremas	21
extremidad	4719
extremidade	6
extremidades	990
extremo	3785
extremos	105
extreñimiento	2
extrofia	4
extrusión	4
extrínseca	16
extrínsecos	3
extubación	21
exudación	22
exudado	21
exudados	15
exudativa	96
exudativas	8
exudativo	12
exudativos	6
exuparvovec	21
exviera	3
exámenes	358
exéresis	2
exógena	23
exógenas	8
exógeno	38
exógenos	49
exón	142
eyaculaciones	2
eyaculación	90
eyacular	3
eyaculatoria	18
eyaculatorio	2
eye	12
eyebrow	6
eyección	274
eyelash	6
eylea	173
ezcema	2
ezetimiba	361
ezetimibe	2
ezetrol	63
eziclen	35
ezmekly	22
f	781
fa	227
fab	5
fabhalta	7
fabrazyme	32
fabrica	8
fabricacion	4
fabricación	92
fabricada	24
fabricadas	10
fabricado	4
fabricados	2
fabrican	6
fabricante	52
fabricantes	3
fabricar	9
fabricara	3
fabrique	2
fabry	50
fac	67
face	3
faceta	21
facetaria	24
facetarias	5
facial	1056
facialc	3
faciales	81
facialg	6
faciei	2
facies	6
facilidad	54
facilidades	3
facilita	98
facilitación	8
facilitada	11
facilitadas	4
facilitado	3
facilitados	2
facilitan	25
facilitando	25
facilitar	147
facilitarle	3
facilitaron	3
facilitará	5
facioescapulohumeral	2
facit	80
facodonesis	4
facomatosis	4
fact	51
factible	13
factibles	2
facticia	5
facticio	6
factor	3007
factores	3395
factorial	26
facturas	5
facultades	2
facultativa	4
facultativo	25
facultativos	8
fae	9
faecalis	37
faecium	24
faes	29
fag	26
fagerstr	2
fagocitaria	2
fagocitos	11
fagocitosis	17
fagocítica	3
fagocíticas	3
failure	9
fair	3
falange	2302
falanges	2
falciforme	50
falciformes	165
falciparum	51
falcon	10
falconi	2
falla	16
fallado	85
fallan	5
fallar	3
fallaron	16
fallas	2
falle	3
fallece	3
fallecida	2
fallecido	33
fallecidos	4
fallecieron	44
fallecimiento	79
fallecimientos	56
falleció	34
fallida	21
fallidas	3
fallido	37
fallidos	3
fallo	1388
fallos	51
fallot	4
falló	4
falopio	723
falsa	21
falsamente	31
falsas	13
falso	97
falsos	180
falta	806
faltaban	30
faltan	32
faltante	8
faltantes	38
faltar	7
faltara	2
faltas	8
falte	2
falten	12
faltó	2
famata	2
famciclovir	30
fame	77
fameb	27
famec	19
fames	159
famesb	4
famesc	30
familia	270
familiar	747
familiares	539
familiaricen	2
familiarizado	22
familiarizados	39
familias	56
famotidina	22
fampridina	49
famvir	10
fan	2
fanca	2
fanconi	56
fantasma	8
fanv	53
fap	2
fareston	10
faricimab	126
faringe	342
faringitis	233
faringitisa	3
faringoamigdalitis	32
faringolaringeo	2
faringolaríngeo	36
farmacia	19
farmacias	5
farmaco	4
farmacocinética	591
farmacocinéticas	71
farmacocinético	175
farmacocinéticos	221
farmacodependencia	18
farmacodinamia	27
farmacodinámica	191
farmacodinámicas	109
farmacodinámico	113
farmacodinámicos	745
farmacoepidemiológico	6
farmacoepidemiológicos	11
farmacogenética	10
farmacogenéticas	7
farmacogenómica	5
farmacología	51
farmacológica	211
farmacológicamente	50
farmacológicas	175
farmacológico	210
farmacológicos	163
farmacopea	5
farmacopotenciación	2
farmacopotenciador	2
farmacorresistente	2
farmacos	4
farmacoterapeutico	7
farmacoterapeútico	15
farmacoterapia	26
farmacoterapias	2
farmacoterapéutica	7
farmacoterapéutico	2175
farmacovigilancia	1623
farmacéutica	43
farmacéuticas	29
farmacéutico	124
farmacéuticos	9
farmaproina	3
farme	69
farmeb	10
farmec	9
farmes	5
farmesc	14
farmiblastina	6
farmorubicina	16
farnesol	6
farola	5
farrington	2
farydak	14
faríngea	39
faríngeas	2
faríngeo	45
fas	140
fascia	3165
fascial	2
fascias	371
fasciculaciones	16
fasciculación	6
fascicular	6
fasciitis	5
fascinación	2
fascitis	78
fase	6418
fasenra	21
fases	280
fast	18
fastum	12
fasturtec	22
fatal	246
fatales	122
fatiga	2220
fatigaa	6
fatigac	2
fatigad	4
fatigadas	2
fatigah	2
fatigai	2
fatigam	3
fatigao	2
fatigar	4
fatigue	9
fauc	3
favismo	3
favor	306
favorable	202
favorablemente	13
favorables	53
favorece	126
favorecedora	2
favorecen	19
favorecer	56
favorecerse	5
favorecerá	2
favorecida	3
favorecido	6
favoreciendo	39
favorecieron	12
favoreció	16
favorecía	6
favorezcan	4
favoritas	4
favorito	3
fb	47
fc	434
fcas	7
fcc	15
fcca	2
fcda	3
fcf	7
fcm	3
fcn	21
fcr	18
fcrn	9
fct	4
fcu	53
fd	48
fda	51
fdc	15
fde	9
fdg	7
fdp	4
fdt	6
fdump	2
fe	24
feature	3
feb	7
febrero	70
febril	637
febrild	3
febriles	146
febrícula	15
febuxostat	91
fec	57
fecal	156
fecales	9
fecaloma	10
fecalomac	2
fecas	2
fecha	952
fechas	14
fecundación	19
fecundado	13
fecundar	2
federación	10
federal	16
federales	2
federica	23
fedr	3
fedratinib	14
fee	22
feedback	3
fees	2
feet	3
fef	4
fehling	7
feia	3
feldene	7
felices	3
feliz	3
felodipino	39
felty	31
fem	5
fema	2
femara	27
femenina	174
femeninas	59
femenino	346
femeninoc	2
femeninos	137
femfascon	6
femoral	1668
femorales	91
femoro	2
femoropatelares	4
fenamatos	2
fenantreno	4
fenazona	5
fenciclidina	3
fenelzina	6
fenestrado	24
fenfluramina	105
fenilacetato	13
fenilacetilglutamina	9
fenilacético	4
fenilalanina	236
fenilalquilamina	4
fenilbutazona	9
fenilbutirato	89
fenilbutírico	3
fenilcetonuria	57
fenilcetonúricos	5
fenilefrina	89
feniletil	2
feniletilaminas	2
feniletilmalonamida	2
fenilpropanolamina	14
fenitoina	7
fenitoína	197
fenivir	4
feno	73
fenobarbital	117
fenofibrato	196
fenofíbrico	2
fenol	48
fenotiacinas	4
fenotiacínicos	2
fenotiazina	4
fenotiazinas	57
fenotiazínicos	5
fenotipado	4
fenotipar	2
fenotipo	104
fenotipos	20
fenotípica	77
fenotípicamente	6
fenotípicas	6
fenotípico	16
fenotípicos	13
fenoximetilpenicilina	14
fenprocumona	3
fentanest	14
fentanilo	95
fentermina	2
fenticonazol	6
fentolamina	8
fenzil	18
fenómeno	267
fenómenos	119
feocromocitoma	180
feocromocitomas	17
feocromocitomía	2
feomicótico	3
feraccru	24
ferasa	2
ferina	222
ferinject	19
fermentación	3
fermentadores	4
fermentan	2
fermentos	2
ferofix	6
ferplex	3
ferriprox	37
ferritina	143
ferro	3
ferroglicina	2
ferromagnéticos	6
ferropenia	8
ferropénica	25
ferropénicas	3
ferropénicos	2
ferroso	3
ferroterapia	2
ferroviario	609
ferroxidasa	2
fertilidad	175
fertilización	33
fertilizada	2
fertilizado	10
fertilizante	6
fertilizar	2
fertilzar	2
fes	2
fesoterodina	73
festuca	4
fetal	596
fetales	293
fetalesa	2
fetcroja	10
fetichismo	2
feto	1766
fetomaterna	6
fetoproteína	9
fetos	169
fetotóxico	2
fevi	447
fexofenadina	16
fezolinetant	29
ff	160
ffler	3
ffpe	7
ffr	19
fg	10
fgcl	15
fge	46
fgeckd	2
fgf	2
fgfr	26
fh	10
fhbp	17
fi	4
fiabilidad	29
fiable	84
fiablemente	2
fiables	41
fiat	2
fib	2
fibra	120
fibras	112
fibrato	54
fibratos	80
fibrilacion	4
fibrilación	660
fibrilina	2
fibrillas	6
fibrina	111
fibrino	2
fibrinolisis	63
fibrinolítica	15
fibrinolíticas	3
fibrinolítico	15
fibrinolíticos	12
fibrinopéptidos	2
fibrinosa	2
fibrinógeno	136
fibrinógenos	2
fibrinólisis	17
fibroadenoma	4
fibroadenomas	2
fibroadenosis	4
fibroblastos	35
fibroblástica	2
fibroblástico	4
fibroblásticos	2
fibroesclerosis	5
fibroglandular	4
fibroide	2
fibroides	16
fibroma	13
fibromas	64
fibromatosis	6
fibromialgia	31
fibromiomas	3
fibronectina	3
fibroneer	29
fibroplasia	7
fibroquística	10
fibroquísticas	2
fibroquísticos	2
fibrosa	37
fibrosante	14
fibrosantes	17
fibrosarcoma	12
fibroscan	10
fibrosis	646
fibroso	16
fibrotest	6
fibrotestb	3
fibrótica	5
fibróticas	15
fibrótico	10
fibróticos	13
ficha	642
fichas	51
fidaxomicina	49
fidedigna	8
fidelio	12
fides	8
fiebre	2278
fiebrea	2
fiebree	3
fiebref	6
fiebres	23
field	13
fiestas	5
fig	4
figaro	12
figo	44
figura	1897
figuraba	2
figuran	49
figuras	122
figure	17
fija	561
fijación	3641
fijada	6
fijadas	4
fijado	25
fijadoc	2
fijadora	31
fijadoras	16
fijados	9
fijan	6
fijando	2
fijar	18
fijaron	5
fijarse	2
fijas	168
fije	2
fijo	506
fijos	69
fijó	4
fil	28
fila	19
filadelfia	119
filamentos	3
filamentosa	11
filamentosos	6
filante	2
filariasis	6
filas	5
filgotinib	145
filgrastim	44
filiada	6
filipinas	8
film	7
filo	24
filoso	10
filovirus	2
filspari	4
filsuvez	14
filtra	13
filtración	432
filtrada	12
filtrado	44
filtran	42
filtrando	2
filtrar	22
filtrarlo	2
filtrarse	4
filtre	4
filtren	3
filtro	106
filtros	31
fimosis	24
fin	648
fina	126
final	1734
finales	52
finalice	13
finalidad	24
finaliza	5
finalización	349
finalizada	24
finalizado	199
finalizadob	3
finalizador	2
finalizados	17
finalizando	2
finalizar	315
finalizarlo	4
finalizaron	50
finalizarse	4
finalizó	28
finalmente	52
financiado	2
financiera	4
financieras	11
financiero	27
financieros	7
finanzas	2
finas	10
finasterida	82
finch	46
finder	4
finearts	10
finegoldia	2
finerenona	142
fines	86
fingolimod	207
finkelstein	4
finlandia	4
finn	2
fino	7
finos	5
fintepla	23
fir	13
firdapse	4
fire	3
firefish	13
firefleye	3
firma	5
firmagon	18
firmaron	4
firme	29
firmemente	20
firmes	25
firmeza	6
first	6
fisaria	1762
fish	50
fisher	33
fisica	2
fisico	6
fisicoquímicas	3
fisiología	14
fisiológica	119
fisiológicamente	12
fisiológicas	62
fisiológico	84
fisiológicos	59
fisiopatología	35
fisiopatológicas	2
fisiopatológico	4
fisioterapeuta	3
fisioterapia	31
fisis	2
fission	4
fistula	3
fistulas	5
fistulizante	9
fistulografía	16
fistuloso	2
fistulosos	12
fisura	21
fisuras	52
fit	15
fitato	4
fitoesteroles	4
fitomenadiona	7
fitosterolemia	2
fitoterapéuticos	2
fitoterápicas	2
fitzpatrick	2
fiv	26
five	3
fix	45
fixa	2
fixture	3
fkbp	5
fkpb	2
fksi	2
fl	15
fla	8
flacidez	3
flag	7
flags	7
flagyl	5
flair	29
flamingo	9
flammazine	11
flanco	10
flare	5
flashbacks	4
flatulencia	411
flatulencias	13
flaura	26
flavivirus	3
flavonoides	16
flavoxato	5
flavus	7
flebitis	200
flebitisb	2
fleboesclerosis	2
flebogammagrafía	4
flebografía	39
flebosclerosis	2
flebostasin	3
flebotomía	19
flebotomías	2
flebotrombosis	10
flecainida	34
flecha	2
flechas	2
fleischer	5
fleiss	8
flema	13
flemas	8
fleming	21
flemonosa	5
fleo	2
flex	3
flexibilidad	22
flexible	92
flexibles	30
flexionada	2
flexionadas	2
flexionado	2
flexiones	3
flexión	49
flexor	543
flexores	47
flexpen	19
flextouch	13
flexural	7
flexuras	5
flictenular	9
flie	2
flipi	15
flixotide	17
flo	3
floccosum	12
flojas	4
flolan	31
flora	45
florbetaben	29
florbetapir	19
florida	2
floroglucinol	2
flortaucipir	2
flot	12
flota	3
flotadores	3
flotan	7
flotantes	30
flow	35
flsq	2
flt	5
flu	9
fluciclovina	34
flucitosina	5
flucloxacilina	33
flucon	3
fluconazol	102
fluctuaciones	89
fluctuación	27
fluctuante	3
fluctuantes	2
fluctuar	6
fluctúa	4
fluctúan	2
fludarabina	73
fludesoxiglucosa	27
fludrocortisona	12
flufenamida	17
flufenazina	2
flufenámico	2
fluida	2
fluidez	34
fluidifica	2
fluidificación	9
fluidificante	2
fluidificar	4
fluidificándolo	2
fluido	208
fluidos	287
fluidoterapia	8
fluimucil	2
fluindiona	5
fluir	6
flujo	1005
flujoc	3
flujod	5
flujoe	3
flujos	8
flumazenil	3
flumazenilo	10
flumil	3
flunarizina	11
fluocinolona	32
fluocinonida	5
fluocinónida	6
fluomizin	4
fluoracilo	3
fluorada	2
fluorado	18
fluorados	2
fluorantreno	3
fluorescencia	76
fluorescente	63
fluorescentes	5
fluoresceína	46
fluoresceínica	5
fluoro	2
fluorocolina	33
fluorodopa	15
fluorofotometría	4
fluorometolona	11
fluoropirimidina	127
fluoropirimidinas	53
fluoropirimidínicos	2
fluoroquinolona	8
fluoroquinolonas	122
fluoroquinolónico	2
fluoroscopia	35
fluoroscopía	2
fluorosis	35
fluorouracil	3
fluorouracilo	259
fluoruracilo	7
fluoruro	41
fluoruros	4
fluotracer	3
fluoxetina	99
flupentixol	4
flurazepam	7
flurbiprofeno	21
flutamida	30
flutemetamol	29
fluticasona	242
flutiform	70
flutrimazol	8
flutter	51
fluvastatina	51
fluvoxamina	57
fluya	16
fluye	27
fluyendo	2
fluído	4
fláccida	13
flácida	43
flácido	29
flácidos	2
flúor	71
flúter	3
fma	2
fmf	52
fms	11
fmv	2
fno	2
fns	26
fnt	3
fo	10
fobia	25
fobias	27
focal	218
focales	79
focalizada	8
foco	18
focomelia	2
focos	35
focus	2
fol	2
folato	100
folatos	46
fold	28
folfiri	117
folfirinox	2
folfox	116
folfoxiri	3
folicular	511
foliculares	11
foliculitis	90
foliculoestimulante	42
foliculosis	2
foliferron	2
folin	2
folinato	49
folitropina	45
foliáceo	6
folleto	3
folículo	24
folículoestimulante	2
folículos	90
folínico	102
fomenta	7
fomentan	3
fomentar	13
fomente	3
fomentó	2
fondaparinux	142
fondo	377
fonofobia	12
fonología	11
fonsecaea	4
fontaine	6
fontanela	2
fontanelas	9
fontanería	2
fonéticamente	4
food	8
football	2
fop	7
for	178
foramen	5
force	4
fordiuran	3
forest	22
forestal	2
forestales	6
forestier	11
forget	3
form	19
forma	8246
formaba	4
formaban	9
formación	930
formada	90
formadas	9
formado	68
formador	7
formadora	3
formadoras	4
formadores	16
formados	35
formal	22
formaldehído	36
formales	48
formalina	6
formalmene	2
formalmente	53
forman	148
formando	35
formar	189
formaron	4
formarse	27
formará	3
formas	753
formato	12
formatos	2
forme	181
formen	15
formes	2
formil	2
formol	2
formoterol	136
formula	2
formulaciones	170
formulación	306
formulada	4
formuladas	2
formulado	16
formular	4
formulario	22
formándose	5
formó	5
fortalece	4
fortalecen	2
fortalecer	36
fortalecimiento	14
fortaleza	4
fortalezas	6
fortalezcan	2
fortasec	9
forte	19
fortecortín	2
fortificados	9
fortuita	2
fortuito	2
fortuitum	3
fortuna	2
forunculosis	7
forvey	2
forward	36
forxiga	13
forzada	93
forzadas	2
forzado	63
forzar	12
forzoso	40
forúnculo	63
forúnculos	2
fosa	59
fosamax	6
fosamilo	30
fosamprenavir	69
fosaprepitant	76
fosas	32
foscan	19
foscarbidopa	7
foscarnet	34
foscavir	39
foscocinasa	2
fosfatasa	545
fosfatasas	8
fosfatemia	8
fosfatidil	2
fosfatidilinositol	11
fosfato	767
fosfatocálcica	2
fosfatos	104
fosfaturia	7
fosfatúricos	2
fosfenitoína	3
fosfenos	20
fosfo	3
fosfoaminolípidos	2
fosfocina	6
fosfocinasa	48
fosfocisteamina	2
fosfodiesterasa	41
fosfodiesterasas	9
fosfodisterasa	4
fosfoinositido	2
fosfolipasa	18
fosfolipidosis	3
fosfolipídica	2
fosfolipídicos	2
fosfolípidos	32
fosfomicina	31
fosfonamidato	4
fosfonato	3
fosfoproteína	2
fosfoquinasa	114
fosforila	11
fosforilaciones	2
fosforilación	64
fosforilada	5
fosforilado	12
fosforilados	9
fosforilan	4
fosforilar	9
fosforilasa	9
fosforotioato	2
fosforribosil	7
fosforribosilpirofosfato	4
fosforribosiltransferasa	8
fosfotransferasa	3
fosfotransferasas	5
fosinopril	51
fosinoprilato	5
fositens	48
foslevodopa	13
fosnetupitant	4
fosq	4
fosrenol	28
fosta	4
fostamatinib	104
fostato	3
fostemsavir	55
foster	36
fostipur	7
fotemustina	10
fotivda	8
foto	8
fotoactivación	22
fotoactivadas	3
fotoalergia	4
fotoalérgica	5
fotoalérgicas	4
fotocoagulación	20
fotodegradación	2
fotodermatitis	6
fotodermatosis	4
fotodinámica	21
fotodinámico	4
fotofobia	129
fotoféresis	21
fotografía	7
fotografías	16
fotones	318
fotoprotección	2
fotoprotector	3
fotopsia	30
fotoqueratitis	6
fotoquimioterapia	12
fotos	7
fotosensibili	4
fotosensibilidad	497
fotosensibilidadp	2
fotosensibilización	16
fotosensibilizadores	3
fotosensibilizante	5
fotosensibilizantes	25
fotosensible	8
fotosensibles	6
fototerapia	74
fototerapias	6
fototipo	2
fototoxicidad	37
fototransducción	4
fototungstato	3
fototóxica	5
fototóxicas	8
fototóxico	2
fotón	13
foundation	11
foundationone	6
fourier	11
fournier	51
fov	2
foveal	7
foveosquisis	5
fp	26
fpg	6
fpi	62
fpia	4
fpp	12
fpr	8
fps	13
fpv	12
fq	164
fr	58
fracasa	4
fracasado	124
fracasando	4
fracasar	2
fracasaron	11
fracaso	3816
fracasos	113
fracasó	11
fraccion	2
fraccionada	87
fraccionadas	48
fraccionado	5
fraccionadob	4
fraccionados	5
fraccional	11
fraccionamiento	6
fraccionando	3
fraccionar	4
fraccionarse	4
fracciones	45
fracción	410
fractura	36456
fracturan	2
fracturarse	6
fracturas	872
fragancia	2
fragancias	13
fragaria	2
fragilidad	40
fragilidadc	2
fragilis	23
fragmentación	502
fragmento	38
fragmentos	250
fragmin	47
framacovigilancia	2
frambuesa	2
frame	4
framicetina	25
framingham	11
franca	13
francesa	3
francia	9
francisella	2
franco	3
francés	3
frangula	7
frangulina	3
franja	5
franjas	3
frap	4
frasco	282
frascos	9
frase	13
frases	2
frasquito	55
fraude	5
fraumeni	10
fraxiparina	24
frc	2
frecuen	3
frecuencia	15333
frecuenciaa	7
frecuencias	1429
frecuente	8633
frecuentea	7
frecuenteb	14
frecuentemente	982
frecuentes	25176
frecuentesa	3
frecuentesb	5
frecuentesk	2
frecuentesn	2
frecuenteso	2
frecuentesp	2
frecuentesr	2
frecuentev	3
fredrickson	2
free	19
freedoms	5
freelite	2
fremanezumab	47
frena	5
frenar	9
frencuentes	2
freno	3
frenos	4
frente	7689
frequencia	5
frequency	2
frequentes	2
fresa	3
fresados	4
fresas	5
fresca	8
frescas	4
fresco	61
frescos	5
fresenius	11
freundii	26
friabilidad	43
frialdad	18
friccionando	2
friccionar	6
fricción	22
fridericia	37
friedericia	2
friedlaender	2
friedreich	28
friends	3
frigidez	2
frigorífico	19
frijol	3
frijoles	18
frio	5
frispec	2
fritas	3
fritos	6
from	18
frontal	219
frontales	3
fronteras	2
frontotemporal	4
frota	6
frotan	5
frotando	6
frotar	17
frotarse	7
frotará	4
frote	4
frotis	111
frovatriptán	28
frt	15
fructosa	295
fructosemia	2
fruncir	8
fruquintinib	75
frustración	8
frustrado	2
frustrante	3
fruta	15
frutas	80
fruto	2
frutos	18
fruzaqla	9
frágil	26
frágiles	15
frángula	7
frénico	68
fría	62
frías	34
frío	223
fríos	24
fs	5
fsc	4
fsg	2
fsh	230
fsiq	2
fsl	3
fsn	3
fsns	6
fsr	10
fss	3
fsv	2
fsz	5
ft	34
fta	5
ftc	149
ftiriasis	2
ftiv	3
ftr	7
ftt	4
fu	288
fuchs	5
fucibet	4
fucidine	25
fucithalmic	5
fucomucinas	3
fucosa	2
fucus	8
fue	16369
fuego	678
fuegos	19
fuente	246
fuentes	162
fuera	680
fueran	55
fuere	2
fueron	10487
fuerte	204
fuertemente	42
fuertes	129
fuerza	164
fuerzas	46
fuese	134
fuesen	6
fuga	250
fugas	15
fugaz	4
fujirebio	2
ful	4
fulfil	13
full	15
fulminans	3
fulminante	109
fulminantes	3
fulvestrant	281
fuma	70
fumaba	5
fumaban	5
fumado	52
fumador	42
fumadora	3
fumadoras	6
fumadores	203
fuman	16
fumando	15
fumar	390
fumarato	534
fumaratos	4
fumarilacetoacetato	2
fumarlo	2
fumaron	3
fume	10
fumen	19
fumigatus	12
fumárico	4
funcion	12
funciona	143
funcionado	6
funcional	1081
funcionales	231
funcionalidad	63
funcionalmente	7
funcionamiento	288
funcionan	118
funcionando	208
funcionante	35
funcionantes	4
funcionar	91
funcionarios	3
funcionará	4
funcionaría	3
funcione	57
funcionen	41
funciones	338
funcionó	7
función	7998
function	9
functional	17
funda	4
fundación	8
fundada	3
fundamenta	5
fundamentada	4
fundamentado	2
fundamental	110
fundamentales	57
fundamentalmente	166
fundamentarse	5
fundamento	4
fundamentos	2
fundoscopia	5
fundoscópicos	2
fundus	2
fungarest	8
fungemia	5
fungicida	22
fungicidas	21
fungistática	5
fungistáticas	3
fungistático	4
fungoide	23
fungoides	4
furacin	3
furantoína	2
furfur	9
furgoneta	1095
furia	2
furoato	165
furosemida	73
furunculosis	5
furúnculo	2
fusariosis	6
fusarium	10
fusel	18
fusidanos	3
fusidato	2
fusiformes	4
fusion	4
fusiona	2
fusionada	6
fusionado	4
fusionados	10
fusionan	2
fusiones	21
fusión	1407
fusobacterias	4
fusobacterium	22
fusídico	218
futibatinib	53
futilidad	8
futura	10
futuras	20
future	19
futuro	92
futuros	31
fuzeon	31
fv	23
fvalor	7
fvc	43
fvdp	6
fvii	13
fviia	18
fviii	177
fviiia	4
fvs	4
fvw	44
fw	3
fws	3
fx	7
fxa	18
fxii	6
fxiia	5
fxiii	53
fxr	4
fydrane	17
fylrevy	4
fábrica	2
fábricas	8
fácil	104
fáciles	39
fácilmente	189
fármaco	3171
fármacos	2987
fármacoterapéutico	12
fémur	3768
férrica	43
férrico	5
fértil	456
fértiles	18
férula	94
férulas	8
fíbrico	21
física	730
físicamente	26
físicas	50
físico	587
físicos	139
fístula	277
fístulas	142
fóbica	3
fólico	227
fórceps	7
fórmula	250
fórmulas	15
fósforo	238
fóvea	20
fúndicas	6
fúngica	123
fúngicas	273
fúngico	24
fúngicos	12
fútbol	24
g	4974
ga	59
gaa	13
gaba	67
gabaa	16
gabaminérgicos	2
gabapentina	49
gabapentinoides	2
gabaérgica	5
gabaérgico	2
gabg	2
gabitril	9
gabob	2
gabriel	4
gac	61
gadobenato	5
gadobutrol	25
gadobénico	3
gadolin	15
gadolinio	110
gadopiclenol	36
gadoterato	9
gadoteridol	7
gadotérico	16
gadovist	46
gadoxetato	8
gafas	45
gag	52
gags	2
gagu	12
gal	20
galactografía	10
galactorrea	90
galactosa	1166
galactosemia	35
galactosidasa	16
galafold	50
galantamina	40
galaxdar	4
galaxi	36
galcanezumab	52
gale	6
galeazzi	52
galileo	12
galio	124
galk	6
gallen	2
galletas	6
gallina	5
gallium	12
gallo	2
galnac	4
galope	7
galsulfasa	11
galt	8
gama	35
gambiense	3
gametos	9
gamma	387
gammacámara	6
gammaglobulina	2
gammaglutamil	5
gammaglutamiltransferasa	6
gammagrafia	3
gammagrafía	173
gammagrafías	19
gammagráfica	4
gammagráficas	10
gammagráficos	3
gammaherpesvirus	4
gammapatía	12
gammas	2
ganado	23
ganan	3
ganancia	128
ganancias	7
ganando	3
ganar	7
ganaron	17
ganas	13
ganaxolona	22
ganchoso	98
ganciclovir	139
ganen	4
ganglio	82
ganglionar	78
ganglionares	37
ganglioneuromas	2
ganglionitis	2
ganglios	659
gangliosidosis	6
ganglión	33
gangrena	208
gangrenosa	4
gangrenoso	9
ganirelix	47
ganong	6
ganso	15
garadacimab	12
garaje	9
garamina	2
garantice	3
garantiza	15
garantizada	3
garantizado	2
garantizan	3
garantizar	236
garantizarse	17
garantía	5
garantías	10
gardnerella	10
garft	2
garganta	970
gargarismos	3
garnet	21
garra	10
garrapata	30
garrapatas	60
gas	412
gasa	23
gasas	8
gaseosa	49
gaseosas	9
gaseoso	9
gases	186
gasolina	26
gasometría	26
gasseri	4
gastar	4
gastaut	48
gasto	207
gastointestinal	2
gastos	19
gastralgia	15
gastralgias	4
gastrectomizados	3
gastrectomía	12
gastrica	2
gastrina	28
gastrinomas	4
gastritis	335
gastro	33
gastrodenol	6
gastroduodenal	62
gastroduodenales	3
gastroduodenitis	3
gastroenteral	8
gastroenteritis	220
gastroenterología	6
gastroenteropancreáticos	18
gastroenteropatía	4
gastroenterólogo	9
gastroesofagico	2
gastroesofagitis	2
gastroesofágica	70
gastroesofágicas	3
gastroesofágico	239
gastroesofágicos	3
gastrointes	4
gastrointesti	6
gastrointestina	10
gastrointestinal	2002
gastrointestinala	4
gastrointestinalb	2
gastrointestinales	3277
gastrointestinalf	2
gastrointestinalg	2
gastropan	6
gastroparesia	35
gastroparesis	4
gastroprotectores	4
gastrorresistente	14
gastrorresistentes	8
gastrosquisis	3
gastrostomía	24
gastroyeyunal	10
gat	4
gatear	10
gated	3
gatifloxacino	5
gatilla	2
gatillo	30
gato	30
gatos	13
gatrointestinales	3
gattefossé	2
gaucher	98
gault	76
gaulteria	2
gauss	4
gaviscon	3
gavreto	46
gaxilosa	16
gayuba	5
gazelle	4
gazyvaro	209
gb	10
gbc	2
gbm	4
gbq	19
gbrca	26
gbrcam	10
gbrcamut	14
gc	18
gca	24
gcb	6
gch	38
gcig	2
gclb	5
gcp	10
gcr	16
gcs	19
gcti	10
gctr	10
gcv	8
gd	87
gdh	11
gdp	3
gds	4
gdx	11
ge	31
geboes	20
gec	2
gee	3
gefapixant	24
gefitinib	75
gefs	2
geicam	12
gej	6
gel	169
gelatina	12
gelatinas	2
gelatinosa	4
gelax	2
geles	7
gelf	4
gelocatil	4
gelodol	5
gemcitabina	242
gemcitabinaa	2
gemelar	26
gemelares	6
gemelo	7
gemelos	22
gemeprost	8
gemfibrozilo	89
gemini	58
gemox	20
gemstone	18
gemtuzumab	31
gen	858
genant	3
genbank	3
gene	3
genealógico	2
genera	57
generaba	2
generación	160
generada	9
generadas	6
generado	9
generador	87
generadores	3
generados	25
general	4557
generala	3
generalemente	3
generales	2245
generalidad	2
generalidades	3
generaliza	6
generalización	48
generalizada	644
generalizadas	212
generalizado	229
generalizados	35
generalmente	1742
generalmentesuelen	2
generan	30
generando	10
generar	48
generaron	7
generará	3
generation	4
genere	9
generen	2
generó	8
genes	450
genio	2
genital	524
genitales	459
genito	5
genitourinaria	21
genitourinarias	19
genitourinario	225
genitourinarios	70
genoma	23
genomas	6
genotipado	20
genotipados	2
genotipar	2
genotipificación	14
genotipo	952
genotipos	205
genotonorm	16
genotoxicidad	10
genotípica	66
genotípicamente	3
genotípicas	19
genotípico	27
genotípicos	31
genotóxica	2
genotóxico	12
genotóxicos	3
genoxal	20
genps	2
gentamicina	111
gente	29
genuair	91
genvoya	104
genérica	5
genérico	11
genéricos	3
genética	269
genéticamente	64
genéticas	237
genético	234
genéticos	271
genómica	15
genómicas	23
genómico	5
geografía	8
geográfica	149
geográficamente	59
geográficas	33
geometrica	5
geometricas	3
geometry	11
geométrica	323
geométricas	55
geométrico	7
geométricos	4
george	24
gep	69
gepa	49
geperpavec	14
geraniol	11
geriatría	8
geriátrica	16
geriátricas	2
geriátrico	2
geriátricos	41
germen	32
germicida	6
germinal	40
germinales	38
germinativas	5
gesfc	2
gestacional	232
gestaciones	5
gestación	265
gestando	2
gestante	12
gestantes	3
gestionar	7
gestionarse	2
gestión	35
gestodeno	3
gestos	2
gestosis	2
gesture	2
gestágenos	3
gfobt	6
gfp	2
gfr	21
gfre	2
gg	2
ggm	4
ggt	123
ggtp	2
gh	100
ghb	10
ghd	50
ghr	4
ghrh	4
ghryvelin	9
gi	176
giapreza	38
giardia	7
giardiasis	6
gift	5
gigante	13
gigantes	47
gigantismo	13
gila	17
gilbert	28
gill	3
gilles	9
gilteritinib	54
gimeracilo	12
gimnasia	3
gimnasio	2
gina	13
ginaecomastia	2
ginecología	11
ginecológica	18
ginecológicas	31
ginecológico	19
ginecológicos	21
ginecomastia	215
ginecrin	14
ginecólogo	5
gingival	161
gingivales	7
gingivitis	64
gingivoestomatitis	3
ginkgo	7
ginkgólidos	2
ginseng	3
giotrif	71
gip	41
gira	21
girando	7
girar	16
girará	4
girasa	19
girasol	2
giratorio	2
gire	7
girk	5
girmax	2
giro	10
giroidea	4
giros	4
gis	12
gist	111
git	3
gitelman	2
gitlow	2
givinostat	54
givlaari	7
givosirán	23
gl	38
gla	6
glabelares	21
glabra	2
glabrata	20
glande	7
glandular	9
glandulares	3
glanzmann	8
glargina	294
glargine	2
glasdegib	16
glasgow	27
glatiramero	23
glatirámero	11
glaucoma	1312
glaucomas	8
glaucomatosa	10
glaucomatosos	2
glaudemans	2
glaxosmithkline	7
gleason	56
glecaprevir	71
glenoidea	245
glenoideo	13
gli	25
gliadel	54
gliadina	3
glial	3
gliales	2
glibenclamida	40
glicada	4
glicano	2
glicanos	3
glicazida	4
glicemia	3
glicerilo	8
glicerina	3
glicerofosfato	4
glicerol	79
glicilciclinas	3
glicina	18
glicinérgicos	2
gliclazida	46
glicoesfingolípido	2
glicohemoglobina	2
glicoingeniería	5
glicolato	2
glicoles	18
glicopirrolato	8
glicopirronio	78
glicoproteina	6
glicoproteína	61
glicoproteínas	10
glicoprotéico	2
glicopéptidos	5
glicosaminoglicanos	15
glicosilación	12
glicosilada	38
glicosilflavonoides	2
glicosuria	6
glicólico	2
glicósidos	6
glimepirida	194
glimepiridab	2
glinida	4
glinidas	4
glioblastoma	21
gliolan	3
glioma	63
gliomas	13
gliosis	5
glioxilato	2
glipizida	103
gliptinas	12
glm	5
global	3098
globala	20
globalab	2
globalb	6
globalc	9
globald	14
globale	2
globales	145
globalmente	35
globina	7
globo	142
globos	2
globotriaosilceramida	3
globular	28
globulina	136
globulinas	47
glofitamab	7
glomerata	2
glomerular	454
glomerulares	15
glomerulitis	3
glomeruloesclerosis	11
glomerulonefritis	145
glomerulonefropatía	3
glomerulopatía	11
glomus	65
glomérulo	2
glomérulos	9
glositis	92
glosodinia	35
glosofaríngeo	103
glotis	92
glow	16
glp	198
glucagen	13
glucagonoma	3
glucagonomas	3
glucagón	167
glucano	8
glucantime	9
glucarpidasa	54
glucemia	369
glucocerebrosidasa	5
glucocerebrósido	4
glucocorticoide	66
glucocorticoidea	3
glucocorticoideo	2
glucocorticoides	387
glucocorticosteroide	2
glucocorticosteroides	10
glucodinámica	2
glucodinámicas	2
glucofrangulinas	3
glucogenolisis	11
glucogenosis	3
glucogenólisis	4
glucogénesis	3
glucolíticas	3
gluconato	9
gluconeogénesis	27
gluconeogénica	2
glucoproteína	58
glucoproteínas	2
glucopéptidos	12
glucorticoide	2
glucosa	3354
glucosada	6
glucosadas	5
glucosado	6
glucosalina	5
glucosalinas	2
glucosalino	13
glucosamina	26
glucosaminoglicanos	5
glucosaminoglucanos	6
glucose	2
glucosidasa	15
glucosil	3
glucosilación	6
glucosilada	13
glucosilceramida	11
glucosuria	99
glucosúrico	3
glucuronidación	31
glucuroniltransferasa	2
glucuronosil	4
glucurético	4
glucurónido	4
glucémica	24
glucémicas	2
glucémico	452
glucémicos	18
glucídico	7
glucógeno	58
glucósido	9
glucósidos	106
glulisina	49
gluocorticoides	3
glut	17
glutaferro	3
glutamato	39
glutamil	89
glutamiltransferas	2
glutamiltransferasa	112
glutamina	29
glutaminasa	2
glutaril	13
glutation	10
glutatión	76
gluten	87
glutámica	8
glutámico	26
glycophos	9
glycyrrhiza	2
glypressin	5
glyxambi	81
glándula	1266
glándulas	691
glóbulo	40
glóbulos	918
glómicos	3
glúcidos	3
glútea	22
glúteo	11
glúteos	6
gm	30
gmc	156
gmcs	3
gmdp	10
gmfm	10
gmfr	41
gmmg	17
gmp	3
gmpc	36
gmr	194
gmrc	10
gmrd	2
gmsi	3
gmt	534
gmtb	11
gmtc	34
gmtr	9
gmts	11
gnm	3
gnmp	3
gnrh	147
gnrha	2
go	68
gobierno	16
gobiernos	2
gog	32
gold	14
goldmann	4
golf	14
golimumab	151
golpe	479
golpea	3
golpeado	333
golpean	2
golpear	18
golpearse	4
golpecitos	5
golpee	2
golpes	22
goma	83
gomas	2
gonadal	27
gonadales	10
gonadotrofina	2
gonadotrofinas	17
gonadotropina	78
gonadotropinas	127
gonadotrófica	2
gonadotróficas	2
gonadotrópica	4
gonal	42
gondii	6
gonioscopía	5
goniosinequias	5
goniotomía	2
goniómetro	2
gonococcias	2
gonococo	2
gonococos	6
gonocócica	59
gonocócicas	16
gonorrea	108
gonorreae	2
gonorrhea	3
gonorrhoeae	43
gonorrohea	2
gopten	4
gordo	566
gorgoteo	3
gorlin	3
goserelina	27
got	18
gota	1057
gotas	235
gotea	2
gotear	2
goteo	36
gotero	7
gotitas	17
gotosa	34
gotosas	3
gotícula	2
gotículas	3
gout	2
gouti	2
gov	5
govitecán	69
gozan	2
gozetotida	39
gp	211
gpa	223
gpb	5
gpelisa	7
gpi	2
gpid	7
gpiib	22
gpp	43
gppga	20
gpss	6
gpt	19
gr	15
graaf	2
graba	4
graban	2
grabar	3
gracias	51
gradación	11
grade	2
grades	2
gradiente	29
gradientes	6
grado	12445
gradoa	14
grados	754
gradosa	3
gradosb	2
graduables	3
graduaciones	5
graduación	18
graduada	10
graduadas	8
graduado	4
gradual	586
graduales	16
gradualmente	411
gram	558
grama	3
gramicidina	12
gramnegativas	34
gramnegativos	60
gramo	68
gramos	77
grampositivas	26
grampositivos	41
gramíneas	33
gran	666
granada	5
granate	3
grand	4
grande	209
grandes	637
granel	2
granisetrón	15
granja	6
granjas	3
grano	15
granocyte	48
granos	41
granulación	24
granulado	86
granular	8
granulares	3
granulocitopenia	101
granulocitopénicos	2
granulocitos	113
granulocitosis	3
granulocítica	10
granuloma	78
granulomas	9
granulomatis	3
granulomatosa	23
granulomatosas	10
granulomatosis	52
granulomatoso	2
granulomatosos	2
granulopenia	2
granulosa	5
granulosus	12
granupas	3
granzima	2
granzimas	3
grapas	12
grasa	405
grasas	226
graso	49
grasos	151
grasosas	12
grasosos	2
gratificante	4
gratis	2
gratitud	4
gratuita	3
grave	9689
gravea	4
graveb	4
gravedad	2382
gravedada	13
gravemente	152
graven	2
graves	6521
gravesa	3
gravesb	7
gravis	291
gravisc	3
gravisl	2
gravitatorias	5
graviti	7
gravídica	10
gravídico	22
gray	4
grazax	17
grazoprevir	75
greenwood	11
gren	80
grid	2
griega	8
griegos	8
grietas	15
grifo	36
grifols	19
grifos	3
gripal	126
gripales	74
gripe	896
gripes	6
grippostad	3
gris	82
griseofulvina	3
grises	3
grisácea	3
grisáceas	2
gritar	2
grla	2
grosor	94
gross	2
group	112
groups	2
grs	9
gruesa	69
gruesas	16
grueso	583
gruesos	6
grupal	10
grupales	2
grupo	16720
grupos	4264
gruñidos	2
gráfica	47
gráficamente	9
gráficas	10
gráfico	133
gráficos	12
gránulo	3
gránulos	51
grávido	23
gs	401
gsa	24
gsc	21
gscr	2
gsh	2
gsk	25
gsp	4
gss	2
gt	91
gta	4
gti	4
gtn	3
gtp	9
guacamayo	16
guaifenesina	34
guanetidina	5
guanfacina	76
guanilato	16
guanilatociclasa	2
guanin	2
guanina	17
guanosina	15
guanosín	3
guantes	47
guarda	10
guardan	5
guardando	3
guardar	18
guardarla	2
guardarse	3
guardará	3
guarde	20
guarden	3
guardería	5
guarderías	2
guardia	2
guayacol	13
gubernamental	2
guerin	3
guerra	505
guerras	2
guia	4
guiada	176
guiado	39
guiados	19
guiar	99
guiarse	11
guias	15
guillain	123
guillermondi	2
guilliermondii	3
guillotina	6
guilty	6
guisante	10
guisantes	10
gus	6
gusanos	3
guselkumab	348
gusta	8
gustaría	4
gusto	237
gutron	3
guttata	4
guyanensis	3
guárdelos	2
guérin	7
guía	195
guías	382
gvalor	5
gy	34
gylbert	4
gynovin	29
gypseum	3
gyra	2
gzr	37
gárgaras	12
gástrica	589
gástricas	88
gástrico	396
gástricos	39
género	80
géneros	10
génesis	2
génica	51
génicas	5
génico	6
génicos	3
génito	4
génitourinario	2
gérmen	2
gérmenes	274
gónadas	8
h	1335
ha	13021
habas	9
haber	1081
haberla	5
haberlo	8
haberlos	4
haberse	72
habia	3
habian	4
habido	133
habiendo	25
habilidad	29
habilidades	161
habitación	26
habituación	8
habituada	2
habitual	1093
habituala	2
habituales	282
habitualmente	322
habiéndose	11
habla	539
hablado	2
hablan	4
hablando	5
hablar	272
hablará	6
hable	344
hablen	3
habones	26
habrá	59
habrán	4
habría	14
habrían	4
había	805
habían	2401
habón	20
haca	5
hace	727
hacemos	2
hacen	209
hacer	1751
hacerla	7
hacerlas	4
hacerle	74
hacerles	6
hacerlo	90
hacerlos	5
hacerme	4
hacerse	552
hacerte	2
haces	4
hacia	577
haciendo	82
hacinamiento	2
haciéndolo	4
haciéndose	2
hacérsela	10
hacérselas	3
hacía	10
hads	26
hae	2
haem	6
haemate	7
haemo	4
haemofilus	2
haemolyticus	14
haemophilia	2
haemophillus	2
haemophilus	148
haemostasis	2
haemotec	2
haensezel	4
haenszel	185
haf	15
haga	172
hagan	109
hagedorn	4
hagma	23
haha	4
hai	14
hair	12
halcion	10
halicondrina	2
halitosis	14
halla	14
hallaban	3
hallada	3
halladas	3
hallado	7
hallados	3
hallan	6
hallar	14
hallaron	18
hallarse	3
hallazgo	105
hallazgos	471
hallpike	5
hallux	14
halló	5
halo	12
halofantrina	17
halogenado	12
halogenados	115
haloperidol	97
halos	11
halotano	30
halt	2
ham	18
hama	11
hamamelis	7
hamartoma	12
hamartomas	5
hambre	98
hamd	3
hamilton	10
hammersmith	13
han	12743
hand	6
handel	2
handihaler	2
hansen	4
hantavirus	5
hap	320
hapc	2
hapi	6
haploidéntico	3
haptoglobina	30
haq	130
harada	21
harina	5
harinero	2
harmonie	5
harmony	15
harrier	18
harris	1115
hartmann	37
harvoni	61
harzard	3
hará	124
harán	21
haría	2
has	5
hasford	4
hashimoto	19
hasta	13768
hauck	4
hauser	7
hav	6
haven	57
havrix	44
hawaiano	2
hawk	18
hawl	8
hawái	3
hay	3341
haya	1251
hayan	1308
haybittle	2
haz	20
hazard	1198
hb	313
hbai	2
hbalc	2
hbc	37
hbcab	6
hbcac	2
hbdh	2
hbe	29
hbeab	2
hbeac	2
hbeag	171
hbeaga	3
hbf	19
hbig	3
hbp	85
hbpm	38
hbpms	8
hbs	65
hbsag	54
hbsc	3
hbss	9
hbv	19
hbwi	8
hc	15
hcc	64
hce	2
hcf	2
hcg	133
hch	2
hck	2
hcl	34
hcm	30
hcmsq	5
hcn	5
hcq	3
hcr	6
hct	62
hctz	162
hcv	9
hd	23
hdac	7
hdfvvc	10
hdl	563
hdla	3
hdm	7
hdmtx	4
hdss	10
hdt	2
hdv	2
hdvvc	14
hea	2
heaal	3
headache	4
health	56
healthcare	2
heard	22
heart	108
hebra	2
hebras	12
hec	22
heces	676
hecha	32
hechas	15
hecho	198
hechos	55
hecsi	25
hedera	2
hederitaria	15
hedgehog	13
heft	3
height	3
heijde	12
heimlich	2
heinz	2
heis	7
helada	9
helado	3
helados	2
helicobacter	55
helicobácter	2
helicoidal	4
helicóptero	36
helio	6
helios	19
helix	2
hellp	9
hellstern	2
helmintiasis	8
helminto	2
helmintos	25
helmíntica	6
helmínticas	12
help	16
helper	6
hem	19
hemaglutinación	9
hemaglutinina	8
hemangioblastomas	8
hemangioendotelioma	2
hemangioma	14
hemangiomas	4
hemangiomatosis	2
hemartrosis	84
hematemesis	127
hematina	4
hemato	4
hematocrito	267
hematocritob	2
hematocritog	2
hematocritos	6
hematoencefálica	89
hematofágica	2
hematologicas	5
hematologicos	2
hematología	42
hematológica	459
hematológicas	493
hematológicasa	2
hematológico	106
hematológicos	337
hematoma	424
hematomas	228
hematopoyesis	28
hematopoyetico	2
hematopoyética	34
hematopoyéticas	175
hematopoyético	39
hematopoyéticos	129
hematoquecia	35
hematorretiniana	2
hematospermia	11
hematotoxicidad	11
hematotóxicos	6
hematuria	325
hematíes	117
hematógena	64
hematólogo	19
hematólogos	4
hembras	3
heme	2
hemgenix	34
hemianopsia	5
hemianopía	2
hemibloqueo	2
hemicistina	8
hemicorporal	2
hemicraneal	8
hemicránea	7
hemicuerpo	11
hemifacial	14
hemihidrato	3
hemina	13
hemiparesia	72
hemipelvis	4
hemiplejia	64
hemiplejía	2
hemipléjica	19
hemirretiniana	3
hemisferio	214
hemisferios	3
hemiácigos	87
hemlibra	133
hemo	29
hemoblobina	4
hemoconcentración	17
hemocromatosis	52
hemocultivo	7
hemocultivos	2
hemoderivado	2
hemoderivados	69
hemodiafiltración	14
hemodialis	3
hemodialisis	2
hemodializable	3
hemodializados	27
hemodilución	14
hemodinamia	2
hemodinámica	83
hemodinámicamente	116
hemodinámicas	26
hemodinámico	38
hemodinámicos	97
hemodiálisis	618
hemodiálisisb	4
hemofagocitosis	5
hemofagocítica	78
hemofagocítico	3
hemofilia	534
hemofiltración	28
hemofiltrados	3
hemoftalmos	5
hemofílica	3
hemofílico	8
hemofílicos	30
hemoglobina	1452
hemoglobinas	3
hemoglobinopatía	4
hemoglobinopatías	10
hemoglobinuria	44
hemogloblina	3
hemograma	168
hemogramas	73
hemoincompatibilidad	2
hemolisis	13
hemolítica	565
hemolíticaa	4
hemolíticab	4
hemolíticas	22
hemolítico	105
hemolíticos	6
hemoneumotórax	6
hemopatías	8
hemopericardio	78
hemoperitoneo	7
hemophilus	2
hemopoyético	7
hemopoyéticos	9
hemoproteínas	2
hemoptisis	104
hemorragia	4612
hemorragiaa	6
hemorragiab	7
hemorragiac	3
hemorragiad	2
hemorragiaf	2
hemorragiai	4
hemorragian	2
hemorragias	1084
hemorroidal	50
hemorroidales	6
hemorroides	158
hemorrágia	2
hemorrágica	217
hemorrágicas	121
hemorrágico	255
hemorrágicos	484
hemos	2
hemosiderina	4
hemosiderosis	21
hemosil	2
hemostasia	145
hemostasis	21
hemostásica	2
hemostásico	2
hemostática	38
hemostáticas	8
hemostático	34
hemostáticos	70
hemotológica	2
hemotórax	15
hemovasculares	2
hemovás	2
hemática	4
hemáticas	5
hemático	26
hemáticos	17
hemólisis	234
hendida	20
hendido	28
hendidos	2
hendidura	26
hendiduras	2
henle	11
heno	25
henoch	18
henselae	2
hep	10
hepadnavirus	2
hepamed	2
heparina	492
heparinas	68
heparinización	5
heparinizada	4
heparinoide	5
heparinoides	8
heparán	6
hepatica	14
hepaticas	11
hepatico	6
hepatitis	3026
hepatitisb	2
hepatitisc	3
hepatitish	2
hepatitisl	2
hepatitism	2
hepatitisp	2
hepatitisw	2
hepatitisy	2
hepato	20
hepatobilia	2
hepatobiliar	211
hepatobiliares	1055
hepatoblastoma	7
hepatocarcinoma	3
hepatoceclular	2
hepatocelular	239
hepatocelulares	11
hepatocitos	34
hepatocítica	4
hepatoesplenomegalia	19
hepatoesplénico	24
hepatoesplénicos	2
hepatograma	2
hepatolenticular	3
hepatoma	3
hepatomegalia	120
hepatopatía	94
hepatopatías	18
hepatoportal	2
hepatoprotectora	2
hepatorrenal	38
hepatotoxicidad	466
hepatotóxica	6
hepatotóxicas	10
hepatotóxico	12
hepatotóxicos	59
hepatoxicidad	7
hepatólogo	24
hepcidina	6
hepcludex	2
hepg	2
hepsera	11
heptaminol	4
heptapéptido	4
heptapéptidos	2
heptavalente	2
heptina	3
hepática	9472
hepáticaa	4
hepáticad	2
hepáticak	2
hepátical	2
hepátican	2
hepáticas	1629
hepático	1634
hepáticoa	3
hepáticog	2
hepáticos	558
her	25
herba	4
herbales	5
herbaria	2
herbicidas	18
herceptin	174
hercules	20
hereda	42
heredable	10
heredada	9
heredadas	3
heredado	13
heredados	29
heredan	30
heredar	12
heredaron	2
hereditaria	933
hereditarias	77
hereditario	183
hereditarios	162
herencia	19
herg	3
herida	2322
heridas	414
herido	2
herirse	3
hermana	18
hermanastro	2
hermano	59
hermanos	30
hermorragia	2
hermsen	2
hermética	2
herméticamente	11
herndon	2
hernia	121
herniación	13
herniado	2
hernias	17
herniografía	3
hero	4
heroinómanos	2
heroína	84
herpes	1023
herpesvirus	34
herpetiforme	8
herpética	51
herpéticas	15
herpético	17
herpéticos	2
herradura	7
herramienta	95
herramientas	86
hers	2
hervida	2
herxheimer	21
hes	4
hesd	15
hesperidina	2
heterocigosidad	6
heterocigota	13
heterocigotas	11
heterocigoto	10
heterocigotos	38
heterocigótica	70
heterocigóticas	3
heterocigóticos	34
heterocromía	6
heterocrómica	5
heterodimerización	2
heterodímero	13
heterodímeros	3
heteroforia	4
heterogeneidad	11
heterogénea	13
heterogéneo	5
heterogéneos	2
heteroinjertos	2
heterosexual	3
heterosexuales	2
heterotetrámero	2
heterotropía	3
heterotópica	7
heterotópicas	5
heterozigótica	5
heterófilos	4
heteróloga	23
heterólogo	15
heterónimos	5
heterósidos	3
hetronifly	15
hev	2
hevascol	34
hex	2
hexa	65
hexafluoruro	5
hexahidratado	6
hexaminolevulinato	6
hexavalente	3
hexetidina	4
hexil	5
hexoquinasa	2
hexosa	4
hexvix	16
hf	56
hfe	2
hfhe	26
hfho	43
hfm	3
hfmse	25
hfsh	14
hfsr	7
hfviii	4
hfvvc	2
hg	238
hgb	66
hgf	2
hgg	7
hgm	3
hgsil	3
hgt	6
hh	48
hha	2
hhh	4
hhs	17
hhv	7
hi	15
hiaa	18
hialina	2
hialinaa	2
hialino	6
hialuronidasa	5
hialurónico	20
hiatal	4
hiato	27
hib	39
hiberix	15
hibiscrub	11
hibor	6
hibridación	32
hic	48
hiciera	4
hicieron	62
hics	9
hidac	4
hidantoína	28
hidantoínas	2
hidatiforme	10
hidatídica	2
hidradenitis	81
hidralazina	16
hidrartrosis	32
hidratación	231
hidratado	83
hidratados	35
hidratante	8
hidratantes	8
hidratar	9
hidrato	4
hidratos	44
hidrazidas	2
hidrazina	4
hidro	7
hidrobromuro	11
hidrocarburos	75
hidrocefalia	67
hidrocele	7
hidroclorotiazida	858
hidrocloruro	496
hidrocodona	12
hidrocortisona	108
hidroelectrolítica	6
hidroelectrolíticas	2
hidroelectrolítico	107
hidroelectrolíticos	14
hidroeletrolítico	2
hidrofilia	3
hidrofundin	6
hidrofílica	3
hidrogenado	23
hidrogeniones	3
hidrogenocarbonato	40
hidrogenosuccinato	2
hidrolasa	10
hidrolasas	3
hidroliza	34
hidrolizada	5
hidrolizado	7
hidrolizados	8
hidrolizan	6
hidrolizando	2
hidrolizar	11
hidrolizarse	2
hidrolíticos	2
hidromorfona	19
hidronefrosis	17
hidroperóxidos	2
hidropesía	45
hidroqol	8
hidroquinidina	27
hidroquinona	10
hidrosalina	19
hidrosalinas	2
hidrosmina	3
hidrosoluble	11
hidrosolubles	14
hidrotórax	10
hidrouréter	10
hidroxi	70
hidroxiantracénicos	14
hidroxiapatita	38
hidroxiatomoxetina	2
hidroxibenzoato	7
hidroxibutirato	2
hidroxicarbamida	84
hidroxicina	4
hidroxicitronelal	5
hidroxicloroquina	48
hidroxicolecalciferol	7
hidroxicorticosteroides	2
hidroxiestearato	11
hidroxietil	17
hidroxiindolacético	9
hidroxilación	8
hidroxilada	2
hidroxilados	3
hidroxilasa	29
hidroxilasas	2
hidroxilo	6
hidroximetil	3
hidroxindolacético	9
hidroxiprogesterona	8
hidroxiprolina	8
hidroxipropil	7
hidroxisteroides	3
hidroxitriptamina	7
hidroxiurea	27
hidroxivitamina	9
hidroxizina	37
hidroxiácido	4
hidroxocobalamina	32
hidrófila	2
hidrófilas	2
hidrófilo	4
hidrófobo	4
hidrógeno	96
hidrógenocarbonato	2
hidrólisis	58
hidróxido	39
hids	27
hiedra	9
hiedras	2
hielera	7
hielo	129
hierba	134
hierbas	24
hiere	2
hierro	910
hif	18
hifa	2
hifema	4
high	14
higiene	104
higienista	14
higienizar	2
higiénicas	4
higiénico	25
higroma	2
higroscópicas	2
higrotona	16
hija	10
hijo	465
hijos	137
hil	3
hiliar	4
hilio	2
hilo	30
hilos	13
himalaya	13
himalayas	5
himen	93
himenópteros	27
hincapié	6
hincha	4
hinchada	24
hinchadas	31
hinchado	17
hinchados	22
hinchamiento	2
hincharse	7
hinchazon	5
hinchazón	1155
hinche	2
hine	25
hio	6
hioides	61
hipaa	2
hipema	6
hiper	22
hiperacidez	15
hiperactiva	62
hiperactivación	2
hiperactivas	5
hiperactividad	217
hiperactivo	15
hiperactivos	4
hiperacusia	46
hiperadreno	2
hiperadrenocorticalismo	2
hiperadrenocorticismo	3
hiperagregabilidad	2
hiperaguda	3
hiperalbuminemia	2
hiperaldosteronismo	85
hiperalgesia	39
hiperalimentación	4
hiperaluminemia	5
hiperamilasemia	10
hiperaminoaciduria	3
hiperamonemia	55
hiperamoniemia	25
hiperamoniémica	12
hiperamonémica	18
hiperamonémicas	4
hiperandrogenismo	4
hiperargininemia	3
hiperazoemia	4
hiperbilirrubinemia	194
hiperbilirubinemia	5
hiperbárica	31
hipercalcemia	406
hipercalcemiaa	2
hipercalcemiab	4
hipercalciuria	58
hipercalciúrica	2
hipercalemia	52
hipercaliemia	18
hipercalémica	2
hipercapnia	37
hipercatabolismo	3
hipercatabólicos	3
hipercinesia	31
hipercinéticos	2
hipercloremia	15
hipercloremias	2
hiperclorhidria	3
hiperclorémica	16
hipercoagulabilidad	4
hipercoagulación	6
hipercolesterolemia	507
hipercolesterolemiaa	4
hipercolesterolemiab	2
hipercolesterolemias	3
hipercolesterolémicos	7
hipercontractilidad	3
hipercorticismo	6
hipercorticolismo	2
hipercortisolismo	10
hipercreatinemia	4
hipercápnica	3
hiperemesis	4
hiperemia	180
hiperemotividad	2
hipereosinofilia	3
hipereosinofiliaa	2
hipereosinofílico	15
hiperesplenismo	4
hiperestesia	44
hiperestimulación	76
hiperexcitabilidad	31
hiperexcitación	3
hiperexcitadas	2
hiperfagia	6
hiperfenilalaninemia	5
hiperferritinemia	3
hiperfijación	2
hiperfiltración	2
hiperfiltradores	2
hiperfisectomía	3
hiperfosfatemia	154
hiperfraccionados	2
hiperfuncional	2
hiperfuncionante	2
hiperfunción	22
hipergammaglobulinemia	3
hiperglicemia	25
hiperglucemia	776
hiperglucemiaa	4
hiperglucemiab	5
hiperglucemiad	2
hiperglucemiante	3
hiperglucemiantes	3
hiperglucemias	7
hiperglucémicas	11
hiperglucémico	17
hiperglucémicos	7
hipergonadotrópico	2
hiperhidratación	25
hiperhidrosis	355
hiperhidrosisb	2
hiperhidrosise	2
hiperhomocisteinemia	30
hipericina	5
hiperinmune	2
hiperinmunoglobulina	8
hiperinmunoglobulinemia	4
hiperinsuflación	4
hiperinsulinemia	7
hiperinsulinemiac	2
hiperinsulinismo	2
hiperintensas	25
hiperintensidad	6
hiperkalemia	30
hiperkaliemia	7
hiperlactacidemia	6
hiperlactatemia	32
hiperlaxitud	2
hiperleucocitaria	3
hiperleucocitosis	12
hiperlipasemia	25
hiperlipemia	21
hiperlipemias	2
hiperlipidemia	236
hiperlipidemiac	2
hiperlipidemias	8
hiperlipidémicos	2
hiperlipoproteinemia	8
hipermagnesemia	74
hipermagnesemiab	4
hipermagnesiemia	2
hipermetabolismo	10
hipermetabólico	10
hipermetabólicos	2
hipermetioninemia	5
hipermetropía	14
hipermotilidad	13
hipermovilidad	3
hipernasalidad	2
hipernatremia	72
hipernatremiab	4
hipernatrémicos	3
hiperopía	3
hiperornitinemia	2
hiperosmolar	610
hiperosmolares	5
hiperosmolaridad	19
hiperosmótica	5
hiperosmótico	2
hiperostosis	22
hiperoxaluria	11
hiperoxia	2
hiperparasitemia	3
hiperparatiroidismo	117
hiperpermeabilidad	2
hiperpigmentación	128
hiperpirexia	28
hiperplasia	368
hiperplásicos	2
hiperpnea	3
hiperpolarización	3
hiperpolorizando	2
hiperpotasemia	766
hiperpotasemiab	4
hiperpotasemias	2
hiperpotasiemia	8
hiperproducción	5
hiperprolactinemia	89
hiperprolactinémicos	13
hiperproliferación	16
hiperprolinemia	9
hiperqueratosis	46
hiperqueratósica	9
hiperqueratósicas	12
hiperqueratósico	3
hiperquilomicronemia	2
hiperquinesia	9
hiperreactividad	16
hiperreactivos	2
hiperreflexia	29
hipersalivación	17
hipersecreción	87
hipersecretoras	3
hipersecretores	2
hipersegmentación	5
hipersensibi	3
hipersensibili	4
hipersensibilidad	6675
hipersensibilidada	16
hipersensibilidadb	14
hipersensibilidadc	5
hipersensibilidadd	5
hipersensibilidade	2
hipersensibilidadi	2
hipersensibilizados	9
hipersensible	9
hipersensibles	29
hipersensiblidad	9
hipersexualidad	54
hipersomnia	37
hipersomnio	5
hipertene	4
hipertensa	45
hipertensas	5
hipertension	5
hipertensiones	3
hipertensiva	168
hipertensivas	60
hipertensivo	4
hipertensivos	13
hipertensión	3669
hipertensióna	4
hipertensiónb	2
hipertensiónc	2
hipertensiónd	4
hipertensióni	2
hipertenso	17
hipertensora	2
hipertensos	320
hipertermia	267
hipertermias	2
hipertiriodismo	2
hipertirodismo	2
hipertiroideos	6
hipertiroidismo	537
hipertiroidismob	2
hipertiroidismoc	2
hipertiroidismoj	5
hipertiroidismol	2
hipertonia	3
hipertonicidad	6
hipertonía	117
hipertransaminasemia	14
hipertransaminasemiae	2
hipertricosis	78
hipertrigliceride	2
hipertrigliceridemia	235
hipertrigliceridemiaa	2
hipertrofia	351
hipertrófica	168
hipertróficas	17
hipertrófico	3
hipertróficos	3
hipertónica	19
hipertónicas	6
hipertónicos	2
hiperuricemia	266
hiperuricemiaa	2
hiperuricemiad	2
hiperuricosuria	9
hiperuricémico	4
hiperuricémicos	11
hiperventilación	68
hipervigilancia	4
hipervirulenta	3
hiperviscosidad	9
hipervitaminosis	22
hipervolemia	36
hiperémesis	4
hipestesia	2
hipnagógicas	3
hipnopómpicas	3
hipnosis	5
hipnozoitos	2
hipnozoíticas	2
hipnozoítos	2
hipnótica	12
hipnóticas	9
hipnótico	90
hipnóticos	272
hipo	105
hipoactiva	11
hipoactivas	6
hipoactividad	5
hipoactivo	4
hipoacusia	70
hipoadrenalismo	6
hipoalbuminemia	96
hipoalbuminemiaa	4
hipoalbuminemiaj	2
hipoaldosteronismo	8
hipocalcemia	401
hipocalcemiaa	2
hipocalcemiab	5
hipocalciemia	2
hipocalcémica	4
hipocalcémicos	2
hipocalemia	127
hipocalemiah	2
hipocaliemia	84
hipocaliémico	2
hipocalémica	5
hipocalémico	3
hipocalórica	4
hipocampo	6
hipocapnia	9
hipocarnitinemia	11
hipocelularidad	2
hipocinesia	19
hipocinesis	3
hipocinético	2
hipocitraturia	6
hipocloremia	30
hipoclorhidria	5
hipoclorito	2
hipoclorémica	38
hipocoagulabilidad	3
hipocolesterolemia	2
hipocolesterolemiante	3
hipocolesterolemiantes	2
hipocomplementémica	4
hipocondrio	2
hipocondrías	2
hipocortisolismo	15
hipocrómica	3
hipocrómicos	2
hipodiploidía	2
hipodérmica	8
hipodérmicas	6
hipoestesia	319
hipoestesiad	6
hipoestrogénico	3
hipofaringe	31
hipofenilalaninemia	20
hipofibrinogenemia	18
hipofisaria	44
hipofisarias	18
hipofisario	43
hipofisarios	26
hipofisectomía	4
hipofisiaria	11
hipofisiarias	3
hipofisiario	8
hipofisitis	167
hipofisitism	2
hipofosfatasia	24
hipofosfatemia	228
hipofosfatemiab	2
hipofosfatémica	5
hipofosfatémico	2
hipofunción	9
hipogammaglobulinemia	102
hipogeusia	15
hipoglicemia	8
hipoglobulinemia	3
hipogloso	100
hipoglucemia	1346
hipoglucemiaa	3
hipoglucemiab	6
hipoglucemiante	89
hipoglucemiantes	124
hipoglucemias	33
hipoglucémica	10
hipoglucémicas	25
hipoglucémico	22
hipoglucémicos	51
hipogonadismo	50
hipogonadotropo	6
hipogonadotrófico	10
hipogonadotrópico	2
hipogástrica	179
hipohidrosis	4
hipointensa	2
hipointensas	11
hipokalemia	39
hipokaliemia	16
hipokalémica	2
hipolactasia	3
hipolipemiante	50
hipolipemianteb	7
hipolipemiantes	94
hipolipidemiante	3
hipolipidemiantes	4
hipomagnesemia	329
hipomagnesemiab	5
hipomagnesiemia	7
hipomaniacos	2
hipomanía	51
hipomaníaco	3
hipomaníacos	4
hipomenorrea	8
hipometabolismo	2
hipometilación	7
hipometilante	8
hipometilantes	2
hipomielinización	2
hipomotilidad	7
hiponasalidad	2
hiponatremia	615
hiponatremiaa	4
hiponatremiaaf	2
hiponatremiab	4
hiponatrémica	21
hiponutridos	2
hipoparatiroidismo	87
hipoperfundido	2
hipoperfusión	26
hipopigmentación	44
hipopion	3
hipopituitarismo	70
hipopión	10
hipoplasia	51
hipoplásica	7
hipoplásico	2
hipopnea	5
hipopotasemia	645
hipopotasemiaa	4
hipopotasemiaae	2
hipopotasemiab	5
hipopotasemias	10
hipopotasiemia	12
hipopotasémico	5
hipoproteinemia	28
hipoprotrombinemia	43
hipoquinesia	8
hiporeninemia	2
hiporreactivo	5
hiporreflexia	10
hiporreninénicos	2
hiporrespuesta	7
hiposensibilización	2
hiposideremia	2
hiposmia	3
hiposmolaridad	2
hipospadias	8
hipospermia	2
hipostesia	3
hiposódica	2
hipotalámica	32
hipotalámicas	7
hipotalámico	49
hipotalámicos	6
hipotens	2
hipotension	15
hipotensiva	7
hipotensivas	3
hipotensivo	2
hipotensivos	9
hipotensión	3053
hipotensióna	5
hipotenso	2
hipotensor	49
hipotensora	33
hipotensoras	2
hipotensores	22
hipotensos	12
hipotermia	81
hipotiroideos	5
hipotiroidismo	685
hipotiroidismoa	4
hipotiroidismoc	2
hipotiroidismoe	2
hipotiroidismoi	5
hipotiroidismok	2
hipotonía	76
hipotricosis	3
hipotálamo	179
hipotérmica	2
hipotética	2
hipotéticamente	4
hipotónica	6
hipotónicas	19
hipotónico	15
hipotónicos	3
hipouricemia	3
hipoventilación	13
hipovitaminosis	6
hipovolemia	239
hipovolémico	24
hipovolémicos	19
hipoxantin	3
hipoxantina	11
hipoxemia	53
hipoxia	358
hipoxias	2
hipoxémicos	2
hippel	15
hippocastanum	3
hipra	35
hipromelosa	8
hipérico	30
hipófisis	225
hipófiso	5
hipótesis	51
hipóxica	12
hipóxico	2
hirae	2
hirschsprung	3
hirsutismo	60
hirudiniasis	2
hirudoid	4
hirviendo	8
his	13
hiscr	7
hisopado	73
hisopados	5
hisopo	233
hisopos	4
hispana	22
hispanas	14
hispano	19
hispanoamericana	5
hispanos	78
histamina	170
histaminérgico	15
histaminérgicos	15
histamínica	2
histamínico	2
histamínicos	34
histerectomizadas	78
histerectomía	51
histerectomías	3
histerosalpingografía	39
histerosalpingografías	2
histeroscopia	22
histeroscopio	8
histeroscópica	2
histidina	8
histiocitos	4
histiocitosis	11
histiocítico	3
histiocíticos	2
histo	15
histocompatibilidad	6
histograma	6
histology	2
histología	256
histologías	9
histolytica	6
histológica	112
histológicaa	2
histológicab	2
histológicamente	63
histológicas	26
histológico	58
histológicos	67
histomorfológicos	2
histomorfometría	5
histomorfométricos	5
histona	2
histonas	5
histopatología	17
histopatológica	11
histopatológicas	7
histopatológico	10
histopatológicos	4
histoplasma	15
histoplasmosis	40
historia	1245
historial	508
historias	6
histórica	31
históricamente	9
históricas	2
histórico	34
históricos	20
hit	35
hito	15
hitos	60
hiv	16
hizo	98
hiérvala	4
hk	2
hl	64
hla	185
hld	2
hlh	23
hlt	2
hm	6
hmg	237
hmi	2
hmo	3
hmwk	3
hn	15
hnd	13
hnf	41
hnr	9
hoat	2
hobbies	2
hoc	164
hochberg	4
hochstetter	2
hocico	2
hockey	29
hodges	11
hodgkin	365
hodgkiniano	8
hodgkinianos	3
hoehn	2
hofh	33
hogar	193
hogares	12
hoja	32
hojas	30
hokusai	13
holanda	4
holandesa	2
holandeses	5
holcus	2
holgada	5
holgado	2
hollín	3
holm	2
holoclar	26
holoprosencefalia	10
holter	26
homa	22
hombre	198
hombres	1132
hombro	3033
hombros	43
homeostasia	11
homeostasis	48
homeostático	4
homicida	6
homicidas	4
hominis	13
homocigota	11
homocigotas	5
homocigoto	4
homocigotos	38
homocigótica	75
homocigóticos	44
homocisteina	9
homocisteína	120
homocistinuria	26
homocitrulinuria	2
homodímero	2
homogeneidad	2
homogénea	16
homogéneamente	3
homogéneas	4
homogéneo	8
homogéneos	10
homología	10
homosexual	3
homozigota	2
homozigótica	6
homóloga	24
homólogas	2
homólogo	13
homólogos	56
homónima	2
homónimos	4
honesta	2
honesto	3
hong	2
hongo	57
hongos	307
hoogland	2
hope	19
hora	1537
horarias	5
horario	73
horarios	9
horas	6654
hordeum	2
horizon	7
horizons	7
horizontal	22
horizontales	2
horizontalmente	4
hormigas	18
hormigueo	178
hormona	1242
hormonal	629
hormonales	526
hormonas	718
hormono	22
hormonodependiente	13
hormonosensible	41
hormonoterapia	67
horneados	7
hornear	2
horner	9
horno	2
hornos	2
horquilla	2
horquillas	2
hortalizas	2
hospedadora	2
hospicio	10
hospira	6
hospital	325
hospitalaria	68
hospitalarias	6
hospitalario	104
hospitalarios	22
hospitales	45
hospitalizacion	4
hospitalizaciones	83
hospitalización	645
hospitalizadas	3
hospitalizado	23
hospitalizados	121
hospitalizar	14
hospitalizarse	4
hospitalization	2
hostil	11
hostilidad	59
hostilidades	38
hoteles	4
hoy	9
hoyo	2
hoyuelo	2
hoyuelos	3
hoz	3
hp	10
hpa	25
hpb	58
hpf	18
hplc	20
hpn	237
hpna	2
hpp	3
hpprn	5
hps	5
hpt	20
hptec	16
hpts	6
hpv	48
hr	1707
hra	8
hradj	3
hrb	2
hrc	12
hrd	45
hrdb	3
hrql	6
hrqol	28
hrr	25
hrrm	13
hrs	9
hrv	2
hrze	3
hs	88
hsat	4
hsba	71
hsc	31
hscrp	3
hsd	2
hsg	5
hsh	2
hss	5
hssdd	2
hssddb	2
hsst	2
hstcl	4
hsv	5
ht	25
htb	4
htbz	2
htlv	12
html	3
hto	2
htpa	12
http	26
https	913
hu	24
hubber	10
huberplex	2
hubiera	73
hubieran	103
hubiere	2
hubieron	5
hubiese	12
hubiesen	11
hubo	1355
hue	3
hueca	34
hueco	15
huecos	6
huele	3
huellas	2
huepo	15
huesecillo	88
huesecillos	23
hueso	2549
huesos	835
huet	4
huevo	50
huevos	66
huida	5
huir	4
hulla	18
humalog	56
human	8
humana	660
humanas	102
humanizada	3
humanizado	46
humanizados	3
humano	2061
humanos	472
humanus	3
humatin	6
humatín	2
humectación	4
humectante	2
humectantes	6
humectar	2
humedad	30
humedece	4
humedecer	2
humedecida	15
humedezca	2
humedezcan	2
humeral	1016
humerocubital	164
humidificador	6
humidificadores	2
humira	473
humiraa	3
humirab	6
humo	186
humor	252
humoral	45
humorales	15
humos	55
humulina	23
hunden	9
hundido	4
hundimiento	47
hunter	7
huntington	21
huracanes	9
huracán	9
hurler	2
hurley	7
husk	7
huso	2
husos	3
hutchinson	2
huttenlocher	2
huésped	106
huéspedes	15
hv	5
hvalor	4
hvh	3
hvi	8
hvl	4
hy	5
hybritech	2
hydrapres	2
hydrea	9
hymenoptera	2
hympavzi	42
hynic	19
hyp	2
hypericum	77
hyperion	18
hyperrab	9
hypertension	3
hypnomidate	21
hypogaea	2
hystolyticum	2
hz	74
hznp	5
hábitat	2
hábito	51
hábitos	140
hágale	4
hágalo	5
hágase	5
hámster	47
hélice	16
héptada	5
híbrida	3
híbrido	111
híbridos	2
hídrica	42
hídrico	64
hídricos	5
hígado	1759
hígados	2
húmeda	32
húmedas	9
húmedo	16
húmedos	7
húmero	1758
húngara	6
húngaros	8
hürthle	6
i	4950
ia	124
iache	3
iadl	3
iadrs	8
iah	9
iam	28
iamcest	27
iamnst	3
iamsest	13
iap	10
ias	8
iasp	14
iat	18
iatrofobia	5
iatrogénica	19
iatrogénico	10
ib	51
iba	7
ibalizumab	7
iban	14
ibandrónico	65
ibat	3
ibdq	53
ibf	3
ibis	2
ibp	37
ibps	16
ibrance	53
ibritumomab	7
ibrutinib	81
ibuprofeno	407
ibutilida	6
ic	11598
ica	11
icam	5
icans	364
icansa	2
icaria	17
icatibanto	63
icb	7
icc	157
icd	58
icdrg	2
ice	82
iceb	6
icec	16
icfep	13
icfer	2
icg	9
icgg	5
ich	12
ichd	7
iclusig	117
icn	41
icosapento	36
icp	161
icr	8
icrf	3
ics	62
icsh	2
icsi	8
icteria	2
ictericia	807
icterus	3
ictiosis	14
ictus	891
icvd	4
id	17
ida	7
idac	47
idarrubicina	3
idarubicina	37
idarucizumab	59
idcg	2
idcs	3
iddc	8
idea	26
ideaciones	4
ideación	237
ideal	34
idealmente	31
ideas	165
idebenona	15
idecabtagén	3
idefirix	7
ideg	6
ideglira	3
idelalisib	90
idelvion	26
identidad	20
identifica	60
identificable	13
identificables	8
identificación	95
identificada	87
identificadas	244
identificado	287
identificadores	7
identificados	99
identifican	29
identificar	319
identificaran	3
identificarlos	2
identificaron	241
identificarse	15
identificativos	6
identificó	124
identifique	12
identifiquen	8
ideos	5
idet	3
idfs	23
idiopática	642
idiopáticas	6
idiopático	68
idiopáticos	19
idiosincrasia	9
idiosincrásica	35
idiosincrásicas	13
idiosincrática	13
idiosincráticas	4
idiosincrático	4
idiotipo	2
idioventricular	5
idl	7
idmc	2
idnt	2
ido	6
idoneidad	34
idos	33
idqol	3
idr	5
idsiq	7
idsn	3
idt	53
idtm	38
iduronato	5
iduronidasa	4
idursulfasa	25
idv	11
idylla	2
idéntica	32
idénticas	12
idéntico	46
idénticos	30
idónea	3
idóneo	5
idóneos	10
ie	6
ieca	260
iecas	144
ied	16
ief	2
ies	12
if	7
ifa	6
ifcc	24
ifd	5
ife	4
ifg	13
ifh	2
ifi	28
ifis	30
ifl	12
ifm	24
ifn	164
ifna	2
ifnar	2
ifnb	17
ifosfamida	85
ifum	4
ig	21
iga	418
igamad	6
igantibe	6
igbp	4
igc	4
ige	184
igf	208
igfbp	4
igfd	6
igg	312
iggs	6
ighb	4
ighv	29
igim	3
igiv	65
iglar	11
igm	80
igne	2
ignición	41
ignora	3
igp	3
igr	4
igra	6
igsc	2
igual	1398
igualdad	2
iguales	190
igualmente	59
igvh	7
ih	8
ihac	2
ihc	128
ihf	119
ihq	55
ii	5434
iia	89
iiac	44
iib	145
iic	30
iief	5
iih	3
iii	2841
iiia	2706
iiib	2658
iiic	2586
iit	6
ikaros	3
ikema	16
ikr	3
il	513
ilar	2
ilaris	24
ilc	5
ild	17
ileal	26
ilegal	17
ilegales	55
ilegalmente	2
ileitis	3
ileo	9
ileocecal	103
ileocecales	3
ileocutáneo	48
ileostomía	15
ileítis	3
iliaca	16
iliacos	11
ilid	6
ilio	2
iliofemoral	13
iliohipogástrico	3
ilioinguinal	4
ilioisquiática	43
ilion	89
iliopsoas	3
iliopubiana	43
iliotibial	4
illness	8
illuminate	19
ilomedin	9
iloprost	14
ilr	2
ilrd	3
ilumetri	7
iluminación	40
iluminada	5
iluminadas	2
iluminado	12
iluminancia	2
ilusiones	4
ilusión	3
ilustra	6
ilustración	2
ilustran	3
ilustrar	4
ilustrativos	3
ilvigrip	8
ilíaca	2303
ilíacas	200
ilíacos	3
ilícitas	5
ilícito	11
im	380
ima	2
imaavy	5
imagen	1392
imagenología	2
imaginable	7
imaginar	2
imaginarse	2
imanes	9
imao	144
imaos	44
imatinib	507
imatiniba	2
imbarix	7
imbruvica	212
imc	538
imcest	33
imcivree	13
imcl	2
imcm	8
imdc	31
imdevimab	59
imdylltra	71
imdylltrac	2
imelasomerán	5
imest	28
imfinzi	403
imid	13
imidapril	30
imidazol	12
imidazoles	12
imidazolina	5
imidazolínicos	4
imidazólico	6
imidazólicos	22
imiglucerasa	49
imigran	7
iminostilbenos	26
imipenem	96
imipramina	18
imiquimod	94
imita	3
imitan	2
imitando	2
imitar	6
imjudo	75
imlifidasa	51
imlygic	78
imm	24
immhance	6
immitis	3
immune	10
immunogenicidad	4
immunohistoquímica	2
immunológico	3
immvent	6
imnest	3
imovax	17
imp	6
impaact	14
impaciencia	3
impact	46
impactación	29
impactado	7
impactados	3
impactan	2
impactar	5
impacto	345
impactos	8
impairment	4
impalpables	2
impedancia	4
impedimento	11
impedir	52
impedirle	3
impedirse	4
impedía	2
impedían	3
imperativo	3
imperfecta	10
imperforado	2
imperiosa	12
impermeabilidad	6
impermeable	2
impermeables	3
impetuosidad	2
impida	19
impidan	14
impide	135
impiden	32
impidiendo	45
impidiera	2
impidieron	2
impidió	6
implanon	52
implanta	2
implantable	71
implantables	6
implantación	68
implantada	64
implantado	142
implantados	19
implantan	3
implantar	7
implantaron	4
implantarse	3
implante	439
implantes	489
implantó	3
implementación	10
implementada	2
implementado	6
implementar	23
implementarse	2
implementarán	3
implementó	4
implica	165
implicaba	2
implicaban	3
implicaciones	22
implicación	44
implicada	47
implicadas	43
implicado	40
implicados	52
implican	75
implicando	2
implicar	23
implicaron	5
implicaría	2
implicó	3
implique	10
impliquen	12
importa	4
importan	2
importancia	205
importante	3961
importantea	2
importantec	2
importantes	627
importar	8
importara	3
imposibilidad	24
imposibilita	2
imposibilitan	2
imposible	28
imposibles	3
impotencia	130
impotente	2
imprecisa	2
imprecisos	5
impredecible	7
impredecibles	11
impregnación	5
impregnado	10
imprescindible	100
imprescindibles	2
impresiones	3
impresión	80
impreso	2
impression	7
imprevisible	2
imprevisibles	5
imprevista	2
imprevisto	3
improbable	53
improductiva	28
improductivas	12
improve	8
improved	2
improvement	5
improvisado	19
improvisados	18
impuesta	4
impulsada	5
impulsado	4
impulsados	3
impulsiva	2
impulsividad	27
impulsivo	13
impulso	66
impulsor	2
impulsora	2
impulsores	4
impulsos	139
impurezas	4
imputa	6
imputables	2
imputaciones	16
imputación	152
imputados	9
imputan	8
imputar	2
imputaron	25
imputation	2
imputó	10
impétigo	49
imr	3
imroz	16
imrt	3
ims	3
imsest	54
imt	2
imukin	14
imunocare	3
imurel	38
imv	2
imvanex	52
imvi	33
imvigor	3
imwg	54
imágenes	868
imán	3
in	1954
ina	5
inaccesibilidad	2
inaceptable	528
inaceptables	15
inacid	23
inactiva	106
inactivación	83
inactivada	23
inactivadas	41
inactivado	9
inactivados	16
inactivan	4
inactivando	2
inactivante	2
inactivantes	7
inactivar	19
inactivarse	2
inactivas	12
inactividad	17
inactivo	48
inactivos	27
inadaptaciones	2
inadaptación	3
inadecuada	556
inadecuadamente	35
inadecuadas	40
inadecuado	132
inadecuados	32
inadvertida	36
inadvertidamente	10
inadvertido	5
inadvertidos	2
inalterada	14
inalteradas	11
inalterado	21
inalterados	11
inalámbrica	6
inalámbrico	4
inanición	6
inanimadas	7
inapreciable	2
inapropiada	24
inapropiadamente	3
inapropiadas	7
inapropiado	37
inapropiados	6
inaqovi	34
inas	2
inatención	2
inatento	3
inavolisib	4
inbrija	43
inbuild	12
inc	3
incacu	3
incandescente	2
incapaces	18
incapacidad	105
incapacitados	4
incapacitante	17
incapacitantes	25
incapaz	22
incarceración	5
incarcerada	24
incarnata	4
incendiarias	28
incendio	58
incendios	61
incertidumbre	15
incertidumbres	16
incide	2
inciden	8
incidence	3
incidencia	4136
incidencias	119
incidental	2
incidente	22
incidentes	85
incierta	36
inciertas	6
incierto	165
inciertos	9
incio	2
incipiente	41
incipientes	4
incisional	10
incisiones	8
incisivos	3
incisión	66
incitar	2
incl	147
inclasificable	2
inclina	12
inclinación	8
inclinada	10
inclinando	2
inclinar	5
inclinarse	7
inclinará	3
incline	8
inclisirán	51
inclu	2
incluida	1140
incluidas	753
incluido	2029
incluidos	4122
incluir	1658
incluirse	33
incluirá	29
incluirán	4
incluiría	3
inclusiones	4
inclusive	130
inclusión	458
incluso	1289
incluya	115
incluyan	64
incluye	2897
incluyen	2871
incluyendo	6610
incluyentdo	2
incluyera	12
incluyeron	1380
incluyo	2
incluyéndose	3
incluyó	1103
incluía	227
incluían	195
incluída	8
incluídas	6
incluído	6
incluídos	8
incmor	3
incoherencia	3
incoherente	3
incolora	17
incoloro	12
incomodidad	29
incomodos	2
incompatibilidad	119
incompatibilidades	14
incompatible	14
incompatibles	24
incompetencia	13
incompetente	2
incompleta	238
incompletas	6
incompleto	33
incompletos	9
incomprensibles	6
incondicional	4
inconsciencia	23
inconsciente	7
inconscientes	3
inconsistente	5
inconsistentes	9
inconsolable	4
inconspicua	3
incontinencia	292
incontinente	7
incontinentes	4
incontrolable	7
incontrolables	8
incontrolada	25
incontroladas	6
incontrolado	19
incontrolados	12
inconveniencia	11
inconveniente	2
inconvenientes	4
incoordinación	11
incorpora	16
incorporación	84
incorporada	7
incorporado	10
incorporados	5
incorporan	7
incorporando	3
incorporar	9
incorporaron	23
incorporarse	39
incorpore	2
incorporó	8
incorrecta	45
incorrectamente	5
incorrectas	2
incorrecto	32
incorrectos	3
increlex	21
incrementa	323
incrementaba	6
incrementada	80
incrementadas	16
incrementado	105
incrementadores	2
incrementados	12
incremental	24
incrementales	5
incrementan	57
incrementando	61
incrementar	389
incrementarla	9
incrementaron	8
incrementarse	129
incrementará	19
incremente	21
incrementen	11
incremento	1532
incrementos	512
incrementándola	3
incrementándolo	3
incrementándose	11
incrementó	76
incresync	48
incretina	10
incretinas	30
incruse	3
incuantificable	2
incubación	10
incubaron	2
incuido	2
incumplimiento	60
incurable	3
incuyendo	2
incómoda	9
incómodas	15
incómodo	21
incómodos	10
ind	2
indacaterol	65
indagar	2
indanodiona	2
indapamida	190
indebida	6
indebidamente	9
indebido	117
indefensión	2
indefinida	2
indefinidamente	2
indefinido	3
independencia	263
independent	11
independiente	696
independientemente	727
independientes	125
independizaron	4
indeseable	11
indeseables	58
indeseada	2
indeseado	5
indeseados	5
indetectable	62
indetectableb	2
indetectables	27
indeterminada	27
indeterminado	72
indeterminados	9
index	87
india	24
indias	2
indica	716
indicaba	3
indicaban	2
indicaciones	581
indicación	681
indicada	697
indicadas	184
indicado	5303
indicador	54
indicadoras	2
indicadores	39
indicados	118
indican	774
indicando	29
indicar	612
indicara	4
indicaran	4
indicaremos	3
indicarle	31
indicarles	18
indicaron	64
indicarse	44
indicará	78
indicarán	27
indicaría	2
indicativa	35
indicativas	25
indicativo	62
indicativos	277
indice	10
indicio	47
indicios	189
indicárseles	2
indicó	89
indidicada	2
indiferencia	6
indiferenciado	5
indiferenciados	3
indigestión	39
indinavir	59
indio	100
indios	19
indique	192
indiquen	103
indirecta	83
indirectamente	24
indirectas	6
indirecto	62
indirectos	39
indiscriminadamente	3
indispensable	50
indispensables	3
indisposición	3
indistinguible	5
indistinguibles	9
indistintamente	9
individual	862
individuales	777
individualesa	2
individualice	2
individualiza	2
individualizada	118
individualizadas	10
individualizado	25
individualizados	3
individualizar	40
individualizarse	28
individualizó	7
individualmente	184
individuo	57
individuos	510
indocianina	45
indol	17
indolacético	4
indolente	39
indolentes	5
indologenes	4
indolora	25
indoloras	3
indoloro	4
indoloros	6
indometacina	25
indonesia	2
inducción	1364
induccióna	3
induce	178
inducen	92
inducible	20
inducibles	4
inducida	1219
inducidas	101
inducido	502
inducidos	177
induciendo	18
inducir	400
inducirse	5
induction	31
inductor	109
inductores	410
inductos	92
inducía	3
indujeron	4
indujo	61
induraciones	3
induración	145
industria	7
industrial	63
industriales	4
industrias	4
induzca	12
induzcan	18
indígena	3
indígenas	2
inebilizumab	145
ineficaces	24
ineficacia	7
ineficaz	41
inegy	77
ineludible	3
inequívoca	9
inequívocamente	3
inercia	8
inerte	11
inertes	2
inervación	15
inespecífica	37
inespecíficas	31
inespecífico	18
inespecíficos	63
inesperada	18
inesperadamente	6
inesperadas	11
inesperado	24
inesperados	24
inestabilidad	267
inestabilidades	11
inestable	514
inestablee	2
inestables	54
inevitable	47
inevitables	2
inexactos	2
inexistente	14
inexistentes	5
inexplicable	61
inexplicables	32
inexplicada	12
inexplicadas	9
inexplicado	6
inexplicados	6
inextirpable	6
inf	11
infama	2
infancia	151
infanrix	69
infant	5
infantes	7
infantil	330
infantiles	40
infants	3
infantum	5
infarction	4
infartados	2
infarto	2137
infartos	26
infeccion	16
infecciones	7110
infeccionesb	2
infecciosa	312
infecciosah	3
infecciosas	343
infeccioso	245
infecciosos	139
infección	7332
infeccióna	7
infecciónexcema	2
infeciones	2
infecta	27
infectaciones	6
infectada	126
infectadas	112
infectado	119
infectados	794
infectan	39
infectante	5
infectantes	2
infectar	24
infectarle	3
infectarlo	2
infectaron	5
infectarse	38
infecte	6
infectiologie	3
infection	4
infectiva	3
infectó	2
inferida	2
inferido	7
inferior	10107
inferiorb	2
inferiores	714
inferioridad	592
inferir	12
infertilidad	202
infestaciones	802
infestacionesa	2
infestación	9
infiere	34
infiltra	3
infiltraciones	9
infiltración	164
infiltrado	10
infiltrados	83
infiltran	2
infiltrante	3
infiltrantes	16
infiltrar	3
infiltrarse	2
infiltrativa	8
infinito	14
infla	9
inflable	81
inflado	2
inflama	6
inflamable	24
inflamables	3
inflamacion	2
inflamaciones	45
inflamación	1804
inflamada	40
inflamadas	73
inflamado	17
inflamados	51
inflaman	15
inflamarse	9
inflamasoma	4
inflamatoria	724
inflamatorias	333
inflamatorio	227
inflamatorios	245
inflammatory	2
inflexión	2
infliximab	361
influencia	91
influenciada	9
influenciadas	7
influenciado	5
influenciados	3
influenciar	3
influenza	123
influenzae	139
influida	5
influidas	5
influido	5
influidos	4
influir	85
influvac	43
influya	2
influyan	5
influye	31
influyen	19
influyera	2
influyó	4
inflándose	2
informa	36
informacion	12
información	3333
informada	25
informadas	31
informado	280
informados	100
informales	2
informan	15
informando	2
informar	619
informarle	4
informarles	8
informaron	26
informarse	96
informará	36
informativas	3
informativo	26
informativos	18
informe	127
informen	91
informes	351
informándose	4
informática	2
informático	14
informáticos	5
informó	45
infra	3
infracondílea	22
infradosificación	1043
infradosis	3
infraestimación	2
infraestimadas	2
infraestructura	6
infrarrenal	2
infrarroja	8
infrarrojo	4
infrarrojos	2
infrasonidos	5
infratentorial	5
infravesical	2
infrecuente	50
infrecuentemente	11
infrecuentes	50
infundida	3
infundido	3
infundidos	2
infundir	4
infundió	3
infusion	2
infusiones	20
infusión	2445
infusomat	2
infértil	3
infértiles	17
infórmele	4
infórmese	89
infórmeselo	3
ingeniería	2
ingerida	26
ingeridas	84
ingerido	12
ingeridos	16
ingerir	127
ingerirlo	5
ingerirse	51
ingerirán	3
ingesta	854
ingestas	6
ingestión	124
ingiera	10
ingieran	30
ingiere	21
ingieren	15
ingiriendo	3
inglaterra	23
ingle	64
ingles	31
inglés	1570
ingravidez	5
ingrediente	14
ingredientes	41
ingresa	9
ingresados	16
ingresan	4
ingresar	18
ingresaron	8
ingrese	12
ingresen	2
ingreso	73
ingresos	15
inguinal	399
inguinales	29
inguinalis	2
ingurgitación	5
inh	29
inhabilitación	2
inhala	37
inhalaciones	94
inhalación	335
inhalada	46
inhaladas	2
inhalado	127
inhalador	211
inhaladores	14
inhalados	245
inhalan	12
inhalando	3
inhalantes	120
inhalar	77
inhalarla	3
inhalarlas	3
inhalarlo	6
inhalaron	2
inhalatoria	92
inhalatorio	3
inhalatorios	26
inhale	11
inhalvicks	3
inhalándolo	2
inherente	24
inherentemente	7
inherentes	5
inhiba	8
inhibace	21
inhiban	31
inhibe	852
inhiben	188
inhibición	1402
inhibida	11
inhibidas	8
inhibido	6
inhibidor	2357
inhibidora	67
inhibidoras	9
inhibidores	4898
inhibiendo	140
inhibieron	3
inhibina	7
inhibir	210
inhibirse	4
inhibition	3
inhibitor	2
inhibitoria	143
inhibitorias	34
inhibitorio	18
inhibitorios	2
inhibitory	28
inhibió	61
inhibqol	4
inhibía	3
inhl	3
inhíbe	3
ini	48
inicia	172
iniciaba	3
iniciaban	2
iniciación	40
iniciada	28
iniciado	317
iniciados	10
inicial	19835
iniciala	6
inicialb	5
inicialc	23
iniciald	5
iniciales	935
inicialf	3
inicialmente	345
inician	41
iniciando	20
iniciar	3580
iniciara	3
iniciarla	6
iniciarlo	44
iniciaron	78
iniciarse	621
iniciará	61
iniciarán	3
iniciativa	17
inicie	127
inicien	33
inicio	7069
inicioa	9
iniciob	4
inicios	3
iniciándose	7
inició	98
inihibidores	4
inintencionadamente	2
ininterrumpida	40
ininterrumpidamente	6
ininterrumpido	10
inis	2
initial	2
initiative	11
injertadas	2
injerto	840
injertos	434
injustificada	5
injustificadas	17
injustificado	2
injustificados	10
inl	2
inlcuidos	2
inluyendo	3
inmadura	20
inmaduras	7
inmadurez	39
inmaduro	8
inmaduros	13
inmanejable	7
inmediata	794
inmediatab	2
inmediatamente	2054
inmediatas	46
inmediato	695
inmediatos	22
inmensa	3
inmersión	662
inmind	16
inminente	36
inmitancia	13
inmovilidad	8
inmovilizaciones	3
inmovilización	238
inmovilizado	2
inmovilizados	23
inmovilizar	5
inmune	522
inmunec	2
inmunes	84
inmunidad	100
inmunitaria	317
inmunitarias	129
inmunitario	1150
inmunitarios	65
inmunizaciones	30
inmunización	357
inmunizadas	2
inmunizados	12
inmunization	2
inmuno	95
inmunoabsorción	10
inmunoadsorción	5
inmunoalérgica	5
inmunoalérgico	2
inmunoanálisis	7
inmunocompetencia	2
inmunocompetentes	85
inmunocomplejos	52
inmunocomprometidas	49
inmunocomprometido	12
inmunocomprometidos	142
inmunodeficiencia	351
inmunodeficiencias	27
inmunodeficientes	11
inmunodepresión	64
inmunodepresor	25
inmunodepresora	2
inmunodepresoras	9
inmunodepresores	26
inmunodeprimida	5
inmunodeprimidas	57
inmunodeprimido	7
inmunodeprimidos	201
inmunoefectoras	59
inmunoensayo	22
inmunoensayos	7
inmunoestimulador	9
inmunoestimuladores	14
inmunoestimulante	5
inmunoestimulantes	46
inmunofijación	30
inmunofluorescencia	2
inmunogenia	16
inmunogenicidad	1035
inmunoglobina	2
inmunoglobulina	302
inmunoglobulinas	188
inmunogénica	6
inmunogénicas	7
inmunogénico	4
inmunohistoquímica	71
inmunohistoquímicas	3
inmunohistoquímico	3
inmunologica	2
inmunologico	4
inmunología	6
inmunológica	86
inmunológicamente	14
inmunológicas	25
inmunológico	1522
inmunológicos	45
inmunomediada	498
inmunomediadahh	2
inmunomediadas	231
inmunomediadasg	2
inmunomediado	58
inmunomediados	20
inmunomodulación	5
inmunomodulador	89
inmunomoduladora	12
inmunomoduladoras	12
inmunomoduladores	147
inmunoprofilaxis	7
inmunoproliferativa	6
inmunoproliferativas	4
inmunoquimioterapia	11
inmunoquímica	6
inmunorreacción	2
inmunorreguladora	2
inmunorrelacionada	67
inmunorrelacionadas	63
inmunorrelacionados	3
inmunosupresivas	8
inmunosupresión	244
inmunosupresor	272
inmunosupresora	92
inmunosupresoras	54
inmunosupresores	626
inmunosuprimidos	9
inmunoterapia	235
inmunoterapias	4
inmunotolerancia	14
inmunotrombocitopenia	2
inmunovigilancia	2
inmunógena	3
inmunógeno	2
inmóvil	28
inmóviles	7
innata	10
innatas	4
innato	5
innatos	2
innecesaria	16
innecesariamente	5
innecesarias	4
innecesario	4
innecesarios	5
innocuum	2
innohep	20
innolet	10
innominada	568
innti	20
inntis	14
inocar	11
inocua	4
inocuidad	2
inoculación	2
inocuo	10
inodoro	88
inodoros	2
inofensiva	8
inofensivas	8
inofensivo	4
inofensivos	10
inoperable	30
inoperables	19
inorgánica	21
inorgánicas	21
inorgánico	14
inorgánicos	8
inosina	2
inositol	2
inotersén	65
inotropa	4
inotropismo	3
inotropo	2
inotrópica	11
inotrópicas	3
inotrópico	42
inotrópicos	24
inotuzumab	23
inovelon	16
inpedild	3
inpulsis	60
inquietas	92
inquieto	8
inquietos	7
inquietud	299
inquietudes	13
inr	277
inra	7
inrebic	97
insatisfactoria	10
insatisfactorio	7
insatisfactorios	2
insaturados	8
inscriban	2
inscribieron	29
inscribir	5
inscribirse	11
inscribió	21
inscripción	50
inscrita	2
inscrito	4
inscritos	49
insecticidas	57
insecto	414
insectos	95
inseguridad	3
inseguro	5
inseminación	8
insensibilidad	12
insensibilizados	3
insensible	9
insensibles	5
inserciones	19
inserción	4352
inserta	272
insertada	8
insertado	30
insertados	7
insertan	3
insertar	234
insertaron	2
insertarse	19
insertará	29
inserte	13
inserto	8
insertor	7
insertó	30
insidiosa	4
insidioso	2
insight	3
insignificante	46
insignificantes	5
insistir	2
insolación	15
insoluble	7
insolubles	8
insomne	5
insomnio	1063
insoportables	8
inspeccionada	2
inspeccionar	9
inspeccionarse	5
inspeccione	3
inspección	845
inspira	2
inspiración	16
inspirada	3
inspirado	12
inspiran	2
inspirando	3
inspirar	8
inspiratoria	17
inspiratorio	2
inspire	3
inss	2
insta	3
instage	2
instalaciones	57
instalación	2
instalar	3
instale	6
instancia	17
instant	3
instante	2
instantes	2
instantánea	3
instantáneas	12
instantáneasa	2
instantáneo	11
instantáneos	186
instar	11
instaura	37
instauración	60
instaurada	3
instaurado	11
instaurando	9
instaurar	225
instaurarlo	2
instaurarse	81
instaurará	22
instaurarán	7
instaure	10
instauró	4
instersticial	5
insti	9
instila	3
instilaciones	10
instilación	126
instilada	7
instilan	2
instilar	36
instilarse	2
instilarán	2
instile	3
institucional	81
institucionales	22
instituciones	5
institución	29
instituida	2
instituir	17
instituirse	3
institute	88
institutes	9
instituto	517
institutos	11
instituya	2
instrucciones	1373
instrucción	44
instruidas	2
instruido	7
instruidos	25
instruir	83
instruirse	12
instrumentación	3
instrumental	11
instrumentales	7
instrumento	60
instrumentos	38
instruyéndoles	11
insuficiecia	2
insuficienca	3
insuficiencia	16096
insuficiencias	12
insuficiente	475
insuficientemente	24
insuficientes	85
insufiencia	2
insuflación	19
insulina	2931
insulinad	2
insulinaf	2
insulinas	99
insulino	16
insulinodependiente	13
insulinodependientes	6
insulinoide	3
insulinoma	13
insulinomas	7
insulinoterapia	5
insulinotrópica	3
insulinotrópico	16
insultos	2
insulínica	22
insulínicas	3
insulínico	18
insulínicos	4
insípida	65
int	3
intacta	41
intactas	6
intacto	71
intactos	12
integra	2
integración	81
integrada	33
integradas	2
integrado	68
integrados	29
integral	49
integrales	30
integrantes	2
integraron	2
integrasa	131
integrativa	3
integridad	116
integrilin	30
integrina	12
integrinas	5
integró	3
intelectual	41
intelectuales	14
intelence	19
inteligencia	8
inteligente	10
inteligentes	2
intemipción	3
intencion	4
intencionada	1345
intencionadamente	251
intencionado	1301
intencional	29
intencionales	2
intencionalidad	1312
intenciones	3
intención	900
intend	45
intensa	284
intensamente	18
intensas	46
intensidad	942
intensidada	3
intensidades	4
intensifica	11
intensificación	76
intensificada	2
intensificadas	4
intensificado	14
intensificador	2
intensifican	4
intensificar	68
intensificarse	7
intensificó	2
intensifique	6
intensiva	87
intensivas	5
intensivo	90
intensivos	200
intenso	397
intensos	91
intent	3
intenta	23
intentado	6
intentan	7
intentando	9
intentar	100
intentarlo	17
intentaron	5
intentarse	8
intente	38
intenten	2
intention	2
intento	131
intentos	91
inter	4
interaact	5
interacciona	12
interaccionan	12
interaccionar	20
interaccionen	7
interacciones	379
interacción	529
interactiva	9
interactive	2
interactivo	5
interactuar	24
interactúa	21
interactúan	7
interauricular	9
intercalación	7
intercambia	2
intercambiabilidad	8
intercambiable	7
intercambiables	12
intercambiadora	2
intercambian	3
intercambiar	12
intercambiarse	3
intercambio	58
intercambios	11
intercatenarios	4
intercelular	7
intercelulares	2
intercondílea	98
interconsulta	6
interconversiones	2
interconversión	3
intercostal	6
intercostales	51
intercuartil	8
intercuartiles	2
intercuartílico	45
intercuartílicos	2
intercurrente	40
intercurrentes	66
interdigitales	3
interdisciplinario	2
interesa	2
interesado	2
interesante	3
interescaleno	5
interescapulotorácica	4
intereses	4
interespinosa	9
interespinoso	21
interest	9
interfalángica	623
interfalángicas	8
interfase	6
interfases	2
interfaz	4
interferencia	207
interferencias	75
interferir	191
interferon	21
interferones	54
interferón	474
interfiera	11
interfieran	6
interfiere	102
interfieren	29
interfiriendo	16
interfirieron	2
interfirió	4
intergroup	3
intergrupal	11
interictal	2
interindividual	25
interindividuales	2
interino	6
interior	444
interiores	23
interleucina	89
interleucinas	5
interleukina	15
interleukinas	2
interleuquina	14
interleuquinas	2
intermedia	106
intermediario	5
intermediarios	3
intermedias	18
intermedina	3
intermedio	500
intermedios	48
intermedius	6
intermenstrual	72
intermenstruales	7
intermitente	389
intermitentemente	3
intermitentes	29
interna	4222
internacional	440
internacionales	68
internacionalmente	3
internaciones	2
internados	2
internaliza	9
internalización	16
internarse	3
internas	125
international	68
internet	20
interneuronas	6
interno	444
internos	240
internuclear	5
interoclusiva	2
interpaciente	5
interpelviabdominal	6
interpersonal	9
interpleural	5
interpolar	2
interponerse	2
interpreta	5
interpretable	4
interpretables	3
interpretaciones	3
interpretación	183
interpretada	2
interpretadas	13
interpretado	3
interpretados	9
interpretar	72
interpretaron	3
interpretarse	39
interpretativos	27
interpreten	2
interpretó	2
interrogatorio	2
interrumpa	119
interrumpan	47
interrumpción	4
interrumpe	211
interrumpen	20
interrumpida	23
interrumpido	197
interrumpidos	4
interrumpiendo	42
interrumpiera	5
interrumpieran	9
interrumpieron	324
interrumpir	3487
interrumpirla	6
interrumpirlo	17
interrumpirse	810
interrumpirá	67
interrumpirán	2
interrumpiéndose	4
interrumpió	261
interrupciones	211
interrupción	3351
interrupir	2
interruptores	3
inters	2
intersomática	153
intersticial	1092
intersticiala	2
intersticiales	44
intersticialf	3
intersticialk	2
intersticio	2
intertriginosas	30
intertriginoso	6
intertrigo	2
intertrocantérea	103
intervalo	6621
intervalos	953
intervals	2
intervencion	7
intervencional	9
intervencionales	5
intervenciones	334
intervencionista	20
intervencionistas	9
intervención	1278
intervengan	4
intervenido	3
intervenidos	6
intervenir	16
intervention	15
interventricular	3
intervertebral	111
intervertebrales	24
interviene	58
intervienen	24
interviewer	2
interviniendo	3
interés	168
intestinal	1510
intestinala	4
intestinale	2
intestinales	296
intestinalis	4
intestino	1515
intestinos	126
inti	48
intibiotics	5
intima	4
intimidación	22
intimidad	2
intimidado	3
intimidados	2
intimidan	2
intis	23
intolerabilidad	3
intolerable	36
intolerables	27
intolerancia	1261
intolerancias	12
intolerante	18
intolerantes	255
intoxicaciones	289
intoxicación	409
intoxicado	4
intra	97
intraabdominal	67
intraabdominales	140
intraanales	2
intraarterial	83
intraarteriales	3
intraarticular	380
intraarticulares	2
intraaórtica	2
intrabacteriana	2
intrabdominal	6
intrabdominales	8
intracameral	4
intracapsular	52
intracapsulares	2
intracardiaca	8
intracardiaco	27
intracardíaca	6
intracatenarios	2
intracavernosa	3
intracavitaria	5
intracellulare	3
intracelular	161
intracelulares	48
intracelularmente	10
intracerebral	99
intracerebrales	12
intracerebroventricular	25
intracirculatorio	8
intracisternal	2
intracitoplasmática	7
intraclase	2
intracolangiopancreática	6
intracoledocal	2
intracondílea	206
intracoronaria	7
intracoronario	2
intracraneal	1158
intracraneald	2
intracraneales	122
intracranealm	2
intracranial	2
intradetrusor	2
intradetrusora	2
intradetrusoras	3
intradiscal	2
intraductal	4
intradérmica	71
intradérmicamente	2
intradérmicas	3
intradérmico	2
intraepitelial	25
intraepiteliales	21
intraespinal	2
intraespinales	6
intraespinalmente	13
intraglandular	5
intraglomerular	6
intraglútea	2
intragrupal	32
intragástrico	5
intrahepática	40
intrahepáticas	6
intrahepático	8
intrahepáticos	3
intrahospitalaria	12
intraindividual	15
intraindividuales	3
intralesional	3
intralipid	30
intraluminal	5066
intramamaria	4
intramedular	128
intramedulares	5
intramuscular	692
intramusculares	67
intramuscularmente	11
intranasal	26
intranasales	26
intraneural	4
intraneuronal	2
intranquilidad	98
intraocular	545
intraoculares	12
intraoperatoria	308
intraoperatorias	18
intraoperatorio	40
intraoperatorios	58
intraoral	2
intrapaciente	32
intrapancreático	2
intraparto	6
intraperitoneal	21
intraperitoneales	2
intrapleural	5
intraprostática	2
intrapulmonar	2
intraputaminal	3
intrapélvicos	36
intrarosa	32
intrarraquídeo	3
intrarretinianas	2
intrarterial	3
intrarticular	2
intrasinovial	5
intratable	143
intratables	35
intratecal	171
intratecales	2
intratorácico	10
intratorácicos	64
intratubular	2
intratubárica	13
intratumoral	4
intrauricular	2
intrauterina	88
intrauterinas	5
intrauterino	101
intrauterinos	8
intravaginal	9
intravaginales	5
intravasación	7
intravascular	441
intravasculares	10
intravascularmente	3
intravenosa	3462
intravenosaa	3
intravenosamente	12
intravenosas	94
intravenoso	653
intravenosos	139
intraventricular	39
intravesical	50
intravesicales	2
intravítrea	48
intravítreas	18
intravítreo	16
intravítreos	5
intrazolina	6
intraútero	2
intrepid	2
intrinsecamente	3
introducción	1299
introduce	206
introducen	9
introducida	6
introducido	11
introducidos	2
introducir	61
introducirla	3
introducirlo	4
introducirse	26
introducirá	12
introductor	3
introdujo	13
introduzca	13
intrínseca	72
intrínsecamente	34
intrínseco	304
intrínsecos	7
intrínsicamente	3
intrón	3
intubación	120
intubado	3
intubados	7
intuición	2
intuniv	6
intértrigo	5
intérvalo	4
inulina	3
inundaciones	13
inundación	12
inusual	99
inusuales	72
inusualmente	36
inv	34
invadan	3
invaden	12
invadir	5
invadirlo	3
invadían	4
invaginación	13
invalidante	2
invalidantes	2
invalidar	2
invariablemente	2
invasiva	237
invasivas	66
invasive	2
invasividad	3
invasivo	123
invasivos	96
invasión	40
invasora	19
invasoras	21
invasores	2
inventario	22
inventarios	3
inventory	20
invernal	2
inversa	250
inversamente	7
inversión	22
inverso	17
inversos	3
invertida	7
invertido	5
invertir	11
invertirse	4
investiga	10
investigaba	3
investigaciones	100
investigación	198
investigada	23
investigadas	10
investigado	116
investigador	1109
investigadord	2
investigadores	216
investigados	17
investigan	3
investigando	4
investigar	117
investigaron	30
investigarse	18
investigarán	3
investigations	2
investigator	11
investiguen	9
investigándose	3
investigó	176
invictus	15
invidentes	6
invierno	18
invierta	3
invierte	4
invisible	4
invisibles	2
invita	2162
invitó	11
invokana	18
involución	13
involucra	27
involucraban	2
involucrada	22
involucradas	21
involucrado	19
involucrados	29
involucramiento	3
involucran	28
involucrando	10
involucrar	8
involucraron	6
involucre	6
involucren	6
involucró	3
involuntaria	54
involuntariamente	3
involuntarias	33
involuntario	17
involuntarios	41
involutivo	2
inválidos	2
inyeccion	2
inyecciones	734
inyección	5331
inyeccióna	21
inyecciónb	5
inyecciónc	7
inyecciónd	4
inyeccióne	2
inyecciónf	7
inyecciónh	2
inyecciónj	2
inyecta	84
inyectable	557
inyectables	98
inyectada	31
inyectadas	9
inyectado	37
inyectados	10
inyectan	17
inyectando	14
inyectar	251
inyectarla	5
inyectarlo	5
inyectaron	2
inyectarse	105
inyectará	16
inyectarán	5
inyecte	31
inyecten	13
inyector	16
inyectores	3
inyectárselas	2
inyectó	7
inyendo	2
inóculo	3
inótropos	2
inútiles	4
io	4
iobenguano	31
iobitridol	7
iodada	2
iodado	34
iodados	86
iodismo	5
iodixanol	5
iodo	93
ioduro	37
ioflupano	27
iohexol	9
iom	2
iomeprol	12
iomeron	18
ion	44
iones	204
ionil	7
ionizada	3
ionizado	48
ionizados	2
ionizante	115
ionizantes	15
ionograma	15
ionotrópico	2
iop	2
iopamidol	10
iopamiro	15
iopd	19
iopimax	26
iopromida	10
iora	2
iort	27
iota	8
iotalamato	2
ioversol	12
ip	172
ipa	2
iparp	7
ipass	9
ipde	2
ipe	9
ipex	2
ipf	16
ipfp	2
ipi	22
ipilimumab	839
ipp	2
ippbc	21
ipr	2
ipratropio	21
iprex	8
iproniazida	2
ips	54
ipsilateral	20
ipsilaterales	2
ipsos	6
ipss	47
iptacopán	84
iptbc	32
ipth	28
ipv	10
iq	4
iqirvo	3
iqr	12
ir	423
ira	80
irac	9
irb	2
irbersartán	3
irbesartan	12
irbesartán	188
irc	79
ird	10
iressa	9
irg	3
iridectomía	6
iridio	128
iridium	6
iridociclitis	74
iridocorneal	2
iridodiálisis	5
iridosquisis	5
irin	4
irinotecan	29
irinotecán	253
iris	281
iritis	61
irls	8
irm	53
irma	3
irn	3
irns	3
iro	2
irr	17
irra	8
irracional	5
irradia	12
irradiaciones	3
irradiación	68
irradiada	9
irradiados	4
irradiar	3
irradiarse	5
irradie	2
irras	2
irrc	27
irregular	144
irregulares	118
irregularidad	6
irregularidades	28
irregularmente	4
irrelevante	6
irrelevantes	2
irresecable	258
irresecables	10
irresistible	2
irreversible	161
irreversiblemente	8
irreversibles	64
irrigaciones	2
irrigación	194
irrigan	2
irrigar	12
irrigarse	4
irrigará	2
irrita	13
irritabilidad	436
irritable	71
irritables	4
irritaciones	40
irritación	997
irritada	29
irritadas	5
irritados	4
irritan	9
irritante	65
irritantes	55
irritar	6
irritarse	2
irritativa	80
irritativas	7
irritativo	4
irritativos	9
irsa	2
irse	7
irsn	106
irsns	6
irt	28
iruxol	4
irá	25
is	64
isa	144
isatuximab	148
isavuconazol	73
isdn	2
isel	6
isetionato	9
ish	32
ishak	31
ishlt	6
isi	5
islas	20
isleños	3
islotes	42
ism	7
isn	3
isne	4
iso	8
isocarboxazida	2
isocitrato	2
isoefedrina	2
isoeléctrico	2
isoenzima	28
isoenzimas	44
isoeugenol	3
isoflurano	71
isoforma	12
isoformas	11
isofosfamida	2
isoinmunización	73
isoleucina	4
isomalta	7
isomaltasa	135
isomaltosa	5
isomerasa	2
isométrica	10
isonatrémicas	2
isoniacida	13
isoniazida	105
isoniazidemia	2
isoprenalina	19
isopropilaminofenazona	2
isopropílico	15
isoproterenol	2
isopto	3
isoquinolina	2
isosorbida	28
isotipo	5
isotonicidad	4
isotretinoína	46
isotónica	32
isotónicas	7
isotónico	5
isotópica	11
isovalérica	10
isoxazolilpenicilinas	3
isp	10
ispad	2
ispaghula	7
isquemia	512
isquemias	2
isquiocapsular	13
isquion	88
isquiorrectal	2
isquiotibiales	3
isquémica	497
isquémicab	2
isquémicas	38
isquémico	541
isquémicos	101
israel	5
israelii	2
isrn	8
isrs	235
isrsn	2
isrsnas	2
isrss	21
iss	59
ist	2
isth	26
istmo	16
istmocele	2
istr	3
isturisa	16
isuficiencia	2
isófana	8
isómero	22
isómeros	3
isótopo	137
isótopos	8
it	132
italia	7
italiana	2
italiano	4
itc	41
itcc	5
itch	18
itchro	10
itd	48
item	6
itg	5
iti	28
itian	87
itians	56
itiant	7
itin	3
itinan	26
itinerario	2
itinn	123
itinns	5
itk	56
itks	2
itl	3
itm	6
itmm	2
itnf	30
itnfb	2
itoprida	16
itovebi	97
itp	4
itps	30
itq	10
itraconazol	160
itrio	30
itrs	9
its	176
itsm	4
itt	631
itti	5
ittm	34
itu	16
ituc	29
itus	2
itz	5
iu	36
iuc	3
iuno	3
iuo	2
ius	3
iuu	11
iv	1413
iva	342
ivabradina	165
ivacaftor	619
ivado	2
ivalor	3
ivb	11
ivc	4
ivd	30
ivft	12
ivh	13
ivosidenib	56
ivr	2
ivrb	2
ivri	37
ivrs	6
ivs	3
ivus	3
iwcll	21
iwf	2
iwg	20
iwrc	3
iwrs	6
iwwm	2
ix	479
ixa	3
ixazomib	123
ixe	2
ixekizumab	219
ixiaro	73
ixora	5
ixrs	6
izquierda	18067
izquierdas	176
izquierdo	19245
izquierdos	383
ión	28
iónica	5
iónicas	2
iónico	26
iónicos	66
j	132
jabones	37
jabonosa	2
jabón	109
jaccoud	32
jacksonianas	2
jacuzzis	8
jadas	3
jadea	2
jadeando	2
jadeante	4
jadear	3
jadeo	20
jadeos	3
jak	239
jakarta	6
jakavi	130
jake	7
jakg	10
jakob	8
jalea	3
jan	2
janssen	13
janus	31
japan	2
japonesa	33
japoneses	59
japonés	15
japón	46
jaqueca	4
jarabe	46
jarabes	3
jardiance	16
jardinero	2
jardinería	3
jardín	29
jarisch	23
jascayd	8
jaulas	4
javlor	14
jaypirca	36
jc	40
jcovden	73
jcv	2
je	10
jefe	2
jeikeium	4
jejuni	5
jemperli	20
jentadueto	30
jerarquizado	11
jerarquía	21
jeringa	592
jeringas	112
jeringuilla	2
jeryl	2
jerárquica	10
jerárquicamente	3
jerárquicas	16
jerárquico	20
jerárquicos	2
jet	21
jetrea	70
jev	2
jewelfish	3
jewett	2
ji	5
jia	13
jinete	88
jiroveci	43
jirovecii	87
jivi	29
jj	2
jmch	2
jmei	2
jmen	7
jmml	2
jn	37
jofre	13
john	26
johnson	824
johnsona	8
johnsonb	5
johnsonf	2
joint	23
jonhson	2
joroba	6
josamicina	5
joven	53
jovenes	2
joyas	24
joyería	6
jr	2
jrt	2
jsn	13
jt	18
jtps	33
jtst	31
juan	119
juanete	8
juanetes	5
judicial	4
judías	2
judíos	3
juega	59
juegan	22
juego	46
juegos	16
jueves	3
jugando	5
jugar	30
jugo	13
jugos	27
juguete	37
juguetes	10
juicio	89
jul	6
julio	42
juluca	14
jun	15
juncture	3
junii	3
junio	70
junior	37
juniorstar	2
junta	2
juntas	39
junto	1024
juntos	68
juntural	4
jupiter	55
justa	2
justicia	2
justifica	37
justificación	66
justificada	97
justificado	84
justificados	4
justifican	12
justificar	32
justificarse	7
justificaría	2
justification	4
justifique	13
justifiquen	6
justo	123
juve	11
juvenil	532
juveniles	39
juventud	6
juzga	9
juzgada	2
juzgar	6
juzgara	2
juzgue	14
jvalor	2
jyseleca	7
jóvenes	673
k	451
kabi	61
kabipac	5
kadcyla	10
kaftrio	18
kainato	4
kala	3
kaletra	86
kallmann	2
kalm	9
kaloba	2
kalpress	21
kalydeco	6
kanamicina	12
kandoset	13
kanpiduo	3
kansas	14
kansasii	3
kanuma	6
kaplan	1083
kaposi	81
kappa	51
kapruvia	10
karmma	30
karnofsky	28
karpas	3
kaschin	32
katherine	10
kavigale	5
kawasaki	25
kayak	76
kayser	5
kb	3
kbq	10
kcal	26
kccq	44
kcp	2
kd	166
kda	28
kdd	43
kdr	3
kearns	6
kegel	3
kelch	2
kell	7
kelley	2
kemadren	15
kengrexal	13
kenia	2
kennedy	5
keratoacantoma	2
kerendia	11
kern	19
kernicterus	13
kernícterus	2
kesimpta	4
kestrel	13
ketaconazol	3
ketamina	59
ketazolam	9
keto	8
ketoconazol	120
ketolar	11
ketoprofeno	17
ketorolaco	41
ketotifeno	3
kettering	7
kev	2
kevzara	8
kexina	3
keynote	275
keytruda	128
kft	2
kg	9490
kga	2
kgc	2
kgs	3
ki	41
kidney	11
kids	17
kidshealth	2
kienb	5
killer	13
kilo	5
kilodalton	3
kilogramo	24
kilogramos	13
kilos	4
kimmtrak	44
kinasa	31
kinasas	2
kinase	4
kineret	166
kingae	2
kingella	2
kinina	2
kirsten	2
kisqali	177
kit	170
kite	15
kits	57
kivexa	5
kks	2
klean	6
klebsiella	138
klh	2
klinefelter	28
klisyri	4
km	42
kndy	2
knodell	31
koch	3
kocuria	6
kodiac	44
koh	5
komboglyze	13
komet	5
konakion	24
kong	2
korjuny	31
korsakoff	5
koselugo	26
koseri	17
kounis	99
koyanagi	23
kp	15
kpa	15
kpc	14
kps	27
kr	2
kras	121
krd	18
krebs	6
kreon	10
kristinae	3
krk	3
krka	23
kroiss	2
kronos	12
krusei	17
ks	12
kua	6
kunitz	2
kussmaul	2
kwashiorkor	4
kwikpen	15
kymriah	140
kyntheum	9
kyprolis	166
kyprolisa	2
kytril	11
l	5202
la	335808
laam	2
lab	7
laba	53
labas	10
label	3
laberintitis	15
laberinto	517
laberíntica	14
labetalol	8
labiadas	2
labial	84
labiales	10
labilidad	50
labio	358
labios	253
labor	7
laboral	63
laborales	16
laboratorio	1799
laboratorios	90
laboratory	3
labores	7
labrum	13
laca	7
lacer	10
laceraciones	6
laceración	89
lacerada	3
lacg	54
lacgs	29
lacidipino	16
lacipil	2
lacosamida	99
lacrimación	4
lacrimal	130
lacrimales	21
lacrimógeno	35
lacryvisc	6
lactación	19
lactada	25
lactamasa	18
lactamasas	78
lactancia	536
lactante	40
lactantes	752
lactasa	496
lactato	336
lactatodeshidrogenasa	11
lactatos	2
lactest	14
lactitol	7
lacto	2
lactobacillus	23
lactobacilos	11
lactogluconato	4
lactona	3
lactosa	699
lactulosa	14
lactámico	32
lactámicos	78
lacunar	16
lacunares	2
lacunata	5
lada	10
ladilla	11
ladillas	10
lado	3558
lados	92
lafora	7
lag	26
lagarto	16
lagartos	18
lagoftalmos	45
lagos	8
lagrimación	3
lagrimal	418
lagrimales	13
lagrimeo	202
laguna	2
lagunar	2
lagunas	2
laherparepvec	16
lai	4
laird	4
lal	55
lam	20
lama	28
lambda	17
lambdoidea	4
lambert	14
lambliasis	4
lamelar	6
lamiaceae	3
lamictal	23
lamiduvina	2
laminar	2
lamisil	6
lamivudina	789
lamiáceas	2
lamotrigina	194
lampit	7
lamy	2
lamzede	6
lan	20
lanadelumab	44
lanatus	2
lanceolata	10
lancet	4
lanceta	8
landiolol	65
langerhans	8
langosta	5
languidez	2
lanirapid	2
lanolina	15
lanosterol	12
lanreotida	31
lansky	10
lansoprazol	25
lantano	35
lantanon	19
lantus	36
lanvis	15
lanzada	5
lanzado	12
lanzallamas	18
lanzamiento	18
lap	2
laparoscopia	16
laparoscopio	6
laparoscopía	19
laparoscópica	7
laparoscópico	2
laparoscópicos	4
laparotomía	5
lapatinib	163
laplace	3
laponia	75
lapp	103
laproteína	2
lapso	5
lar	27
lares	3
larga	669
largactil	6
largas	42
largo	3650
largos	180
laringe	452
laringismo	2
laringitis	35
laringo	2
laringoespasmo	43
laringofaringitis	2
laringofaríngeas	2
laringofaríngeo	2
laringospasmo	2
laringospasmos	2
laringotraqueítis	3
laron	3
laronidasa	7
laropiprant	2
larotrectinib	17
larval	2
larvas	2
laríngea	17
laríngeas	5
laríngeo	105
laríngeos	4
las	72268
lasa	3
lasea	13
lasemana	2
lasepsis	2
lasik	3
lasitud	5
lasmiditán	44
laspacientes	2
lassa	3
lassar	3
last	4
lastima	13
lastimar	6
lastimarse	14
lastimó	2
lat	2
lata	16
latanoprost	138
late	39
laten	2
latencia	44
latente	238
latentes	101
lateral	753
laterales	12
lateralidad	9
lateralización	2
lateralmente	8
latex	2
latido	32
latidos	247
latiendo	6
latigazo	3
latina	25
latinas	7
latino	16
latinoamericana	6
latinoamérica	8
latinos	69
latir	16
lauc	3
laudanosina	8
laura	21
lauril	10
laurilsulfato	9
lauromacrogol	6
lava	6
lavadas	3
lavado	211
lavados	9
lavanda	4
lavando	6
lavar	136
lavarla	6
lavarlo	2
lavarlos	5
lavarse	113
lavará	5
lave	20
laven	9
lavándose	3
lawrence	2
laxa	2
laxante	175
laxantes	355
lazcluze	53
lazertinib	30
lb	14
lba	4
lbag	16
lbcg	33
lbcgh	2
lbd	2
lbdcg	222
lbl	8
lbpm	19
lbr	27
lc	69
lca	2
lcbag	4
lcbg	2
lcct	58
lci	4
lcl	2
lcm	151
lcp	3
lcpcg	6
lcq	11
lcr	132
lcs	2
lcsw	5
lct	17
lctp	8
ld	65
lda	2
ldc	3
ldcbg	3
lddex	2
ldh	320
ldi	6
ldl	1169
ldla	3
ldm	19
ldv	45
le	2296
lea	53
leader	13
league	6
lean	5
least	13
leb	10
leber	10
lebersal	3
lebrikizumab	73
lec	19
lecanemab	97
leche	227
lecho	41
lechos	11
lecitina	27
lecs	23
lectina	3
lector	12
lectores	54
lectura	95
lecturas	31
led	3
ledaga	32
lederfolin	2
ledipasvir	130
lee	35
leeds	5
leer	57
leerse	2
leerá	3
lefamulina	3
lefluartil	8
leflunomida	112
lefort	22
legal	418
legales	9
legg	7
legionario	40
legionarios	2
legionela	2
legionella	69
legionelosis	8
legión	2
legrado	14
legrados	3
legumbres	8
lehmann	10
lei	7
leicester	4
leiden	16
leiomioma	26
leiomiomas	2
leiomiosarcoma	11
leishmania	2
leishmaniasis	29
leishmanicidas	2
leishmaniosis	2
lejana	5
lejano	2
lejos	31
lejía	6
lemtrada	123
len	13
lenacapavir	36
lenalidomida	838
lenalidomidaa	2
lengua	592
lenguaje	154
lengüeta	8
lennox	48
lenograstim	16
lenta	284
lentamente	331
lentas	25
lente	46
lentejas	5
lentes	319
lenticular	7
lenticulares	3
lentigo	6
lentilla	2
lentillas	2
lentitud	15
lentiviral	5
lento	141
lentos	123
lenvatinib	329
lenvima	12
leo	3
lepirudina	2
leponex	91
lepori	8
leporino	26
lepr	29
lepra	15
leprae	4
lepromatosa	2
leptina	13
leptomeníngea	8
leptomeníngeas	20
leptospira	3
leptospirosis	11
leqembi	2
leqvio	2
lercanidipino	54
lercapress	19
les	1350
lesch	18
lescol	11
lesinurad	2
lesion	4
lesiona	12
lesionada	1461
lesionado	5058
lesionados	14
lesional	22
lesionamos	2
lesionan	7
lesionar	10
lesionarse	5
lesione	2
lesiones	2439
lesionárselos	3
lesión	3109
letal	42
letales	34
letalidad	4
letargia	133
letargo	140
letermovir	136
letra	4
letras	151
letrozol	98
letterer	2
leucaferesis	7
leucaféresis	91
leucemia	1144
leucemias	44
leucemogénico	2
leucemogénicos	2
leucemoide	2
leucemógeno	3
leucil	2
leuco	2
leucoaféresis	2
leucocitaféresis	15
leucocitaria	69
leucocitarias	4
leucocitario	69
leucocitarios	12
leucocitoclástica	22
leucocitopenia	23
leucocitos	496
leucocitosis	128
leucocituria	6
leucocoria	5
leucocítica	3
leucodepleción	6
leucoderma	3
leucodermia	3
leucodistrofia	11
leucodistrofias	16
leucoencefalo	3
leucoencefalopatia	3
leucoencefalopatía	192
leucoencelopatía	2
leucoféresis	5
leucoma	5
leucomalacia	2
leuconostoc	2
leucopenia	945
leucopeniaa	11
leucopeniab	9
leucopeniac	2
leucopeniad	6
leucopeniae	4
leucopeniah	2
leucopenias	5
leucoplasia	9
leucorrea	4
leucorreducción	2
leucostasis	4
leucotrienos	56
leucovorin	8
leucovorina	39
leucémica	6
leucémicas	35
leucémicos	15
leukaemia	2
leuprorelina	65
leustatin	27
levact	3
levadura	12
levaduras	53
levanta	4
levantada	5
levantado	2
levantando	2
levantar	23
levantarlos	3
levantarse	34
levante	8
leve	3620
levea	4
level	9
levels	4
levemente	43
levemir	88
leves	1050
levetiracetam	138
levine	6
levo	3
levobupivacaina	10
levobupivacaína	29
levocabastina	3
levocarnitina	6
levocetirizina	41
levodopa	539
levodropropizina	14
levofloxacina	2
levofloxacino	87
levofolinato	60
levofolínico	5
levoleucovorina	2
levomentol	5
levomepromazina	8
levometadilo	2
levometadona	37
levonorgestrel	68
levorfanol	10
levosimendán	40
levosulpirida	12
levotiroxina	30
levulínico	7
levuricida	2
levántese	4
lewy	49
lexatin	16
ley	103
leydig	3
leyenda	15
leyendo	36
leyes	3
leñosa	5
león	16
lf	224
lfa	2
lfb	3
lfs	2
lft	7
lgsil	3
lgx	9
lh	176
lhc	55
lhermitte	3
lhermittes	2
lhh	92
lhif	4
lhrh	105
li	60
liasa	8
libera	107
liberacion	8
liberación	3414
liberada	47
liberadas	10
liberado	24
liberador	1023
liberadora	62
liberadoras	4
liberadores	4
liberados	8
liberan	64
liberando	15
liberar	47
liberarse	10
liberará	12
liberarán	7
liberaría	2
libere	18
liberen	7
libertad	2
liberándolo	2
libido	253
libmeldy	80
library	2
libras	19
libre	1796
libremente	3
libres	225
libreto	3
libretto	89
libro	7
libros	13
libtayo	44
lic	66
licencia	13
licenciado	3
licencias	12
licor	31
licores	4
licostrata	2
licsw	5
licuarse	2
licuefacción	4
lid	3
lidad	4
lidaltrin	40
lidc	39
lidiando	2
lidiar	38
lido	3
lidocaína	119
liendre	2
liendres	13
life	48
lifeline	5
lifileucel	2
lifoma	4
lift	3
liga	10
ligada	51
ligadas	10
ligado	45
ligados	14
ligadura	19
ligamento	2193
ligamentos	108
ligamentosas	2
ligando	66
ligandos	45
ligasa	5
ligera	147
ligeramente	324
ligeras	89
ligero	215
ligeros	26
light	2
lignanos	6
lignocaina	2
liic	6
like	8
likert	7
lima	3
limarse	2
limb	3
limbares	8
limbo	18
limfopenia	3
limfático	2
limifen	49
limit	7
limita	102
limitaba	8
limitaciones	155
limitación	54
limitada	791
limitadas	70
limitado	297
limitados	916
limitan	37
limitando	12
limitante	79
limitantes	23
limitar	207
limitarles	2
limitaron	21
limitarse	63
limitará	3
limitarán	2
limitations	4
limite	33
limiten	12
limitándose	3
limitó	15
limmitless	7
limonene	2
limoneno	20
limován	15
limpia	116
limpiado	3
limpiador	11
limpiadora	43
limpiadores	15
limpian	11
limpiando	4
limpiar	91
limpiarlas	2
limpiarse	32
limpiará	13
limpiarán	2
limpias	20
limpie	64
limpieza	75
limpiezas	5
limpio	69
limpios	10
limpiándolo	2
limítrofe	3
limón	8
lin	133
linaclotida	26
linagliptina	344
linaje	31
linajes	10
linalol	16
linalool	3
linaza	3
linco	2
lincocin	4
lincolnensis	2
lincomicina	44
lincomicinas	2
lincosamidas	7
lindau	15
line	2
linea	13
lineal	73
lineales	2
linealmente	3
linear	2
lineas	4
linezolid	115
linezolida	5
linfa	9
linfadenectomía	6
linfadenitis	29
linfadenopatía	170
linfadenopatíaa	9
linfadenopatías	5
linfangioadenografía	3
linfangioleiomiomatosis	5
linfangioma	2
linfangitis	49
linfatico	2
linfedema	27
linfoadenitis	2
linfoadenopatía	18
linfoblastoides	20
linfoblastos	30
linfoblástica	89
linfoblásticas	5
linfoblástico	20
linfoblásticos	2
linfocele	7
linfocinas	6
linfocitaria	3
linfocitario	15
linfocitarios	25
linfocito	19
linfocitopenia	19
linfocitos	1197
linfocitosis	33
linfocitotóxicas	2
linfocitoxicidad	2
linfocutánea	4
linfocítica	169
linfocíticas	2
linfocítico	26
linfodeplecion	15
linfodepleción	56
linfoedema	14
linfogammagrafía	17
linfografía	6
linfogranuloma	4
linfohistiocitosis	85
linfoide	45
linfoides	23
linfoma	1328
linfomas	155
linfomatoide	3
linfopenia	362
linfopeniaa	7
linfopeniab	11
linfopeniac	4
linfopeniaf	3
linfoplasmocítico	2
linfopoyetina	2
linfoproliferativa	11
linfoproliferativas	5
linfoproliferativo	12
linfoproliferativos	39
linfoquinas	6
linfostasis	2
linfotoxina	4
linfotrópico	3
linfática	43
linfáticas	12
linfático	2710
linfáticob	2
linfáticos	843
lingual	27
linguales	3
lingüísticas	6
linitul	6
linker	3
lino	2
linoleico	3
linolénico	8
linomed	7
linterna	2
linvoseltamab	12
linzagolix	55
liofilizada	17
liofilizadas	2
liofilizado	29
liomiosarcoma	3
lioresal	27
liotironina	2
lipasa	376
lipasab	5
lipasas	8
lipegfilgrastim	46
lipertance	53
lipid	15
lipidemias	3
liplat	5
lipoatrofia	37
lipocomb	28
lipocortina	21
lipocortinas	2
lipodistrofia	135
lipodistróficos	2
lipofibromatosis	2
lipofilia	2
lipofundina	16
lipofuscinosis	3
lipofílica	2
lipofílico	2
lipogénesis	5
lipohipertrofia	17
lipoide	2
lipoidea	6
lipolisis	7
lipolítica	2
lipoma	3
lipomatosa	20
lipomatosis	7
lipooxigenasa	14
lipoplus	21
lipopolisacárido	3
lipopolisacáridos	2
lipoproteicas	2
lipoprotein	4
lipoproteinas	2
lipoproteína	111
lipoproteínas	307
lipoproteínica	2
lipoproteínico	2
lipoprotéicas	2
lipopéptido	3
liposarcoma	18
liposoluble	6
liposolubles	28
liposoma	2
liposomal	108
liposomales	13
liposomas	10
lipotimia	3
lipotrópicos	2
lipídica	37
lipídicas	41
lipídico	92
lipídicos	156
lipófilo	2
lipólisis	10
liq	50
liquen	65
liquenaq	2
liquenificación	6
liquenización	2
liquenoide	46
liquenoides	11
liquid	5
liquidos	6
liquifaciens	3
liraglutida	216
lis	7
lisa	65
lisas	13
lisdexanfetamina	74
lisergida	18
lisina	50
lisinopril	55
lisis	334
lismo	2
liso	217
lisocabtagene	2
lisocabtagén	3
lisos	11
lisosoma	5
lisosomal	25
lisosomales	8
lisosomas	25
lisosómica	10
lisosómicas	4
lisozima	9
lispro	53
lista	370
listadas	50
listado	84
listados	32
listan	72
listas	14
listeria	32
listeriosis	23
listo	22
listos	21
lisurida	6
lisérgico	2
lite	4
litemia	4
litemias	2
literatura	131
litespark	11
litfulo	4
litiasis	34
litio	204
litiásica	2
litro	69
litros	53
livazo	35
livedo	6
liver	12
lives	3
livianas	2
living	4
livmarli	23
livtencity	40
lixiana	16
lixisenatida	135
lizipaina	4
lkm	5
ll	19
lla	444
llaga	20
llagas	98
llama	274
llamada	429
llamadas	101
llamado	373
llamados	145
llaman	50
llamar	44
llamarse	22
llamas	99
llame	78
llanto	53
llave	14
llaves	4
llb	6
llc	259
llcp	5
llega	41
llegada	9
llegado	9
llegan	17
llegando	15
llegar	205
llegara	4
llegaron	11
llegarse	12
llegará	4
llegue	27
lleguen	4
llegó	7
llena	41
llenado	77
llenan	5
llenar	13
llenas	5
llene	3
llenen	2
lleno	27
llenos	9
llenura	9
lleva	153
llevaba	3
llevaban	10
llevada	11
llevado	215
llevados	54
llevan	102
llevando	15
llevar	530
llevaran	2
llevarla	6
llevarlas	3
llevarlo	7
llevarlos	2
llevaron	174
llevarse	61
llevará	6
llevasen	10
lleve	65
lleven	32
llevo	2
llevó	263
llhif	2
lln	18
lloq	115
llorar	6
llorosa	2
llorosos	7
llp	21
llt	3
lluvia	3
lluvias	5
llénelo	2
llévela	2
llévelos	2
lm	31
lma	398
lmb	32
lmbd	5
lmc	533
lmft	5
lmk	12
lmmc	6
lmmi	2
lmmj	6
lmp	452
lnb	2
lng	5
lnh	55
lnha	3
lnhi	31
lnla	2
lns	17
lnyecclón	3
lo	10703
loargys	26
lobar	4
lobular	8
lobulillos	2
local	1265
locales	1019
localiza	18
localizaciones	930
localización	1270
localizada	125
localizadas	118
localizado	191
localizados	73
localizan	13
localizar	16
localizarlos	3
localizaron	2
localizarse	5
localizándose	2
localizó	5
localmente	592
locetar	5
locf	103
locfa	9
lociones	17
loción	11
loco	10
locomoción	9
locomotor	6
locomotora	2
locorregional	27
locorregionales	4
locus	10
lod	6
lodac	2
lodo	2
log	240
logaritmo	36
logaritmos	10
logarítmica	49
logarítmicamente	27
logarítmico	237
logarítmicod	2
logarítmicos	57
logimax	22
logmar	4
logopeda	2
logorrea	3
logra	47
lograba	10
lograban	5
lograda	11
logradas	5
logrado	70
logrados	4
logran	51
logrando	4
logrank	4
lograr	215
lograrla	3
lograrlo	7
lograron	370
lograrse	5
logre	18
logren	12
logro	19
logros	7
logró	144
logística	63
logísticos	3
loh	7
lohhigh	4
lohlow	2
lojuxta	24
lokelma	83
lolium	2
lomexin	6
lomitapida	92
lomper	9
loncastuximab	13
londres	2
long	11
longitud	119
longitudes	2
longitudinal	157
loniten	17
lonoctocog	2
lonquex	13
lonsurf	92
lopd	16
loperamida	62
lopid	3
lopinavir	170
loprazolam	2
lopresor	24
loqtorzi	13
loquiómetra	2
loramet	3
loratadina	11
lorazepam	10
lordosis	18
lorlatinib	105
lormetazepam	16
lornoxicam	34
loro	16
lorviqua	6
los	149996
losartan	4
losartán	138
losec	28
losferron	3
loss	13
lote	413
lotes	6
lotis	4
lovastatina	70
lovotibeglogene	2
lower	4
lowering	13
lown	6
lowry	2
loxapina	12
lp	94
lpa	53
lpart	2
lpc	2
lpl	11
lpm	125
lpp	2
lps	4
lpv	14
lra	6
lri	7
lrm	7
ls	192
lsc	26
lscd	2
lsd	25
lsil	2
lsm	13
lsmeans	2
lsn	1837
lsna	7
lsnb	5
lsnc	36
lsnd	4
lsnf	2
lsni	11
lsp	8
lsr	8
lt	10
lta	5
ltd	4
lte	18
ltn	7
lu	2
lubricación	2
lubricado	8
lubricante	17
lubricantes	10
lubrificante	6
lubristesic	4
luce	6
lucent	34
lucentis	63
lucerne	14
luces	29
lucha	22
luchan	3
luchando	2
luchar	5
lucir	2
lucro	4
ludiomil	26
ludopatía	31
luego	721
luer	2
lugano	33
lugar	7154
lugares	218
lugdunensis	3
lugol	3
lum	7
lumacaftor	111
lumasirán	47
lumbago	15
lumbalgia	25
lumbalgias	6
lumbar	1479
lumbarc	2
lumbares	25
lumbosacra	253
lumbosacro	142
lumefantrina	13
lumen	20
lumiagregometría	2
luminal	9
luminosa	7
luminosidad	6
luminoso	2
luminosos	13
lumipulse	3
lumpectomía	2
lumykras	40
lumínica	4
luna	13
lunar	18
lunares	40
lunatum	49
lund	8
lunes	16
lung	54
lunsumio	74
lupa	5
lupkynis	16
lupus	555
lurasidona	109
lurbinectedina	5
luspatercept	96
lusu	2
lusutrombopag	53
lutathera	108
lutecio	58
luteinización	13
luteinizante	80
luteinizantes	2
lutenca	13
luteneizante	2
luteotropa	3
luteínica	4
lutropina	13
luveris	24
lux	52
luxaciones	5
luxación	1396
luxturna	12
luz	674
lv	16
lvd	4
lvdr	12
lvef	8
lvl	3
ly	20
lyell	60
lyfnua	24
lym	12
lyme	112
lymphoma	4
lymphome	3
lymphoseek	17
lyn	4
lynch	6
lynn	2
lynozyfic	56
lynparza	106
lyric	3
lysakare	32
lyso	15
lysodren	8
lytgobi	10
lyvdelzi	2
lyxumia	41
lzm	18
lábil	33
lábiles	7
láctea	6
lácteos	76
láctica	310
lácticas	2
láctico	34
lácticos	2
lágrima	4
lágrimas	52
lámina	22
lámpara	37
lámparas	28
lápiz	6
láser	495
láseres	7
látex	149
lávese	48
léntigo	4
léticos	13
líbido	63
límbica	2
límbicas	2
límbico	8
límite	1302
límites	196
límpida	5
límpielos	4
límpiese	3
línea	1302
líneas	491
língula	170
lípido	12
lípidoesterólico	2
lípidos	566
líquen	2
líquida	103
líquidas	28
líquido	1351
líquidos	890
lítica	2
lóbulo	1091
lóbulos	13
lógica	2
lúdico	6
lúpica	66
lúpico	11
lúpulo	5
lútea	10
lúteo	14
m	1285
ma	15
maastricht	3
mab	10
mabo	8
mabthera	411
mac	40
macdonald	2
mace	253
maceración	21
macetas	2
macginleyi	5
machacar	28
machacarse	5
machos	3
macimorelina	46
macitentan	51
macitentán	47
mackay	7
macro	5
macroadenoma	3
macroadenomas	4
macroagregados	4
macroalbuminuria	20
macrocarpon	2
macrocefalia	2
macrocitosis	13
macrocíclico	8
macrocítica	12
macroftalmía	2
macrofágica	17
macrofágicas	11
macroglobulina	4
macroglobulinemia	26
macrogol	30
macrogoles	5
macrogolglicerol	14
macrohematuria	4
macrominerales	2
macromolecular	2
macromoleculares	3
macronutrientes	3
macroprolactinoma	3
macroprolactinomas	2
macroproteinuria	5
macroproteinúrica	2
macroquistes	4
macrosalb	5
macroscópica	39
macroscópicamente	3
macrosomía	2
macrovascular	30
macrovasculares	6
macrovasculatura	3
macrófagos	109
macrólido	4
macrólidos	118
macular	694
maculares	10
maculo	25
maculopapular	244
maculopapulares	30
maculopapulosa	7
maculopapuloso	15
maculopatía	24
maculopaular	3
maculosa	11
maculoso	3
maculovesicular	3
madarosis	19
madcam	4
madera	6
madopar	20
madre	567
madres	95
madrs	54
madura	24
maduración	106
maduran	6
maduras	55
madurella	2
madurez	110
maduro	4
maduros	37
maestro	20
maestros	8
maestría	16
mafodotina	23
mag	2
magaldrato	11
magellan	9
magi	7
magión	2
magna	6
magnesemia	6
magnesio	461
magnetismm	5
magnitud	171
magnitude	24
magnogene	2
magnolia	2
magnésico	7
magnética	724
magnéticas	18
magnético	144
magnéticos	3
magra	11
magras	12
magro	3
magullada	2
magulladura	2
maicena	2
maisonneuve	103
majestec	8
major	5
mal	440
mala	127
malaabsorción	3
malabsorción	280
malabsorption	2
malar	23
malaria	162
malariae	8
malarone	23
malas	15
malasia	4
malassezia	17
malato	3
malawi	2
maleato	87
maleolar	6
malestar	961
maletero	17
malezas	4
malformaciones	306
malformación	209
malformativos	11
maligna	1113
malignas	812
malignidad	47
malignidades	2
maligno	421
malignos	248
malin	3
malla	34
malnutrición	70
malnutridos	4
malo	90
maloclusión	7
malolientes	5
malos	39
malposición	4
malri	15
malt	3
maltitol	13
maltodextrina	7
maltol	2
maltophilia	24
maltosa	6
maltrato	143
maléolo	219
mama	3310
mamab	4
mamaria	528
mamarias	15
mamario	109
mamarios	23
mamas	141
mamogammagrafía	4
mamografía	74
mamografías	18
mamográfica	23
mamográficas	6
mamográfico	2
mamá	4
mamás	3
mamífera	6
mamífero	18
mamíferos	58
mancha	19
manchada	7
manchado	90
manchados	11
manchar	8
manchas	119
manchester	3
mandados	2
mandará	3
mande	5
mandibular	43
mandélico	4
mandíbula	617
mandíbulas	2
manecillas	2
maneja	6
manejable	7
manejables	14
manejada	3
manejadas	4
manejados	10
manejamos	3
manejan	11
manejando	6
manejar	172
manejarlos	4
manejaron	4
manejarse	11
manejará	4
manejarán	2
maneje	2
manejen	9
manejo	656
manejó	9
manera	1363
maneras	102
manerix	8
manga	13
manganeso	25
mangas	5
mango	2
manguera	9
manguito	130
mania	5
maniaca	5
maniacas	4
maniaco	5
maniacodepresivos	2
maniacos	9
manidipino	24
manifestaba	2
manifestaciones	593
manifestación	89
manifestada	34
manifestadas	6
manifestado	34
manifestados	2
manifestar	48
manifestaran	2
manifestaron	38
manifestarse	119
manifestará	13
manifestándose	8
manifestó	17
manifiesta	232
manifiestamente	2
manifiestan	69
manifiestas	5
manifieste	18
manifiesten	15
manifiesto	88
manifiestos	8
manijas	3
maniobra	33
maniobras	12
manipula	4
manipulaciones	16
manipulación	245
manipulado	11
manipular	85
manipularse	3
manipule	2
manipulen	9
manitol	59
mann	12
manning	2
mano	7030
manometría	3
manos	547
manosa	22
manosidasa	4
manosidosis	8
manteca	3
mantel	189
mantendrá	26
mantendrán	4
mantendrían	3
mantener	1210
mantenerla	8
mantenerlas	3
mantenerle	2
mantenerlo	15
mantenerlos	16
mantenernos	2
mantenerse	314
mantenga	111
mantengan	32
mantenida	130
mantenidas	17
mantenido	74
mantenidos	13
manteniendo	77
mantenimiento	2539
manteniéndolo	3
manteniéndose	27
mantenía	30
mantenían	21
mantequilla	6
mantiene	355
mantienen	122
manto	98
mantoux	11
mantuviera	3
mantuvieran	4
mantuvieron	619
mantuvo	666
manténgala	3
manténgase	16
manual	72
manuales	7
manualidades	4
manualmente	15
manubrio	16
manus	2
manuum	7
manzana	38
manzanas	2
maní	16
manía	176
maníaca	16
maníacas	7
maníaco	61
maníacos	88
mao	109
map	4
mapa	3
mapache	15
mapaches	2
mapeo	40
mapk	8
maprotilina	13
maquillaje	7
maquinaria	116
maquinarias	6
mar	102
maraleucel	5
maralixibat	57
marasmo	2
maratón	3
maraviroc	119
maraña	6
marboxil	61
marburg	4
marca	67
marcada	150
marcadamente	13
marcadas	57
marcado	210
marcador	182
marcadores	268
marcados	89
marcaje	105
marcan	2
marcapaso	2
marcapasos	193
marcar	21
marcarse	8
marcas	34
marcescens	35
marcha	275
marco	59
mareadas	2
mareado	21
maremoto	16
mareo	1179
mareoa	2
mareob	2
mareod	6
mareof	2
mareos	925
marfan	21
margarina	6
margarinas	2
margen	199
marginación	6
marginado	3
marginal	36
marginales	7
marginalmente	3
mariano	2
marianum	2
maribavir	40
marido	3
marie	8
marihuana	11
marina	32
marinas	84
marino	37
marinos	31
mariposa	24
marisco	33
mariscos	66
maritales	2
marketing	12
markov	2
marm	6
marms	5
marnetegragene	2
maroteaux	2
marque	7
marrones	13
marrow	3
marrón	104
mars	3
marstacimab	64
martes	2
martillo	23
marval	3
marzo	83
marítima	17
mas	102
masa	583
masaje	50
masajear	4
masajee	2
masajes	8
masas	46
masc	2
mascan	3
mascar	29
mascarilla	65
mascarillas	2
mascota	8
mascotas	29
masculina	185
masculinas	31
masculino	324
masculinos	154
mases	3
mash	8
masiva	66
masivas	4
masivos	5
masld	15
masque	2
mastalgia	10
mastectomía	22
mastica	4
masticable	8
masticables	21
masticación	5
masticado	2
masticados	9
mastican	2
masticar	213
masticarlas	7
masticarlo	6
masticarlos	13
masticarse	48
mastiol	6
mastique	4
mastiquen	2
mastitis	21
mastocitaria	3
mastocitis	2
mastocitoma	2
mastocitos	43
mastocitosis	54
mastocítica	4
mastodinia	5
mastodinias	2
mastoidectomía	6
mastoideo	129
mastoides	53
mastoiditis	35
mastopatía	7
mastopatías	2
mat	170
mata	8
matan	13
matando	3
matar	27
mataron	2
mate	2
matemática	3
matemáticas	2
matemáticos	2
materia	31
material	404
materiales	127
materias	2
materna	1099
maternal	3
maternas	36
maternidad	4
materno	38
maternofilial	4
maternos	8
matinal	11
matinee	4
matorrales	3
matricaria	2
matrices	6
matricial	2
matrimonial	6
matrix	3
matriz	88
mats	10
matterhorn	7
matutina	29
matutinas	8
matutino	10
matutinos	5
mató	2
mauclaire	4
mavacamten	68
mavc	83
maves	2
mavesh	2
maviret	98
max	23
maxalt	22
maxigesic	2
maxilar	405
maxilares	11
maxilofacial	3
maxima	6
maximice	2
maximise	2
maximiza	2
maximizar	12
maximo	2
maxitrol	2
may	4
mayo	165
mayor	8861
mayorc	3
mayores	3633
mayoresa	2
mayorespara	2
mayoria	11
mayoritaria	6
mayoritariamente	76
mayoritarias	5
mayoritario	8
mayoritarios	2
mayormente	14
mayoría	3971
mayzent	3
maíz	19
mañana	458
mañanas	9
mb	22
mbc	4
mbg	7
mbocf	4
mbq	235
mbrp	40
mc	710
mca	4
mcbo	4
mcc	6
mccune	6
mcdonald	9
mcf	3
mcg	120
mch	13
mcho	15
mci	31
mcid	4
mcl	29
mcm	4
mcmaster	2
mcmc	5
mcmmaf	3
mcneg	5
mcnemar	2
mcombri	4
mcombriax	17
mcp	5
mcrc	7
mcs	31
mct	17
mcui	6
mcyr	13
md	7
mda	14
mdck	3
mdi	41
mdma	6
mdp	2
mdr	7
mdrd	23
mdrh	7
mdri	6
mds	21
mdt	2
me	13
mean	4
means	2
meas	2
measure	39
measurement	2
measures	6
meatal	4
meato	9
mebendazol	8
mebmt	2
mec	20
meca	2
mecanismo	2340
mecanismos	402
mecasermina	18
mecia	2
mecilinam	15
meckel	8
meclozina	9
mecobalamina	7
meconial	4
meconio	5
mecánica	605
mecánicamente	6
mecánicas	40
mecánico	439
mecánicos	16
med	4
medac	2
medazepam	3
meddra	1240
medebiotin	3
medi	2
media	6754
mediaa	13
mediación	14
mediada	267
mediadas	118
mediado	73
mediador	21
mediadores	95
mediados	45
medial	628
mediales	3
medialmente	4
medialuna	3
median	18
mediana	7641
medianaa	31
medianab	3
medianac	4
medianae	2
medianaf	3
medianas	67
mediano	135
medianoche	13
medianos	4
mediante	4159
medias	494
mediastinales	2
mediastinicos	5
mediastinitis	2
mediastino	190
mediastínica	18
mediastínicas	2
mediastínico	24
mediastínicos	1253
medible	135
mediblea	2
medibles	38
medica	12
medicacion	5
medicaciones	57
medicación	966
medicadas	2
medicados	2
medicaid	6
medical	11
medicamen	4
medicamente	7
medicamento	14684
medicamentoen	3
medicamentos	9923
medicamentosa	220
medicamentosas	107
medicamentoso	43
medicamentosos	9
medicar	8
medicare	8
medicina	585
medicinal	33
medicinales	71
medicinas	325
medicine	7
mediciones	229
medición	593
medico	13
medida	1056
medidas	1520
medido	184
medidor	16
medidores	4
medidos	107
medikarb	6
medio	4295
medioambiental	27
medioambientales	6
medioambiente	2
medioc	5
mediocarpiana	25
mediocervical	115
mediodía	16
mediopie	28
mediopié	8
medios	718
medir	409
medirlos	4
medirse	89
medirá	20
medirán	3
meditación	16
meditar	4
mediterránea	25
mediterráneo	2
mediástinicos	2
medley	7
medocarilo	3
medoxomilo	138
medra	28
medroxiprogesterona	48
medula	15
medular	311
medulares	26
meduloblastoma	13
medusas	21
medy	8
mefenámico	26
mefisto	2
mefloquina	6
megacarioblástica	4
megacariocitopoyesis	2
megacariocitos	7
megacolon	54
megaloblástica	58
megaloblásticas	14
megaloblástico	3
megalotect	7
megamilbedoce	3
megaterium	5
megauréter	2
mege	2
megestrol	15
meglitinidas	4
meglumina	46
meglumínicas	2
meibomio	14
meibomitis	4
meier	1083
meiji	6
mein	2
meiosis	2
meiótica	5
mejilla	158
mejillas	26
mejor	1162
mejora	1449
mejorab	2
mejoraba	4
mejorada	20
mejoradas	5
mejorado	99
mejorados	6
mejoran	143
mejorando	57
mejorar	857
mejorarla	3
mejoraron	105
mejorarse	6
mejorará	4
mejorarán	2
mejoras	367
mejorasen	2
mejore	67
mejoren	54
mejores	86
mejoria	9
mejoro	2
mejoría	1644
mejoríaa	2
mejorías	303
mejoró	216
mek	43
mektovi	3
melancolía	6
melanina	26
melanocitos	18
melanocortina	5
melanocítico	39
melanoma	903
melanomas	13
melanosis	3
melanosomas	3
melas	19
melasma	2
melatonina	68
meld	30
melena	73
melenas	60
melfalan	4
melfalán	185
melioidosis	8
melissa	3
melitraceno	5
melitus	2
mellifera	39
mellitus	2207
mellizos	2
melody	16
meloxicam	29
melífera	2
memantina	78
membrana	820
membranas	383
membrane	2
membranoproliferativa	12
membranosa	46
memoria	340
memorial	7
memoriza	2
memorizar	3
memory	3
men	6
menacwy	78
menaderm	22
menalcol	5
menarquia	15
menb	2
menc	24
menciona	6
mencionada	9
mencionadas	114
mencionado	16
mencionados	90
mencionan	34
mencionar	7
mencionarlo	2
mencione	2
mención	26
mendel	2
mendelson	2
menderm	2
meni	2
meniere	2
meninges	113
meningioma	52
meningiomas	19
meningismo	9
meningitidis	79
meningitis	415
meningococemia	4
meningococo	23
meningococos	4
meningocócica	160
meningocócicab	2
meningocócicas	52
meningocócico	21
meningocócicos	15
meningoencefalitis	44
meningomielitis	4
menisco	280
menkes	5
menometrorragia	5
menopausia	303
menopausica	2
menopaúsicas	3
menopáusica	13
menopáusicas	23
menopáusico	23
menopáusicos	20
menor	3134
menores	2947
menorragia	83
menos	10488
menotropina	3
mensaje	19
mensajeras	2
mensajero	41
mensajeros	28
mensajes	36
menstruaciones	16
menstruación	198
menstrual	281
menstruales	148
menstruantes	2
menstruar	4
menstrúan	4
mensual	151
mensuales	100
mensualmente	169
mensurable	9
menta	18
mentagrophytes	11
mental	802
mentales	166
mentalmente	3
mentarias	2
mente	27
mentes	2
mentha	4
mentir	3
mentofurano	2
mentol	34
mentolada	2
mentón	55
menudo	714
meníngea	14
meníngeas	2
mepact	12
meperidina	4
mepifilina	3
mepiramina	4
mepivacaina	2
mepivacaína	15
mepolizumab	141
meprobamato	3
mepsevii	6
meq	140
meql	2
mer	6
meralgia	5
merbromina	5
mercado	24
mercante	100
mercantes	5
mercaptopurina	119
merck	24
mercromina	7
mercuriales	4
mercurio	58
merecen	2
meridiano	6
merienda	2
meriendas	2
merit	2
merkel	71
merlin	5
meropenem	90
mertiatida	6
mes	2950
mesa	50
mesalazina	21
mesangial	9
mesangiales	3
mesangiocapilar	9
mesb	2
mesenquimal	5
mesenquimales	4
mesenterio	72
mesentérica	555
mesentéricas	29
mesentérico	75
mesentéricos	4
meses	13620
mesesa	4
mesesb	8
mesesc	3
mesesd	18
mesesg	4
meseta	29
mesilato	12
mesna	23
mesoblástico	6
mesolímbica	2
mesolímbicas	3
mesolímbico	3
mesoridazina	3
mesotelial	5
mesotelio	2
mesotelioma	62
mestastásico	2
mesterolona	5
mestinon	3
met	53
meta	108
metaanálisis	141
metabisulfito	24
metabolica	2
metabolice	3
metabolicen	5
metabolismo	2106
metabolito	295
metabolitos	246
metaboliza	148
metabolizable	2
metabolización	24
metabolizada	12
metabolizadas	5
metabolizado	27
metabolizador	28
metabolizadoras	6
metabolizadores	137
metabolizados	63
metabolizan	47
metabolizar	16
metabolizarse	2
metabólica	546
metabólicamente	5
metabólicas	88
metabólico	226
metabólicos	252
metacarpiano	872
metacarpianos	2
metacarpo	212
metacarpofalángica	773
metacolina	19
metacresol	11
metacromática	5
metadiáfisis	2
metadol	2
metadona	110
metadrenalina	3
metafase	9
metafases	25
metafisaria	2
metafisario	2
metafisial	2
metahemoglobina	35
metahemoglobinemia	99
metahemoglobinemias	2
metahemoglobinemía	3
metahemoglobulina	4
metal	151
metales	118
metalo	18
metalobetalactamasas	2
metaloproteasa	2
metaloproteinasa	7
metaloproteinasas	2
metalotioneína	4
metalyse	14
metamielocitos	9
metamizol	58
metaneumovirus	5
metaneumónicos	3
metanfetamina	9
metanfetaminas	34
metano	5
metanol	20
metanálisis	51
metaplasia	16
metas	17
metasedin	4
metastatic	6
metastatizado	4
metastron	13
metastásica	264
metastásicas	26
metastásico	1345
metastásicos	51
metastásis	3
metastática	3
metastático	31
metatarsalgia	4
metatarsiano	273
metatarso	398
metatarsofalángica	383
metavir	9
metenolona	4
meteor	21
meteorismo	22
metformina	2170
metforminaa	4
metforminac	8
methergín	5
methug	2
meti	4
meticilin	10
meticilina	169
meticilinorresistente	2
meticulosa	11
meticulosamente	13
meticuloso	5
metil	56
metilación	12
metilado	2
metilador	2
metilados	2
metilasa	3
metilcelulosa	6
metilcobalamina	12
metildigoxina	18
metildopa	29
metileno	18
metilentetrahidrofolato	2
metilergometrina	7
metilergonovina	10
metilesteroles	2
metilfenidato	117
metilfolato	3
metilglutaril	10
metilmalonil	5
metilmalónica	13
metilmalónico	22
metilnaltrexona	58
metilnitroimidazol	2
metilo	137
metilprednisolona	201
metilprednisolonad	3
metilprogesterona	2
metilpropionaldehído	2
metiltetrahidrofolato	3
metiltetrahidrofólico	2
metiltioninio	29
metiltransferasa	21
metiltransferasas	2
metilxantina	2
metilxantinas	4
metimazol	2
metionil	2
metionina	54
metirapona	12
metisergida	9
metocarbamol	17
metoclopramida	37
metodología	52
metodologías	5
metodológicas	4
metodológicos	4
metopirone	21
metoprolol	34
metotrexato	683
metoxi	52
metoxietil	2
metoxiflurano	37
metoxipolietilenglicol	6
metoxsaleno	15
metralla	2
metreleptina	42
metric	2
metro	10
metrología	3
metronidazol	100
metrorragia	69
metrorragias	5
metros	96
metrotexato	3
metrotrexato	2
metría	2
metvix	28
metálica	4
metálico	41
metálicos	20
metástasis	914
mev	257
mevalonato	20
mex	2
mexicana	3
mexicano	2
mexicoamericanos	2
mexiletina	43
mezcla	172
mezclada	19
mezcladas	5
mezclado	14
mezclador	2
mezclan	9
mezclar	63
mezclarla	2
mezclarlas	4
mezclarlo	7
mezclarse	57
mezclas	30
mezcle	6
mezclen	8
meñique	708
mf	123
mfars	17
mfas	3
mfm	9
mfmg	13
mfolfox	2
mfsaf	9
mg	38447
mga	16
mgb	10
mgc	36
mgd	4
mgfa	28
mgg	147
mgj	2
mgl	2
mgldl	2
mgm	2
mgt	29
mgy	2
mh	9
mhc	2
mhd	20
mhds	16
mhs	3
mhspc	5
mhz	3
mi	115
mia	5
mialgia	902
mialgiaa	4
mialgiaq	2
mialgias	57
mianserina	6
miasis	11
miastenia	537
miasténica	14
miasténicas	2
miasténico	35
miasténicos	8
mibg	3
mic	54
micafungina	48
miccional	54
miccionales	10
micciones	24
micción	205
miccióna	2
micelar	2
micetal	5
micetoma	6
micobacteria	4
micobacteriana	10
micobacterianas	47
micobacterias	73
micofenolato	202
micofenólico	21
micológica	2
miconazol	33
micoplasma	7
micoplasmas	7
micosis	80
micotoxinas	22
micralax	4
micras	35
micro	27
microadenomas	3
microalbuminuria	56
microalbúmina	21
microambiente	11
microaneurismas	8
microangiopatía	93
microangiopatías	4
microangiopática	18
microbiana	7
microbianas	4
microbiano	5
microbicida	7
microbiologie	3
microbiología	12
microbiológica	14
microbiológicamente	12
microbiológicas	7
microbiológico	29
microbiológicos	10
microbioma	3
microbios	18
microbiota	18
microbiólogo	2
microburbujas	5
microcefalia	16
microcirculación	12
microcirculatoria	3
microcirculatorio	7
microcomprimidos	2
microcristales	3
microcápsulas	2
microcítica	5
microcíticas	4
microcítico	295
microdilución	3
microdiol	24
microembolia	5
microembolias	4
microembolización	2
microemulsión	33
microentorno	3
microesferas	8
microflora	5
microftalmía	2
microg	5
microglobulina	32
microglía	2
microgra	5
micrografia	3
microgramo	31
microgramos	1387
microhematuria	4
microhemorragia	10
microhemorragias	15
microlito	2
microlitro	53
microlitros	8
microm	6
micromol	70
micromolares	4
micromoles	18
micromovilidad	100
micrones	12
microneutralización	23
microneutralization	7
micronutriente	3
micronutrientes	2
micronúcleos	3
microondas	7
microorganismo	71
microorganismos	673
micropartículas	2
microperforado	2
microporosa	2
micropunción	2
microquistes	10
microquística	5
microrganismos	6
micros	2
microsangrado	2
microsatélites	15
microscopio	74
microscopía	8
microscópica	50
microscópico	17
microsomal	7
microsomales	5
microsporum	23
microsómica	2
microtia	2
microtrombos	2
microtubos	2
microtubular	6
microtúbulo	3
microtúbulos	30
microvascular	17
microvasculares	12
microvasculatura	3
microvasos	3
microvellosidades	2
microvesicular	3
microviscosidad	2
micrófono	2
micrómetros	16
mics	3
mictonorm	8
micótica	46
micóticas	60
micóticass	2
micóticos	2
mid	2
mida	16
midacina	9
midan	3
midas	16
midazolam	106
midd	18
mide	673
miden	133
midiendo	23
midieron	45
midió	97
midodrina	14
midostaurina	46
midriasis	139
midriática	3
midriático	16
midriáticos	17
mie	2
miec	3
miedo	85
miedos	5
miel	9
mielina	18
mielinizadas	3
mielitis	103
mieloablación	2
mieloablativa	8
mieloablativo	54
mieloablativos	4
mieloblastos	3
mieloblástica	8
mielocitos	10
mielodepresión	39
mielodepresor	2
mielodisplasia	18
mielodisplasias	2
mielodisplásicas	3
mielodisplásico	117
mielodisplásicoa	2
mielodisplásicos	86
mielofibrosa	2
mielofibrosis	81
mielografía	32
mielograma	5
mielogramas	2
mieloide	334
mieloides	43
mieloma	624
mielomatosis	2
mielomonocítica	22
mieloneuropatía	8
mielopatía	44
mielopatías	3
mieloperoxidasa	3
mieloproliferativa	8
mieloproliferativas	9
mieloproliferativo	3
mieloproliferativos	9
mielosupresión	278
mielosupresor	16
mielosupresora	16
mielosupresoras	5
mielosupresores	18
mielotoxicidad	15
mielotóxica	2
mielotóxicas	3
mielotóxicos	3
mielógena	55
miembro	120
miembros	175
miento	11
mientras	1791
miettinen	48
mif	2
mifamurtida	42
mifegyne	5
mifepristona	43
mifl	3
migalastat	13
miglustat	108
migración	65
migraine	8
migran	3
migratoria	3
migratorio	4
migraña	712
migrañas	89
migrañoides	2
migrañosa	30
migrañosas	6
migrañoso	59
migrañosos	9
migren	2
mih	2
mil	8
miles	14
miliar	11
miliaria	16
miligramo	12
miligramos	44
mililitro	31
mililitros	13
milimoles	2
milisegundos	32
militar	514
militares	433
miliui	6
millas	8
miller	2
million	15
millones	87
millón	21
milpiés	17
milrinona	57
milímetro	7
milímetros	6
mim	2
mimetiza	3
mimética	9
mimético	2
miméticos	5
min	2956
mina	11
minas	18
mind	16
minera	2
mineral	254
mineralcorticoide	3
mineralcorticoides	28
minerales	159
mineralización	48
mineralocorticoide	29
mineralocorticoides	45
mineralotrópico	2
mineros	3
minerva	5
minería	8
mini	25
minibolsa	3
miniexamen	7
minima	8
minimal	2
minimice	2
minimicroesferas	6
minimiza	9
minimización	7
minimizan	4
minimizando	5
minimizar	277
minimizarse	25
minimizará	3
minimo	9
minimos	4
minimum	28
minipres	20
minipíldora	5
ministone	4
minjuvi	31
minociclina	37
minocin	10
minodiab	4
minor	3
minoritaria	2
minoría	31
minorías	4
minoxidil	21
minto	2
minuciosa	58
minuciosamente	29
minucioso	22
minución	2
minurin	14
minus	2
minut	2
minute	6
minuto	362
minutos	2828
mio	4
miocardio	1889
miocardioc	5
miocardiopatía	175
miocardiopatías	11
miocarditis	426
miocarditisa	3
miocarditisd	6
miocitos	4
mioclonia	4
mioclonias	3
mioclono	19
mioclonos	3
mioclonus	2
mioclonía	39
mioclonías	13
mioclónica	31
mioclónicas	20
mioclónicos	7
miocutáneo	14
miocárdica	269
miocárdicas	15
miocárdico	41
miocárdicos	5
miodesopsias	2
miofascial	10
miofibrilar	2
miofibroblástico	3
miofuncional	8
mioglobina	13
mioglobinemia	7
mioglobinuria	39
miogénico	2
miogénicos	3
miolisis	4
mioma	18
miomas	55
miometrial	2
miometrio	6
miopatia	5
miopatias	3
miopatía	506
miopatías	11
miopericarditis	4
miopia	4
miopía	171
mioquimia	2
miorrelajante	13
miorrelajantes	8
miosina	10
miosis	72
miositis	415
miositisgg	2
miositisz	3
miotonía	11
miotoxicidad	8
miotónica	4
miotónicos	8
mipi	11
mira	11
mirabegrón	57
mirabilis	46
miracl	3
mirada	11
miran	2
mirando	6
mirar	9
mirasol	4
mirdametinib	12
mire	7
mirena	89
mirikizumab	96
miringitis	28
miringotomía	2
mirtazapina	6
mirtecaína	5
mirvetuximab	31
mis	10
misiles	18
misión	4
misma	1341
mismas	240
mismo	1688
mismos	314
misoprostol	70
missing	11
mitad	434
mitades	13
mitiga	8
mitigación	5
mitigar	32
mitigarse	4
mitiguen	4
mitis	10
mitocondria	3
mitocondrial	134
mitocondriales	42
mitocondrias	7
mitogénica	4
mitomicina	50
mitosis	18
mitotano	89
mitoxantrona	98
mitral	286
mitt	95
mitta	3
mitógeno	4
mitógenos	17
mitótica	9
mitótico	9
mitóticos	2
mixed	3
mixedema	10
mixedematoso	5
mixoide	2
mixta	232
mixtas	37
mixto	135
mixtos	61
mizolastina	12
miálgica	17
miércoles	8
miógena	5
miópica	20
miótica	4
miótico	17
mióticos	28
mkd	27
mki	3
ml	9426
mla	16
mlb	5
mlc	7
mld	3
mle	8
mlf	3
mlmt	15
mlsb	3
mm	577
mma	6
mmae	17
mmc	99
mmdr	4
mmf	55
mmhg	624
mmitt	2
mml	3
mmmr	16
mmnd	2
mmol	2530
mmoles	15
mmp	5
mmr	49
mmrc	3
mmrm	62
mmrr	8
mms	34
mmse	17
mmy	12
mn	40
mnapsi	13
mneongreen	7
mnexspike	37
mnexspikea	5
mnim	53
mnis	32
mnri	5
mo	31
moaa	2
mobile	36
mobility	22
mobiluncus	4
mobitz	15
moca	5
mocha	2
moclobemida	34
moco	78
mocos	11
mod	25
modafinilo	75
modal	13
modalidad	90
modalidades	22
modality	2
model	9
modelado	15
modelan	2
modelización	11
modelizaron	3
modelizó	2
modelo	710
modelob	5
modelos	274
moderación	5
moderada	3448
moderadaa	4
moderadamente	126
moderadas	394
moderadasa	3
moderado	732
moderados	531
moderna	30
modesta	9
modesto	8
modestos	3
modifica	61
modificables	19
modificacion	5
modificaciones	542
modificación	640
modificada	222
modificadab	2
modificadas	50
modificado	154
modificador	53
modificadora	10
modificadoras	23
modificadores	137
modificados	66
modifican	37
modificando	20
modificantes	4
modificar	311
modificara	5
modificaron	8
modificarse	39
modificará	11
modificarán	4
modification	3
modificó	34
modified	13
modifique	17
modifiquen	2
modify	18
modiodal	2
modo	442
modorra	2
modos	7
modula	36
modulación	32
modulada	4
modulado	3
modulador	41
moduladora	2
moduladoras	2
moduladores	52
modulan	13
modulando	6
modular	7
module	6
moduló	2
moertel	2
mofetil	9
mofetilo	142
mogamulizumab	60
moho	35
mohos	5
mojado	3
mojar	10
mojarse	2
mol	254
mola	11
molar	35
molares	5
molaridad	3
molde	2
molecular	292
moleculares	60
molecularmd	2
molecularmente	3
moles	6
molesta	16
molestado	5
molestan	7
molestas	4
molestasa	2
moleste	3
molesten	2
molestia	403
molestias	656
molesto	21
molestos	18
molibdeno	2
molido	2
molsidomina	9
molteni	10
molusco	10
moluscum	2
molécula	113
moléculas	93
momelotinib	8
momento	3358
momentos	97
momentum	4
momentáneamente	4
mometasona	73
monaleesa	35
monarch	29
monarche	12
moneda	15
moniliasis	15
moniliformis	2
monitor	43
monitorea	3
monitoreados	8
monitorean	2
monitoreando	2
monitorear	112
monitoreará	3
monitoree	2
monitoreo	23
monitores	19
monitorice	25
monitoricen	6
monitoring	3
monitoriza	5
monitorizacion	4
monitorización	2320
monitorizacón	2
monitorizada	39
monitorizadas	18
monitorizado	47
monitorizados	370
monitorizan	4
monitorizando	27
monitorizar	1175
monitorizarlas	2
monitorizarlo	2
monitorizarlos	9
monitorizaron	5
monitorizarse	209
monitorizará	26
monitorizarán	12
monitorizó	6
mono	99
monoamina	4
monoaminas	9
monoamino	41
monoaminooxidasa	105
monoaminoxidasa	17
monoaminérgico	2
monoamniótico	5
monoamnióticos	15
monoartritis	34
monoaural	22
monobactam	2
monobactamas	3
monobactámicos	11
monoblástica	4
monocanal	6
monocapas	7
monocarbonadas	2
monocarboxilato	2
monocelulares	2
monocitopenia	3
monocitos	79
monocitosis	4
monoclonal	261
monoclonales	152
monocomponente	3
monocomponentes	52
monocoriónico	10
monocoriónicos	15
monocular	31
monocytogenes	16
monocítica	13
monocíticas	13
monodosis	22
monoepóxido	2
monofase	2
monofilamento	2
monofocal	2
monofosfato	72
monofármaco	21
monofármacos	37
monogamia	5
monoglucósidos	2
monogram	7
monohidratada	3
monohidrato	111
monoinfección	2
monoinfectados	10
monometil	2
monometilo	15
monometoxipolietilenglicol	2
monoméricos	8
mononeuropatía	19
mononeuropatías	15
mononitrato	18
mononuclear	5
mononucleares	34
mononucleosis	118
monoparesia	3
monopatín	109
monoplanar	108
monoplejia	90
monoquimioterapia	3
monorrenos	3
monos	27
monosacárido	3
monosomía	4
monospot	7
monostótica	32
monosódico	7
monoterapia	3407
monoterapias	24
monoterapiaver	2
monoterápico	4
monotherapy	5
monovalente	43
monovalentes	11
monstruo	17
montado	9
montaje	2
montar	7
montaña	2
montañas	8
monte	2
monteggia	52
montelukast	42
montgomery	4
monthly	2
montreal	5
monumental	13
monómeros	14
monóxido	145
mooren	5
moqueo	5
morada	3
moradas	3
morado	5
morados	4
moratones	13
moratón	5
moraxella	75
morbi	6
morbididad	3
morbilidad	196
morbilidades	14
morbiliforme	24
morbiliformes	4
morbimortalidad	13
mordedura	1021
mordeduras	19
morder	4
morderlo	2
morderse	3
mordida	7
mordidas	5
mordido	166
more	4
moretones	55
moretón	197
morfea	7
morfina	174
morfinomimético	2
morfinomiméticos	4
morfogenética	6
morfología	45
morfologías	3
morfológica	6
morfológicas	12
morfológicos	33
morfometría	3
morfométricas	5
morfínico	3
morfínicos	9
morgagni	7
morganella	37
morganii	38
morir	34
morirán	2
moroctocog	3
morquio	6
mortal	1928
mortalc	4
mortales	1612
mortalidad	961
mortalidada	5
mortem	6
mortinato	4
mortinatos	2
mos	15
mosaic	2
mosaicismo	13
mosaico	5
moscas	13
mosm	7
mosmol	4
mosquitero	3
mosquiteros	6
mosquito	22
mosquitos	64
most	2
mostaza	15
mostazas	3
mosteller	4
mostraba	15
mostraban	35
mostrada	14
mostradas	9
mostrado	400
mostrados	14
mostrando	46
mostrar	309
mostraran	4
mostrarla	3
mostraron	967
mostrarse	7
mostrará	12
mostrarán	23
mostro	3
mostró	854
mosunetuzumab	12
motilidad	162
motilium	9
motion	7
motivacional	4
motivación	17
motivada	2
motivadas	7
motivado	5
motivados	5
motivar	20
motivaron	32
motivate	18
motivo	226
motivos	222
motivó	21
moto	45
motocicleta	531
motociclista	163
motocross	45
motoneuronas	6
motor	952
motora	615
motoras	97
motores	107
motoresb	2
motoresc	2
motoresd	2
motorizada	142
motorizado	1822
motorizados	553
motrices	5
motricidad	18
motrin	2
motriz	6
motró	2
motzer	3
mounjaro	10
movalis	3
moventig	12
mover	62
moverla	5
moverlas	2
moverlos	3
moverse	111
moverá	9
movible	11
movicol	9
moviendo	7
movilicen	3
movilidad	229
moviliza	3
movilización	144
movilizada	4
movilizadas	8
movilizadores	6
movilizan	3
movilizar	7
movilizarse	3
movilizó	2
movimiento	477
movimientos	300
moviprep	11
moviéndose	2
moxifloxacina	4
moxifloxacino	54
moxon	3
moxonidina	26
moyamoya	3
mozambique	2
mp	61
mpa	71
mpb	7
mpci	9
mpd	9
mpdai	9
mpeg	7
mpfs	7
mpgn	41
mph	12
mpi	17
mpm	21
mpn	4
mpo	4
mpox	37
mpp	17
mpr	38
mpro	15
mps	45
mpsvii	2
mpt	24
mpvi	4
mq	3
mr	66
mrc	3
mrd	3
mrdx	2
mrecist	16
mrg	18
mri	22
mrmm	2
mrna	39
mrp	4
mrr	8
mrs	34
mrsa	34
mrse	5
mrsh	2
mrss	3
mrt	19
mrx	10
ms	583
msa	28
msav	52
msd	22
msec	5
mseg	149
msegundos	3
msg	5
msh	6
mshq	2
msi	131
msis	2
mskcc	17
msq	10
msre	2
mss	2
mssa	17
mssbp	5
msse	4
mssh	2
msv	58
msws	6
mt	17
mtc	6
mtd	76
mthf	3
mthfr	52
mtic	2
mtlss	3
mtops	4
mtor	96
mtp	6
mtrg	8
mts	41
mtss	60
mtssc	2
mtx	722
mtxa	3
mtxb	3
mtxc	4
mu	65
mucha	122
muchas	638
mucho	426
muchos	780
muchísimo	8
mucilaginosa	2
mucina	5
mucinas	4
mucinoso	2
muckle	4
mucocele	7
mucociliar	15
mucocutánea	28
mucocutáneas	22
mucocutáneo	11
mucocutáneos	2
mucofluid	10
mucoide	7
mucolítica	3
mucolítico	17
mucolíticos	11
mucopolisacaridosis	25
mucopolisacáridos	9
mucopurulenta	9
mucor	3
mucorales	6
mucormicosis	27
mucosa	810
mucosab	3
mucosac	7
mucosad	3
mucosae	4
mucosag	2
mucosal	3
mucosas	453
mucosidad	75
mucosidades	11
mucositis	119
mucoso	14
mucosos	2
mucoviscidosis	3
muculoesqueléticos	3
mucus	4
mucílago	4
mucílagos	12
mueble	12
muebles	44
muecas	2
muelas	7
muelle	13
muerda	3
muerde	3
muere	5
mueren	42
muermo	2
muertas	16
muerte	2560
muertea	3
muerted	8
muertee	2
muertes	496
muerto	56
muertos	9
muestan	2
muestra	2679
muestral	4
muestrales	2
muestran	1130
muestras	672
muestrasa	12
muestre	28
muestren	85
muestreo	36
muestreos	2
mueva	23
muevan	12
mueve	63
mueven	35
muga	30
muguet	5
mui	133
mujer	764
mujeres	4797
muletas	6
mulleriana	4
mulleriano	2
mulpleo	6
multi	15
multiagente	2
multiangular	98
multicanal	7
multicentrico	3
multicohorte	4
multicolor	2
multicomponente	3
multicorte	2
multicéntrica	4
multicéntrico	1177
multicéntricos	196
multidermatomal	2
multidermatómico	3
multidiana	2
multidimensional	3
multidisciplinar	13
multidisciplinaria	4
multidisciplinario	5
multidominio	3
multidosis	50
multienzimático	2
multiespecífico	2
multifactorial	50
multifactoriales	2
multifase	2
multifocal	182
multifocales	2
multifolicular	2
multiforme	442
multiformea	4
multiformed	7
multifármaco	2
multifármacos	4
multigrávida	12
multihance	34
multihexámeros	3
multilinaje	6
multilineal	2
multilocularis	9
multilínea	3
multimedicamentos	2
multimodal	8
multinacional	90
multinacionales	21
multinivel	4
multinodular	8
multiorgánica	29
multiorgánicas	4
multiorgánico	36
multiparamétrica	2
multiparamétrico	2
multipatógeno	2
multiple	17
multiples	6
multiplex	5
multiplica	5
multiplicación	27
multiplicado	11
multiplicador	8
multiplican	13
multiplicando	9
multiplicar	4
multiplicarse	14
multiplicidad	215
multiplique	2
multiquinasa	3
multirracial	2
multirraciales	11
multirrecidivantes	2
multirregional	3
multirresistencia	7
multirresistente	20
multirresistentes	6
multisistémica	18
multisistémicas	2
multisistémico	4
multisutura	2
multitud	8
multivariable	2
multivariante	18
multivitaminas	2
multivitamínico	3
multivitamínicos	19
multiórgánicas	2
multocida	13
multímeros	2
multípara	5
multíparas	2
mundial	62
mundo	107
municiones	73
mupirocina	4
mur	8
muramil	2
murano	15
murciélagos	5
mureína	4
muriendo	4
murieron	44
murina	5
murinas	11
murino	27
murinos	28
murió	12
murmullo	4
muro	2
murode	2
muromonab	4
muscarínica	2
muscarínico	28
muscarínicos	106
muscoesqueléticos	2
muscoloesqueléticos	3
muscular	1881
musculara	3
musculard	3
musculares	956
muscularesf	2
muscularesi	3
musculatura	81
musculo	22
musculocutáneo	16
musculoes	4
musculoesque	13
musculoesquel	2
musculoesqueletico	2
musculoesqueleticos	4
musculoesquelé	15
musculoesqueléti	6
musculoesquelétic	2
musculoesquelética	75
musculoesqueléticas	86
musculoesquelético	339
musculoesqueléticoaa	2
musculoesqueléticoe	3
musculoesqueléticof	7
musculoesqueléticoq	2
musculoesqueléticos	1130
musculoesquéleticos	3
musculosa	3
musculosquelético	2
musculotrópico	2
musgo	2
music	5
musical	5
musk	23
muslo	1898
muslos	33
mut	2
mutacional	40
mutacionales	4
mutaciones	1206
mutación	1346
mutada	24
mutadas	27
mutado	141
mutados	15
mutagenia	3
mutagenicidad	9
mutagénesis	26
mutagénica	2
mutagénico	11
mutans	3
mutante	26
mutantes	59
mutasa	3
mutation	3
mutilación	7
mutilante	10
mutismo	2
mutua	7
mutuamente	2
mutágeno	7
muvagyn	3
muy	14674
muéstreme	7
muévase	2
muñeca	3849
muñecas	34
muñón	24
mv	32
mva	33
mvabea	24
mvac	2
mvc	4
mvi	17
mvii	5
mvss	7
mw	37
mwp	3
mws	14
mwt	38
mx	2
mxn	4
my	4
myalepta	24
myambutol	5
myasthenia	11
myc	14
mycn	3
mycobacterias	6
mycobacterium	105
mycoplasma	43
mycostatin	3
mydriasert	8
myechild	5
myeloma	12
myeloproliferative	2
myfortic	48
myitt	2
mylotarg	105
myocardial	4
myomex	2
myoview	8
myozyme	60
myqorzo	7
myr	7
myriad	6
myrror	5
mysimba	8
mysoline	15
mácula	94
máculas	3
máculo	10
máculopapular	4
máquina	83
máquinas	74
márgenes	22
más	24638
máscara	16
máx	291
máxima	2119
máximas	102
máximo	1778
máximos	72
médica	1783
médicamente	67
médicas	431
médico	4010
médicos	1148
médula	2196
méjico	2
méni	17
método	1166
métodos	480
méxico	12
mí	3
mín	263
mínima	723
mínimamente	36
mínimas	101
mínimo	1368
mínimos	717
módulo	23
mórbida	11
mórbidas	3
mórficos	2
móvil	18
móviles	4
múltiple	1235
múltiples	1769
múltiplo	13
múltiplos	7
músculo	5444
músculoesquelética	2
músculoesquelético	5
músculoesqueléticos	18
músculos	1173
música	7
müller	4
müllerianos	4
n	18385
na	1216
naat	12
naaxia	5
nab	114
nabos	2
nabumetona	26
nac	38
nace	34
nacemos	2
nacen	30
nacer	163
nacido	457
nacidos	569
nacieron	15
nacimiento	389
nacimientos	14
nacional	1281
nacionales	111
nació	10
nación	3
nacl	10
nad	6
nada	170
nadador	5
nadar	14
nade	3
nadh	7
nadie	15
nadifloxacino	9
nadir	88
nadixa	7
nadph	3
nadroparina	22
naf	3
nafarelina	17
nafazolina	33
nafcilina	7
nafld	4
naftaleno	3
naftoquinona	2
naglazyme	36
nags	5
nah	39
nail	7
nailon	2
naion	6
naive	42
nalbufina	6
naldemedina	51
nales	12
nalga	355
nalgas	47
nalmefeno	8
nalorfina	2
naloxegol	54
naloxona	137
nalt	2
naltrexona	170
names	2
namuscla	3
nanocoloidal	4
nanocoloides	2
nanogramos	14
nanomolar	12
nanomolares	3
nanopartícula	5
nanopartículas	15
nap	21
naproxeno	183
napsi	17
napv	2
naramig	2
naranja	37
naranjas	9
naratriptán	11
narcisista	4
narcolepsia	69
narcolépticos	6
narcosis	2
narcótica	4
narcóticas	3
narcótico	12
narcóticos	125
narinas	7
narine	9
nariz	571
narsoplimab	2
nas	6
nasal	1470
nasala	3
nasales	283
nash	19
nasofaringe	148
nasofaringitis	260
nasofaríngea	9
nasofaríngeas	2
nasofaríngeo	40
nasogástrica	39
nasogástricas	4
nasogástrico	2
nasolacrimal	12
nasolagrimal	37
nasosinusal	8
nasosinusales	10
nasoyeyunales	2
nat	13
nata	2
natación	4
natal	4
natalee	6
natalidad	25
natalizumab	83
nateglinida	28
national	99
nativa	46
nativas	51
nativo	75
nativos	31
natpar	70
natremia	9
natriuresis	16
natriurética	3
natriurético	54
natriuréticos	13
natulan	6
natural	7077
naturales	86
naturaleza	350
naturalmente	28
nausea	32
nauseas	169
nauseoso	7
nav	14
navaja	3
nave	36
navegar	4
navelbine	2
navicular	223
navigate	7
navigator	25
navigatora	2
navir	2
navm	32
nazca	18
naúsea	3
naúseas	23
nb	133
nc	144
nca	3
ncb	3
nccn	3
ncctg	13
ncdpb	18
ncep	3
ncf	2
ncg	19
nci	241
ncoc	7
ncompletado	2
ncov	7
ncr	40
ncs	13
nct	2
ncv	2
nd	182
ndc	4
ndd	46
nde	4
ndm	3
ne	722
neatenol	7
neb	8
nebivol	2
nebivolol	110
neblina	4
nebulizaciones	3
nebulización	13
nebulizadas	2
nebulizado	2
nebulizador	10
necatoriasis	3
necesaria	836
necesariamente	79
necesarias	250
necesario	4496
necesariob	2
necesarios	248
necesidad	1096
necesidades	338
necesita	756
necesitaba	3
necesitaban	33
necesitado	10
necesitamos	2
necesitan	328
necesitando	10
necesitar	594
necesitara	6
necesitaran	4
necesitaron	93
necesitarse	25
necesitará	116
necesitarán	23
necesitaría	6
necesitas	3
necesitasen	2
necesite	428
necesiten	99
necesito	16
necesitó	44
necrobiosis	3
necroinflamatoria	6
necroinflamatorio	11
necrolisis	146
necrophorum	4
necrosados	4
necrosante	94
necrosantes	2
necrosis	959
necrotizante	123
necrotizantes	2
necrólisis	569
necróticas	3
necrótico	3
necróticos	2
nectina	5
ned	3
neda	2
nedocromilo	2
neerlandés	2
nefazadona	4
nefazodona	29
nefopam	21
nefrectomizados	2
nefrectomía	17
nefritis	491
nefritiskk	2
nefritisu	2
nefroblastoma	7
nefroblastomatosis	5
nefrocalcinosis	33
nefroesclerosis	2
nefrogénica	35
nefrolitiasis	83
nefrología	5
nefrológicos	4
nefroma	7
nefrona	11
nefronas	3
nefrones	3
nefropatía	491
nefropatías	25
nefroprotección	4
nefropática	8
nefropático	2
nefrosis	5
nefrostomía	20
nefrotomografía	2
nefrotoxicidad	131
nefrotrópicos	4
nefrotópicos	3
nefrotóxica	5
nefrotóxicas	3
nefrotóxico	18
nefrotóxicos	76
nefrítico	57
nefrógena	2
nefrólogo	10
nefrótico	198
nefróticos	3
neg	2
negarse	2
negativa	399
negativab	2
negativamente	57
negativas	133
negative	2
negatividad	64
negativismo	2
negativista	3
negativizaron	2
negativo	883
negativos	558
negligencia	81
negra	484
negras	40
negrita	10
negro	37
negros	164
neh	2
nei	15
neisseria	141
neisvac	18
nel	9
nelarabina	37
nelfinavir	41
nem	18
nemactil	15
nematodos	2
nemluvio	4
nemolizumab	79
nemours	2
neo	46
neoadyuvancia	74
neoadyuvante	258
neoantígeno	3
neocare	8
neoformans	3
neoglucogénesis	3
neom	530
neomed	4
neomicina	145
neonatal	210
neonatales	22
neonato	19
neonatorum	2
neonatos	324
neoplasia	1488
neoplasias	1013
neoplasma	5
neoplasmas	8
neoplastin	2
neoplásica	258
neoplásicas	74
neoplásico	6
neoplásicos	10
neopterina	8
neorecormon	51
neosphere	31
neostigmina	71
neotigason	16
neovascular	26
neovascularización	71
neoíntima	2
nep	7
nepafenaco	8
neparvovec	29
nephromag	3
nephron	107
nephropathy	52
nephrophaty	4
neprilisina	20
nerandomilast	61
neratinib	21
nerinitide	2
nerlynx	74
nervikán	2
nervinex	2
nervio	3381
nervios	585
nerviosa	368
nerviosas	137
nerviosismo	344
nervioso	3546
nerviosos	57
nervosa	2
nes	13
nesyrgy	2
net	470
neta	19
netarsudil	58
netdex	4
netenax	3
netilmicina	26
neto	32
netpharmalab	2
netter	18
netupitant	44
network	6
neu	5
neulasta	8
neumatosis	10
neumocefalia	2
neumocistosis	6
neumococo	27
neumococos	13
neumoconiosis	13
neumocócica	107
neumocócicas	13
neumocócico	11
neumocócicos	12
neumomediastino	2
neumonia	13
neumonitis	900
neumonitisa	9
neumonitisc	3
neumonitisf	2
neumonitisk	4
neumonitisq	2
neumonía	1677
neumoníaa	12
neumoníab	11
neumoníac	3
neumonías	16
neumopatía	18
neumotórax	58
neumático	22
neumáticos	2
neumólogo	6
neumónica	4
neupogen	104
neuraceq	15
neural	80
neurales	5
neuralgia	78
neuralgias	9
neuralgiforme	3
neuraminidasa	4
neuraminidasas	2
neuraxial	5
neuritis	134
neuro	14
neuroartropatía	2
neuroaxial	6
neuroaxiales	3
neuroblastoma	87
neuroblastomas	9
neuroblastos	2
neurobloc	33
neurocinina	7
neurocirugía	31
neurocirujano	3
neurocisticercosis	8
neurocognitiva	13
neurocognitivas	2
neurocognitivo	7
neurocognitivos	3
neuroconductual	3
neurodegeneración	4
neurodegenerativa	3
neurodegenerativas	13
neurodegenerativo	2
neurodermatitis	17
neurodermitis	2
neurodesarrollo	7
neurodiagnósticas	2
neurodiagnóstico	3
neuroectodérmico	2
neuroectodérmicos	2
neuroefectora	2
neuroendocrina	5
neuroendocrinas	3
neuroendocrino	10
neuroendocrinos	73
neuroestimulación	4
neuroestimulador	171
neuroexamen	4
neurofarmacológicas	2
neurofibrillas	4
neurofibromas	4
neurofibromatosis	20
neurofilamentos	6
neurogénica	25
neurogénico	8
neurohormonal	2
neurohormonales	2
neuroimagen	22
neuroimagend	4
neuroimágenes	3
neuroinflamatoria	2
neuroinflamatorios	3
neurolite	3
neurologica	24
neurological	3
neurologicas	7
neurologicos	2
neurología	34
neuroléptica	9
neurolépticas	3
neuroléptico	190
neurolépticos	237
neurológica	244
neurológicaa	3
neurológicamente	16
neurológicas	333
neurológico	386
neurológicos	510
neuroma	12
neuromielitis	22
neuromiopatía	5
neuromotor	8
neuromotores	2
neuromuscular	252
neuromusculares	191
neurona	12
neuronal	56
neuronales	44
neuronalmente	2
neuronas	65
neuronitis	7
neuronopatía	2
neuronopáticas	2
neurontin	8
neuropathy	2
neuropatia	23
neuropatias	4
neuropatía	1195
neuropatíad	2
neuropatías	46
neuroprotector	4
neuropsicológicas	4
neuropsicológico	4
neuropsicológicos	3
neuropsiquiátrica	12
neuropsiquiátricas	15
neuropsiquiátrico	2
neuropsiquiátricos	34
neuropsychiatric	2
neuropsíquica	2
neuropática	15
neuropático	59
neuropáticos	9
neuropéptidos	9
neuroquinina	3
neuroquirúrgica	5
neuroquirúrgico	2
neuroquímico	2
neuroquímicos	3
neurorradiólogo	2
neurosensorial	54
neurosensoriales	3
neurosis	19
neurosífilis	20
neurotoxicidad	204
neurotoxicity	2
neurotransmisión	28
neurotransmisor	32
neurotransmisores	40
neurotrophic	2
neurotrófica	14
neurotrófico	4
neurotrópica	3
neurotóxica	3
neurotóxicas	4
neurotóxico	4
neurotóxicos	15
neurovascular	3
neurovasculares	6
neurovegetativa	3
neurovegetativas	3
neurovegetativos	3
neurálgica	2
neurálgicos	2
neurítica	13
neuríticas	20
neuríticos	2
neurógena	11
neurólogo	44
neurólogos	2
neuróticos	3
neutra	20
neutral	4
neutraliza	21
neutralización	219
neutralizaciónc	10
neutralizado	13
neutralizadora	4
neutralizadoras	2
neutralizadores	5
neutralizados	3
neutralizan	5
neutralizando	8
neutralizante	71
neutralizantes	710
neutralizar	19
neutralizaron	2
neutralizó	4
neutras	2
neutrino	4
neutro	11
neutrocitopenia	3
neutrofilia	8
neutrofilos	6
neutrofílica	16
neutrones	170
neutropenia	2835
neutropeniaa	22
neutropeniab	13
neutropeniac	6
neutropeniad	4
neutropeniae	3
neutropeniaf	2
neutropeniah	2
neutropenias	11
neutropénica	105
neutropénicas	11
neutropénico	4
neutropénicos	50
neutros	5
neutrófico	2
neutrófila	11
neutrófilo	3
neutrófilos	840
neutófilos	2
nevanac	29
nevera	32
nevirapina	140
nevo	5
nevos	2
nevus	44
new	81
newcombe	7
newest	2
nexium	6
nexobrid	8
nexpovio	11
next	9
nexviadyme	72
nf	18
nfl	16
nfv	3
ng	435
ngenla	5
ngf	2
ngs	29
nh	18
nha	37
nhas	2
nhba	17
nhl	23
nhlbi	2
ni	2906
niacina	66
niagara	5
niaid	4
nic	2
nica	3
nicardipino	30
nicorandil	2
nicorette	11
nicotianamina	2
nicotina	147
nicotinamida	6
nicotínica	4
nicotínico	31
nicotínicos	12
nictalopia	3
nicturia	47
nicótico	2
nidulans	6
niebla	4
niega	3
niemann	33
nieve	100
nifedipino	41
niflactol	10
niflúmico	14
nifurtimox	44
niga	7
niger	7
nigeria	4
nigricans	7
nigroestriada	2
nigroestriado	4
nih	494
nihss	55
nii	3
nijmegen	2
nilc	4
nilemdo	37
nilo	29
nilotinib	199
nimbex	62
nimenrix	126
nimodipino	29
nimotop	11
ninds	5
ningun	4
ninguna	1159
ninguno	465
ningunob	3
ningún	2067
ninhidrina	2
ninlaro	3
nintedanib	257
nipent	3
nipocalimab	49
nips	3
niquel	5
niraparib	71
nirmatrelvir	36
nirogacestat	67
nirsevimab	95
nis	46
nisoldipino	4
nistagmo	83
nistagmos	3
nistagmus	8
nistatina	16
nitisinona	45
nitoman	10
nitrados	2
nitrato	18
nitratos	55
nitrendipino	39
nitrilo	4
nitrito	60
nitritos	23
nitro	3
nitroderivados	20
nitrofural	8
nitrofurano	4
nitrofuranos	3
nitrofurantoína	13
nitrogenada	12
nitrogenadas	4
nitrogenado	2
nitrogenados	5
nitroglicerina	68
nitroimidazol	3
nitroimidazoles	3
nitroprusiato	24
nitroprussiat	8
nitroreductasa	2
nitroso	116
nitrosonaftol	6
nitrosourea	4
nitrosoureas	5
nitrógeno	197
nitrógenos	2
niu	7
nivel	8742
niveles	7873
nivolumab	1312
niña	7
niñas	117
niñera	13
niñeras	2
niñez	45
niño	444
niños	8457
niñosa	8
nk	63
nl	36
nlein	9
nm	276
nma	5
nmcr	25
nmda	17
nmo	28
nmol	85
nmpp	14
nmsc	3
nn	55
nnrti	2
nnt	6
no	114662
noai	3
nobility	2
nobres	2
nobritol	14
nobs	2
nocardia	11
nocardiosis	10
noche	498
noches	17
nocicepción	3
nociceptivas	19
nociceptivo	11
nociceptivos	4
nociceptores	10
nociva	5
nocivas	67
nocivo	14
nocivos	11
noctura	2
nocturia	34
nocturna	179
nocturnas	7
nocturno	27
nocturnos	108
nodal	21
nodales	6
nodo	36
nodosa	16
nodoso	30
nodular	112
nodulares	6
nodularidad	2
nohdl	17
nohl	13
noi	4
noia	5
noiafren	6
noiana	16
nolotil	19
nombra	7
nombramiento	2
nombran	3
nombrando	2
nombrar	8
nombre	461
nombres	475
nomegestrol	8
nomenclatura	3
nomid	11
nominación	2
nominal	237
nominales	22
nominalmente	12
nomograma	5
non	4
nonacog	5
nonapéptido	2
nonavalente	3
nonbrca	2
noonan	2
nootrópicos	9
nor	13
noradrenalina	171
noradrenérgica	5
noradrenérgicas	2
noradrenérgico	4
noradrenérgicos	6
norcolesterol	4
nordisk	5
norebox	2
norelgestromina	4
norepinefrina	65
noreste	2
noretisterona	43
norfenfluramina	3
norfloxacino	39
norfolk	27
norfolkc	2
norgestimato	23
norgestrel	4
norma	37
normal	2221
normales	890
normalice	5
normalicen	8
normalidad	610
normalised	9
normaliza	34
normalizaciones	2
normalización	243
normalizada	58
normalizadad	4
normalizadas	6
normalizado	133
normalizados	12
normalizan	27
normalizando	4
normalizar	16
normalizaron	20
normalizarse	4
normalized	3
normalizándose	2
normalizó	18
normalmente	1200
normas	53
normativa	18
normativas	5
normo	3
normoalbuminuria	10
normobárica	6
normocalcemia	2
normocalcémica	2
normocalcémicos	2
normocaliémicos	2
normocrómica	3
normocítica	7
normofunción	2
normoglucemia	6
normogonadotrópico	2
normolactásicos	3
normon	66
normopotasemia	23
normopotasémicos	2
normoprolactinémicas	2
normosang	10
normotensas	3
normotensiva	3
normotensos	22
norovirus	11
norpetidina	4
norprolac	10
norquetiapina	6
norte	50
norteamericanos	4
norteamérica	47
nortestosterona	4
north	2
nortriptilina	38
norvas	4
norwalk	2
nos	47
noscapina	6
nose	2
nosocomial	20
nosológicas	5
nosotros	5
nota	408
notable	67
notablemente	63
notables	46
notado	5
notan	17
notar	53
notara	2
notas	36
note	24
noten	6
noticia	4
noticias	7
notifica	18
notificacion	4
notificaciones	485
notificación	2984
notificaciónes	2
notificada	379
notificadas	1887
notificado	6185
notificados	643
notifican	70
notificando	3
notificar	4401
notificaram	1504
notificaran	3
notificarlas	15
notificarlo	7
notificaron	2088
notificarram	2
notificarse	13
notificas	2
notifico	2
notificándose	7
notificó	1257
notifique	7
notifiquen	77
notorios	3
notus	21
notó	2
noursei	2
nov	6
nova	19
novantrone	2
novavax	3
noveno	2
noventa	48
noviembre	68
novio	2
novo	158
novocastrense	2
novoeight	16
novofine	16
novomix	60
novorapid	67
novoseven	46
novoter	15
novothirteen	34
novotwist	16
np	237
npact	2
npc	37
nph	82
npj	15
nplate	17
npm	4
npn	2
npp	3
npr	6
nps	26
npsd	4
npt	13
nr	206
nra	6
nras	17
nrg	5
nri	15
nrs	279
nrsa	6
nrsc	2
nrsts	2
nrti	2
ns	54
nsa	7
nsaa	2
nsabp	15
nsai	38
nst	2
nstemi	4
nsvt	2
nt	116
ntbc	2
ntd	4
ntdt	6
nte	4
nti	13
nto	3
ntrk	44
nubeqa	6
nubes	2
nubla	3
nublada	2
nublado	8
nublan	2
nuca	12
nucal	3
nucala	30
nucl	2
nucleadas	7
nucleados	4
nuclear	586
nucleares	131
nucleatum	4
nucleico	15
nucleicos	64
nucleocápside	12
nucleofílicos	2
nucleoproteína	3
nucleosídico	4
nucleosídicos	12
nucleotidiltransferasas	3
nucleotido	3
nucleotídico	6
nucleotídicos	2
nucleós	32
nucleósido	83
nucleósidos	226
nucleótido	29
nucleótidos	60
nude	2
nudo	3
nudosa	4
nudoso	35
nueces	44
nuestra	12
nuestras	5
nuestro	15
nuestros	11
nueva	898
nuevamente	83
nuevas	456
nueve	160
nueves	2
nuevo	938
nuevos	399
nula	90
nulas	7
nulidad	2
null	6
nulo	31
nulojix	11
nulos	3
nulíparas	2
number	2
numeric	5
numerical	8
numero	18
numerosas	42
numeroso	2
numerosos	53
numular	12
numérica	93
numéricamente	183
numéricas	14
numérico	16
numéricos	2
nunca	396
nurminen	48
nus	29
nusinersén	23
nustendi	46
nutra	2
nutre	4
nutren	3
nutricion	2
nutricional	127
nutricionales	63
nutricionista	3
nutrición	1463
nutriente	9
nutrientes	158
nutritiva	2
nutritivo	4
nutritivos	9
nuvacthén	22
nuvaring	45
nuvaxovid	294
nuwiq	13
nvc	57
nviq	11
nvir	5
nvpo	6
nvpq	2
nx	4
nxt	52
nyha	331
nyhan	18
náusea	183
náuseas	3653
náuseasa	4
náuseasd	3
náutico	10
néctar	2
níquel	14
nítida	5
nítrico	99
nódulo	132
nódulos	132
nótese	6
núcleo	63
núcleos	22
número	4681
números	46
o	114406
oa	12
oab	6
oai	2
oak	5
oas	3
oasis	3
oatp	4
ob	25
obecabtagene	2
obedece	15
obesas	8
obesidad	478
obeso	2
obesos	51
obeticólico	58
obgemsa	4
obinituzumab	4
obinutuzumab	209
obizur	28
objective	7
objetiva	591
objetivaa	3
objetivab	8
objetivad	4
objetivae	2
objetivamente	7
objetivas	39
objetivo	996
objetivos	311
objeto	1485
objetos	216
oblea	2
oblicua	595
oblicuas	7
oblicuo	8
obliga	17
obligación	321
obligada	4
obligado	2
obligados	3
obligan	5
obligar	9
obligaron	24
obligatoria	16
obligatoriamente	5
obligatorias	9
obligatorio	25
obligó	29
obliteración	2
obliterante	38
obnubilación	2
obr	6
obras	4
obs	14
observa	540
observaba	5
observaban	2
observable	5
observables	2
observacion	2
observacional	118
observacionales	112
observaciones	77
observación	608
observada	707
observadas	1112
observado	3619
observador	99
observados	607
observan	228
observando	15
observar	397
observara	12
observaran	11
observarlo	3
observaron	2130
observarse	193
observará	21
observarán	5
observase	15
observation	6
observational	2
observe	84
observen	50
observo	4
observándose	41
observó	2798
obsesiones	15
obsesivas	2
obsesivo	69
obsesivos	13
obsevado	2
obsro	2
obstante	576
obstetras	2
obstetricia	22
obstrucciones	33
obstrucción	948
obstructiva	392
obstructivas	70
obstructivo	22
obstructivos	51
obstruida	3
obstruido	98
obstruidos	2
obstruir	7
obstruya	5
obstruyan	3
obstruye	7
obstruyen	4
obstruyendo	2
obstétrica	32
obstétricas	8
obstétrico	15
obstétricos	2
obt	15
obtención	182
obtendrá	17
obtendrán	3
obtendría	7
obtener	1241
obtenerla	3
obtenerlos	6
obtenerse	78
obtenga	418
obtengan	22
obtenida	168
obtenidas	113
obtenido	181
obtenidos	341
obteniendo	28
obteniéndose	15
obtenía	2
obtiene	232
obtienen	85
obturador	27
obtuviera	3
obtuvieran	2
obtuvieron	199
obtuvo	86
obvia	3
obviamente	2
obviar	2
obvias	2
obvio	2
obvios	3
ocaliva	3
ocas	2
ocasiona	26
ocasionada	22
ocasionadas	6
ocasionado	14
ocasionados	9
ocasional	140
ocasionales	56
ocasionalmente	319
ocasionan	6
ocasionando	11
ocasionar	200
ocasionarle	2
ocasionaron	23
ocasionará	2
ocasionaría	9
ocasione	2
ocasionen	2
ocasiones	1003
ocasionó	15
ocasión	45
occidental	51
occipital	140
occipito	164
occipitoatloaxoidea	44
occipucio	29
oceánicas	2
ochenta	47
ocho	233
ochocientos	2
ocio	3
ocluida	2
ocluidas	2
ocluir	14
ocluirse	2
oclusal	2
oclusiones	12
oclusiva	93
oclusivas	29
oclusivo	56
oclusivos	93
oclusión	2534
ocluye	4
ocr	5
ocrelizumab	129
ocrevus	10
ocriplasmina	8
ocronosis	2
ocs	58
oct	20
octaplasmalg	22
octapéptido	2
octava	7
octave	61
octavo	8
octocog	8
octreoscan	4
octreotida	77
octreótido	4
octubre	45
ocula	2
ocular	1764
ocularc	3
oculare	2
oculares	1615
oculista	4
oculocutáneo	5
oculogira	3
oculogiras	4
oculoglandular	2
oculomotor	121
oculomotores	4
oculomucocutáneo	2
oculopatía	6
oculos	3
oculta	75
ocultar	11
ocultas	19
oculto	11
ocultos	6
oculógira	10
oculógiras	15
ocupa	3
ocupacional	55
ocupacionales	8
ocupaciones	3
ocupación	21
ocupado	4
ocupados	4
ocupan	2
ocupante	1487
ocupar	3
ocurir	2
ocurra	137
ocurran	43
ocurre	925
ocurren	368
ocurrences	2
ocurrencia	23
ocurrencias	2
ocurrida	7
ocurridas	50
ocurrido	79
ocurridos	28
ocurriendo	27
ocurriera	82
ocurrieran	6
ocurrieron	335
ocurriese	13
ocurriesen	4
ocurrir	851
ocurriría	2
ocurrió	189
ocurría	3
ocurrían	5
ocv	8
océanos	3
od	4
oddi	34
odds	239
ode	5
odefsey	67
odevixibat	38
odin	13
odinofagia	19
odomzo	74
odontalgia	10
odontalgias	2
odontoestomatológica	2
odontoides	37
odontología	11
odontológica	3
odontológicas	8
odontológico	3
odontológicos	3
odontógenas	6
odontólogo	5
odoratum	2
odronextamab	13
ods	2
odwg	2
odyssey	10
oea	3
oeste	4
of	236
ofagia	2
ofatumumab	80
off	94
officinale	2
officinalis	18
oficial	43
oficiales	491
oficialmente	2
oficina	47
oficinas	3
oflovir	3
ofloxacino	43
ofrece	42
ofrecen	34
ofrecer	30
ofrecerle	4
ofrecerse	4
ofrecida	6
ofrecieron	2
ofreció	36
ofrecía	2
ofrezca	3
ofrezcan	5
ofrézcale	3
oftacilox	6
oftalmia	6
oftalmología	17
oftalmológica	76
oftalmológicas	41
oftalmológico	93
oftalmológicos	122
oftalmopatía	9
oftalmoplejia	25
oftalmoplejía	2
oftalmopléjica	9
oftalmoscopia	9
oftalmoscópico	3
oftalmowell	7
oftalmía	10
oftalmólogo	156
oftalmólogos	9
oftálmica	268
oftálmicas	65
oftálmico	126
oftálmicos	126
ogc	4
ogilvie	3
ogs	2
ogsiveo	24
ogtt	3
oh	31
ohcs	4
ohp	37
ohss	2
oido	8
oiga	3
oirr	4
ojo	3892
ojos	1163
ojosbel	6
ojosc	2
oka	35
okaldol	2
ol	13
olamina	4
olanzapina	100
olaparib	250
olas	54
older	2
ole	39
oleada	2
oleosa	3
oleosas	7
oler	9
olezarsén	35
olfato	86
olfatorio	118
olie	2
oligoadenilato	2
oligoarticular	8
oligoartritis	23
oligodendroglioma	4
oligoelementos	21
oligofrenia	2
oligohidramnios	39
oligohidrosis	2
oligomenorrea	33
oligometrorragia	15
oligometrorragias	2
oligonucleótido	9
oligonucleótidos	9
oligoplus	12
oligosacáridos	16
oligospermia	29
oligouria	2
oligovulación	8
oliguria	161
olipudasa	22
oliva	11
olla	6
olm	2
olmesartan	8
olmesartán	191
olmetec	30
olodaterol	28
olopatadina	16
olor	107
olores	10
olsalazina	3
olsen	5
olvida	254
olvidada	256
olvidadas	119
olvidadizo	4
olvidado	77
olvidados	12
olvidan	11
olvidar	23
olvidara	2
olvidaran	2
olvidaron	3
olvidarse	5
olvide	11
olviden	6
olvido	70
olvidos	2
olvidó	28
olympia	25
olympiad	6
olympus	6
olécranon	210
omacor	11
omadaciclina	2
omalizumab	81
omat	3
omaveloxolona	36
ombitasvir	191
ombligo	39
omd	7
omec	7
omega	41
omeprazol	36
omicro	5
omicron	312
omicrón	2
omidubicel	2
omifin	5
omisiones	16
omisión	70
omita	3
omitan	3
omite	121
omiten	10
omitida	91
omitidas	77
omitido	10
omitidos	21
omitiendo	2
omitir	37
omitirse	10
omjjara	61
omnic	5
omnipaque	2
omnis	2
oms	555
omvoh	18
omóplato	5
on	153
ona	8
onabotulinumtoxina	3
onasemnogén	73
onc	2
oncaspar	76
once	36
oncemrk	4
oncocercosis	7
oncogen	3
oncogenes	4
oncogén	12
oncogénesis	5
oncogénica	3
oncogénicas	15
oncogénico	6
oncogénicos	17
oncoiniciadoras	2
oncol	4
oncology	82
oncología	45
oncolítica	3
oncolíticos	2
oncológica	37
oncológicas	14
oncológico	86
oncológicos	48
oncoproteínas	2
oncotice	36
oncovin	2
oncólogo	4
oncólogos	3
onda	221
ondansetron	3
ondansetrón	58
ondas	133
ondexxya	8
ondontógenas	2
ondulada	3
onduladas	3
ondulados	2
onecare	2
onfalitis	4
ongentys	11
onglyza	34
ongoing	53
onicalgia	4
onicoclasia	16
onicoclasis	5
onicolisis	13
onicomadesis	12
onicomicosis	29
onicólisis	22
onimicosis	2
onj	3
onm	54
ono	4
onpattro	61
ontarget	110
ontario	2
ontozry	5
onza	5
onzas	30
oocitos	3
ooforectomía	3
ooforitis	16
ooo	2
op	2
opaca	2
opacas	4
opacidad	79
opacidades	43
opacificación	17
opaco	5
opal	26
opalescente	5
opc	25
opcional	36
opcionales	12
opcionalmente	4
opciones	370
opción	198
opdivo	96
opdualag	70
opella	7
open	19
opener	8
opera	5
operable	39
operables	4
operaciones	897
operación	119
operador	2
operados	4
operar	10
operativas	2
operativo	3
operatoria	48
operatorias	11
operatorio	35
operatorios	13
opicapona	25
opinion	4
opiniones	2
opinión	52
opio	39
opiodes	11
opioide	131
opioidea	5
opioideos	4
opioides	977
opiren	5
opistótonos	2
opiáceo	31
opiáceos	423
opm	6
opone	4
oponerse	2
oportuna	6
oportunamente	3
oportunas	37
oportunidad	51
oportunidades	2
oportunista	41
oportunistas	363
oportunistasa	2
oportuno	41
oposicionista	4
oposicionistas	6
oposición	15
opp	3
opresion	2
opresivo	3
opresión	174
oprima	2
opsoninas	3
opsonización	4
opsumit	20
optar	15
optarse	2
opte	3
optic	26
optima	3
optimal	26
optimise	8
optimización	55
optimizada	19
optimizado	38
optimizados	3
optimizar	51
optimizarse	3
optimizará	2
optimize	3
optimizó	5
optimum	20
optiray	5
optison	23
optometrista	2
optometristas	3
optotipos	3
opuesta	3
opuestas	3
opuesto	9
opuestos	5
opv	2
or	238
ora	5
oraciones	6
oración	4
oral	4383
oralair	35
orale	2
orales	1135
oralesc	3
oralmente	22
oralpuede	2
orap	53
oratorio	2
orb	4
orbenin	2
orbiculares	2
orbital	12
orbitaria	59
orbitario	50
orbitarios	21
orbitopatía	2
orca	18
orden	1035
ordena	2
ordenación	5
ordenada	7
ordenadas	48
ordenado	20
ordenador	74
ordenados	9
ordenan	49
ordenar	12
ordenarlas	3
ordenaron	3
ordenará	2
ordinal	27
ordinarios	3
ordspono	86
ore	2
oreja	75
orejas	16
orejuela	17
orencia	48
orexina	12
orfanato	10
orfidal	7
org	10
organ	13
organica	4
organisation	3
organismo	260
organismos	157
organizaciones	23
organización	54
organizada	14
organizadas	3
organizados	2
organizan	6
organizar	10
organizarse	9
organization	3
organizativa	17
organo	4
organofosforados	18
organogénesis	4
organomegalia	11
organon	5
organoneurosis	2
organos	13
organs	3
orgasmo	21
orgasmos	4
orgovyx	29
orgánica	98
orgánicas	49
orgánico	136
orgánicos	127
orgásmica	2
orient	3
orientacion	4
orientaciones	7
orientación	79
orientada	7
orientadas	4
orientado	16
orientados	2
oriental	24
orientales	7
orientando	3
orientar	23
orientarse	8
orientarán	2
orientativa	5
orientativo	2
orientativos	2
oriente	14
oriented	2
orificio	6658
orificios	27
origen	869
origin	4
origina	52
originada	20
originadas	20
originado	43
originados	15
original	868
originales	23
originalmente	28
originan	12
originando	19
originar	77
originaria	8
originariamente	4
originarias	6
originario	15
originaron	4
originarse	11
originaría	5
originó	10
orina	2353
orinar	254
orinarse	2
orinas	4
orine	77
orinen	8
orinó	15
orion	8
oritavancina	52
orkambi	8
orl	11
orladeyo	16
orlistat	38
ornitina	13
oro	13
orofacial	8
orofaringe	51
orofaringeo	5
orofaríngea	58
orofaríngeas	14
orofaríngeo	148
orofaríngeos	2
oros	19
orotato	2
orphacol	6
orquidectomía	2
orquiectomizados	2
orquiectomía	39
orquiepididimitis	6
orquitis	10
orr	140
orravan	2
orserdu	47
ortigas	7
ortodoncia	10
ortopnea	8
ortopoxvirus	2
ortopramida	2
ortopédica	62
ortopédicas	6
ortopédico	29
ortopédicos	89
ortostatismo	4
ortostática	370
ortostáticaa	2
ortostáticad	2
ortostáticas	8
ortostático	10
ortostáticos	21
ortotópico	6
orugas	17
orvatez	91
orvr	21
orzuelo	26
orzuelos	2
orál	2
orígenes	14
os	176
osa	22
oscila	63
oscilaba	23
oscilaban	22
oscilaciones	3
oscilación	2
oscilado	2
oscilan	39
oscilando	14
oscilante	2
oscilar	30
oscilaron	64
oscilará	6
oscilopsia	4
osciló	135
oscura	92
oscuras	15
oscurece	2
oscurecer	4
oscurecida	2
oscurecimiento	35
oscuridad	5
oscuro	48
oscuros	5
osd	3
oseltamivir	103
osificaciones	5
osificación	112
osificante	74
osilodrostat	49
osimertinib	17
osler	12
oslif	35
oslonensis	2
osmofundina	2
osmolalidad	67
osmolaridad	607
osmótica	78
osmótico	29
osmóticos	38
osp	6
ospemifeno	48
ospolot	16
osprey	6
oss	6
osteitis	3
osteoarticulares	6
osteoartritis	84
osteoartropatía	32
osteoartrosis	3
osteoblastos	6
osteoblástica	6
osteoblásticas	7
osteocalcina	4
osteoclastos	16
osteoclástica	9
osteocondral	103
osteocondritis	32
osteocondrodisplasia	4
osteocondrodisplasias	2
osteocondropatía	34
osteocondropatías	33
osteocondrosis	103
osteodistrofia	7
osteofito	34
osteogénesis	15
osteogénico	5
osteoide	9
osteoides	2
osteoinductiva	2
osteointegración	2
osteolisis	59
osteolíticas	3
osteomalacia	80
osteomielitis	308
osteomuscular	15
osteomusculares	2
osteonecrosis	530
osteopatía	68
osteopenia	33
osteopetrosis	6
osteopontina	2
osteopor	6
osteoporosis	886
osteoporótica	7
osteoporóticas	17
osteopénicas	8
osteosarcoma	52
osteosclerosis	2
osteotendinosos	4
osteotomía	2
osteum	11
osteítis	108
osteólisis	2
ostomía	3
ostras	2
osvaren	9
osvical	6
ot	4
otalgia	10
otc	9
oteracilo	8
other	31
otilonio	9
otitis	292
otix	5
otl	4
oto	2
otoacústica	2
otoacústicas	6
otoesclerosis	27
otolítico	5
otológico	3
otológicos	2
otomidrin	3
otorga	5
otorgó	3
otorragia	5
otorrea	11
otorrinolaringología	8
otorrinolaringológicas	6
otorrinolaringológicos	28
otorrinolaringólogo	5
otosclerosis	33
otoscopio	2
ototoxicidad	84
ototóxica	4
ototóxicas	2
ototóxico	7
ototóxicos	20
otoño	14
otra	6714
otras	9419
otrasb	2
otro	13506
otrob	2
otrod	2
otros	16205
otrosb	15
otrosc	5
otrosd	2
otrose	3
ott	3
outcome	33
outcomes	42
outreach	3
ova	4
oval	14
ovalada	2
ovalados	2
ovale	15
ovariectomía	5
ovario	898
ovarios	270
ovata	11
ovc	3
ovcr	25
oveja	2
ovejas	2
overall	19
ovestinon	14
ovillo	2
ovillos	2
ovitrelle	27
ovoalbúmina	4
ovocito	6
ovocitos	27
ovogénesis	4
ovoplex	23
ovr	51
ovulaciones	3
ovulación	176
ovulando	2
ovular	3
ovulatoria	2
ovulatorios	8
ovárica	344
ováricas	6
ovárico	117
ováricos	80
owren	3
oxa	12
oxacilina	9
oxacilinasas	2
oxalacética	4
oxalato	68
oxalatos	2
oxaliplatin	2
oxaliplatino	254
oxaloacética	6
oxalocálcica	2
oxaluria	2
oxazafosforina	2
oxazafosforinas	4
oxazepinas	3
oxazolidindionas	26
oxazolidinona	2
oxazolidinonas	69
oxbryta	20
oxcarbazepina	46
oxervate	25
oxford	9
oxibato	100
oxibuprocaína	22
oxibutinina	12
oxicam	3
oxicams	3
oxicelulosa	2
oxicodona	79
oxicámicos	2
oxida	3
oxidación	34
oxidada	2
oxidadas	3
oxidado	3
oxidan	2
oxidante	17
oxidantes	8
oxidar	2
oxidasa	90
oxidasas	2
oxidativa	11
oxidativo	12
oxidativos	3
oxido	4
oxidorreductasa	10
oxidronato	5
oxifenbutazona	2
oxigenación	48
oxigenada	5
oxigenasa	16
oxigeno	8
oxigenoterapia	67
oxihemoglobina	2
oxihidróxido	19
oximetazolina	17
oximetría	13
oximorfona	3
oxina	5
oxipurinol	6
oxis	19
oxitetraciclina	66
oxitocina	60
oxitriptán	2
oxitropio	2
oxitócica	3
oxitócico	2
oxitócicos	31
oxiuriasis	2
oxiuros	9
oxlumo	12
oxmdg	12
oxo	7
oxodotreotida	31
oxoesteroide	10
oxoprolina	32
oxyacantha	2
oxycontin	19
oxytoca	30
oxígeno	943
oxígenoe	4
oxígenos	3
oxímetro	14
oxímetros	4
oye	2
ozanex	5
ozanimod	167
ozempic	13
ozenoxacino	27
ozogamicina	52
ozono	10
oído	2619
oídos	124
oír	23
p	11209
pa	174
paa	7
paap	2
paba	23
pabellón	110
pac	11
pace	18
pacienes	2
paciente	10262
pacientes	108946
pacientesa	11
pacientesb	4
pacientescon	4
pacientese	3
pacientessujetos	2
pacientesy	2
pacific	8
pacifico	3
packing	20
paclitaxel	670
pact	2
pactg	2
pacífico	27
pad	43
padcev	24
padece	76
padecen	227
padecer	353
padecerla	10
padecerlas	3
padecerlo	2
padecida	4
padecido	18
padecieran	5
padecieron	17
padecimientos	12
padeció	4
padecía	21
padecían	86
padeliporfina	4
padezca	7
padezcan	110
padh	5
padrastro	2
padre	57
padres	252
pads	13
padse	9
padua	3
pae	6
paediatric	7
paf	14
pafolacianina	10
paga	7
pagan	4
pagar	12
paget	65
pago	2
pagó	2
pah	4
pai	4
paidoterín	2
pain	17
paintball	5
paisajismo	2
paja	2
pajilla	2
pal	10
pala	2
palabra	14
palabras	76
palace	37
paladar	267
paladio	209
palanca	40
palatino	123
palbociclib	99
palexia	25
palforzia	62
paliación	4
paliados	2
paliar	2
paliativa	18
paliativo	40
paliativos	11
palidez	127
palillo	4
palindrómico	32
paliperidona	147
palisade	31
palivizumab	89
palladium	6
pallidum	14
palma	112
palmar	198
palmas	23
palmeados	10
palmitoiltransferasa	2
palmo	41
palmoplantar	98
paln	3
palo	27
paloma	18
palomitas	2
palonosetron	14
palonosetrón	85
palopegteriparatida	13
palpable	27
palpables	5
palpación	144
palpado	2
palpando	2
palpar	11
palparse	3
palpe	2
palpebral	136
palpitacio	2
palpitaciones	681
palpitación	20
palpitante	4
paludismo	48
palynziq	69
palúdica	2
pam	85
pamen	2
pamidronato	61
pams	4
pan	12
panamá	2
panca	4
pancitiopenia	2
pancitopenia	308
pancitopeniab	2
pancitopeniad	2
pancitopeniag	2
pancolitis	10
pancreatina	6
pancreatitis	1296
pancreatitisa	3
pancreatitisaa	2
pancreatitisb	2
pancreatitisc	2
pancreatitisi	2
pancreatitisu	2
pancreatografía	2
pancreoflat	2
pancreática	112
pancreáticas	96
pancreático	511
pancreáticos	70
pancuronio	2
pandemia	17
pandémico	3
panel	165
paneles	5
panencefalitis	3
panes	7
pangenotípico	8
pango	2
panic	2
paniculitis	32
panitumumab	37
pankreoflat	4
panmielosis	4
pannus	5
panobinostat	75
panoftalmitis	5
panorama	19
pansinusitis	4
panss	62
pantalla	30
pantallas	7
pantalones	18
pantecta	7
pantoprazol	14
pantorrilla	63
pantorrillas	2
pantoténico	18
pantuflas	2
panuveítis	10
pao	6
paola	8
pap	24
papanicolaou	54
papanicolau	19
papas	6
papaverina	2
papaya	2
papaína	2
papel	323
paperas	91
papila	18
papilar	110
papilares	5
papilas	9
papiledema	56
papilitis	11
papillas	2
papiloedema	8
papiloma	88
papilomab	2
papilomas	2
papilomavirus	6
papiráceo	37
papular	147
papulares	4
papuloescamosa	3
papuloescamosos	3
papulopustular	5
papulopústulas	3
papulosa	12
papulosis	3
papuloso	4
papulovesicular	2
papá	3
paqlq	8
paquete	11
paquetes	21
par	84
para	60845
paraaminobenzoico	11
paraaórticos	4
parabasales	5
parabenos	5
paracaidista	16
paracentesis	18
paracervical	9
paracetamol	961
paracoccidioidomicosis	8
parada	220
paradigm	10
paradigms	2
parado	5
paradójica	79
paradójicamente	4
paradójicas	62
paradójico	109
paradójicos	5
paraestesia	6
paraestomal	3
parafenilendiamina	5
parafilia	2
parafilias	2
parafina	24
paraganglio	32
paraganglioma	8
paragangliomas	11
paraganglios	3
parageusia	2
paragonimiasis	3
paraguas	16
parahidroxibenzoato	179
parahidroxibenzoatos	2
parainfluenza	49
parainfluenzae	5
parala	2
paralela	14
paralelamente	4
paralelas	8
paralelo	51
paralelos	223
paralisis	16
paraliza	3
paralizado	4
paralítica	15
paralíticas	30
paralítico	162
paralíticos	14
paramacular	5
paramagnético	8
paramagnéticos	4
parametritis	3
parametro	5
parametroa	2
parametros	3
paramomicina	2
paramount	6
paranasal	2
paranasales	66
paraneoplásica	8
paraneoplásico	3
paranoia	34
paranoide	12
paranoides	14
paraparesia	18
paraparesis	2
parapertusis	2
parapertussis	4
paraplejia	20
paraplejía	3
parapoxvirus	3
parapres	14
paraproteinemia	9
paraproteinemias	5
parapsilosis	17
parapsoriasis	8
parar	33
pararon	3
pararrenal	2
pararse	11
parasimpaticolíticas	2
parasimpaticolíticos	29
parasimpaticomimético	2
parasimpaticomiméticos	32
parasimpático	3
parasimpáticos	4
parasitaria	21
parasitarias	108
parasitario	11
parasitemia	2
parasitológica	2
parasitosis	8
parasomnia	6
paratifoidea	7
paratiroidea	114
paratiroideas	12
paratiroidectomía	6
paratiroideo	13
paratiroideos	3
paratiroides	352
paratohormona	5
paratyphi	3
paravenosa	13
paravenoso	3
paravisceral	2
parc	3
parche	182
parches	73
parcial	1821
parciales	142
parcialmente	134
parda	20
pardo	6
parduzca	3
parduzco	2
pare	10
pareada	3
pareadas	5
pareados	17
parece	473
parecen	157
parecer	45
parecerse	22
parecida	40
parecidas	29
parecido	43
parecidos	52
parecieron	13
pareció	53
parecoxib	55
parecía	7
parecían	18
pared	1976
paredes	84
pareja	244
parejas	88
parenquimal	5
parenquimatosa	2
parenquimatosas	4
parenquimatoso	4
parenquimatosos	6
parent	2
parental	12
parentales	6
parenteral	391
parenterales	37
parenteralmente	3
pares	52
paresia	47
paresias	3
paresis	15
parestesia	774
parestesiaa	3
parestesiad	7
parestesias	139
parestésica	5
parezca	12
parezcan	4
parhidroxibenzoato	2
paricalcitol	10
pariente	16
parientes	7
pariet	19
parietal	151
parietales	10
parietoalveolares	2
paritaprevir	199
park	2
parkinson	352
parkinsoniana	6
parkinsoniano	11
parkinsonianos	37
parkinsonismo	107
parlodel	37
paro	235
paromomicina	21
paroniquia	55
paroniria	3
paros	2
parosmia	48
parotiditis	114
parotídeo	121
paroxetina	53
paroxística	89
paroxísticas	5
paroxístico	22
paroxísticos	5
parp	55
parpadea	2
parpadear	3
parpadeo	9
parpebral	7
parque	5
parques	3
parrilla	3
pars	14
parsabiv	53
partan	2
parte	5937
partes	1163
participa	40
participaba	2
participaban	8
participación	95
participado	29
participan	36
participando	7
participante	56
participantes	2586
participantesa	2
participantesf	4
participar	116
participaron	500
participe	5
participen	6
participó	14
partición	3
particular	773
particulares	18
particularidades	4
particularmente	587
partida	38
partidos	4
partiendo	9
partir	4504
partirlos	4
partirse	7
partners	7
parto	1229
partos	10
partícula	5
partículas	308
parvovirus	49
parvula	2
parálisis	458
parámetro	278
parámetroa	2
parámetros	970
parásito	58
parásitos	152
parénquima	23
paréntesis	10
paró	2
parótida	57
parótidas	17
pas	82
pasa	304
pasaban	2
pasada	30
pasadas	43
pasado	153
pasados	34
pasaje	17
pasajera	38
pasajeras	19
pasajero	1355
pasajeros	140
pasamanos	7
pasan	76
pasando	13
pasang	2
pasar	202
pasaran	4
pasarle	5
pasaron	150
pasarse	5
pasará	11
pasas	4
pasatiempo	4
pasatiempos	3
pase	44
pasear	3
pasen	14
pases	4
pasi	555
pasiflora	10
pasireotida	89
pasiva	48
pasivamente	3
pasivo	3
paso	256
pasos	199
pasp	2
pass	20
passe	5
passiflora	5
pasta	24
pastas	4
pasteles	4
pasteurella	18
pasteurelosis	4
pasteurizada	2
pasteurizados	5
pasteurizar	3
pastilla	33
pastillas	66
pastizales	2
pasto	9
pastosa	2
pasárselo	2
pasó	18
pata	3
patada	7
patadas	7
patas	7
patau	3
patear	2
patelofemoral	12
patent	16
patente	23
paternidad	3
pathfinder	4
pathology	4
pathway	17
patient	18
patientes	3
patients	11
patinador	4
patinaje	6
patines	96
patinete	124
patio	15
patirómero	78
patisirán	23
pato	15
patofisiología	4
patogenia	19
patogenicidad	3
patogénesis	20
patogénica	4
patogénicas	5
patogénico	2
patogénicos	2
patologias	2
patología	245
patologías	215
patológica	1301
patológicamente	7
patológicas	42
patológico	41
patológicos	33
patos	2
patrocinado	7
patrocinador	3
patrocinados	14
patrones	96
patrón	267
patulosa	3
patético	16
patía	5
patín	39
patógena	6
patógenas	6
patógeno	104
patógenos	302
patólogo	16
patólogos	5
pauciarticular	32
paulatina	13
paulatinamente	22
paulatino	3
pausa	17
pausas	25
pauta	2293
pautada	4
pautado	2
pautar	2
pautarse	2
pautas	572
pavimentadas	2
pavimento	2
pavimiento	2
pavo	17
paxlovid	40
paxtibi	5
pazopanib	147
país	94
países	159
pañal	46
pañales	46
paño	14
paños	5
pañuelo	26
pb	105
pbc	7
pbd	2
pbg	6
pbi	21
pbmc	23
pbmcs	9
pbna	33
pbo	134
pboa	2
pbp	19
pbpc	31
pbpcs	12
pbps	22
pc	188
pca	77
pcb	5
pcc	26
pcd	19
pcdai	6
pce	54
pci	18
pcia	12
pcm	13
pcp	27
pcr	496
pcrus	12
pcs	29
pcsi	5
pct	5
pcwp	3
pcyc	37
pd	1701
pdai	10
pdal	4
pdc	41
pde	27
pdff	3
pdgf	9
pdgfr	38
pdgfra	18
pdh	2
pdl	5
pdms	11
pdq	4
pds	6
pdss	2
pdx	3
pe	86
pea	30
peag	19
peak	4
pearl	48
pearson	135
peatonal	163
peatón	1053
pec	10
pecanas	3
pecas	10
peces	42
pecho	1044
pechof	2
pechos	11
pechoy	2
pecp	3
pecto	3
pectoral	2
pectoris	9
peculiares	2
pedacr	2
pedal	78
pedalea	2
pedalear	4
pedales	734
pedazo	3
pedbac	2
pedi	10
pediatr	2
pediatra	21
pediatras	5
pediatric	3
pediatrica	19
pediatricos	7
pediatrics	6
pediatría	64
pedicular	42
pediculosis	7
pediculus	3
pedido	13
pediococcus	2
pedir	141
pedirle	84
pedirse	10
pedirá	33
pedis	24
pediátrica	5137
pediátricas	43
pediátrico	363
pediátricoa	2
pediátricos	3128
pedmarqsi	3
pedrosoi	3
peds	20
pedsql	7
pedsqltm	2
peduncular	3
pedíatrica	2
pedículo	7
pedírsele	6
peek	24
pees	4
peess	3
pef	7
pefr	3
pefusión	4
peg	134
pega	126
pegados	5
pegajosa	23
pegajosas	4
pegajoso	3
pegajosos	2
pegamento	5
pegan	6
pegar	11
pegarla	2
pegarse	2
pegaspargasa	16
pegasus	16
pegasys	218
pegatina	3
pegatinas	3
pegcetacoplán	125
pegfilgrastim	61
pegh	2
pegifn	90
pegilación	3
pegilada	29
pegiladas	3
pegilado	37
pegilados	7
peginf	3
peginterferón	160
pegol	21
pegunigalsidasa	49
pegvaliasa	17
pegvisomant	25
pegzilarginasa	38
pei	15
peinarse	3
peine	3
peines	2
peitel	3
pelagra	11
pelar	3
pelargonium	4
peldaños	4
pelea	7
peleas	2
pelger	4
peligro	251
peligros	28
peligrosa	76
peligrosamente	5
peligrosas	47
peligroso	51
peligrosos	53
peliosis	9
pelitos	2
pellegrini	4
pellizcar	2
pellizco	14
pelo	179
pelos	4
pelota	40
peludas	6
pelvianos	3
pelvis	1139
película	366
películas	2
pem	2
pemazyre	14
pembrolizumab	682
pemetrexed	283
pemetrexeda	2
pemfigoide	4
pemigatinib	62
pen	17
penciclovir	27
pendiente	47
pendientes	3
pendulares	4
pene	408
peneana	25
peneano	4
penemes	4
penetra	39
penetración	779
penetrado	10
penetran	3
penetrancia	2
penetrando	2
penetrante	57
penetrantes	4
penetrar	13
penetre	7
penfigoide	115
penfigoideff	2
penfigoides	3
penfill	11
penia	4
peniana	8
penianas	2
peniano	5
penicilamina	25
penicilin	3
penicilina	159
penicilinas	190
penicilinasa	10
penicilinasas	4
penicilánico	2
penilevel	19
pennsylvania	4
pensado	6
pensamiento	131
pensamientos	326
pensamos	4
pensando	15
pensar	68
pensión	10
penta	2
pentacarinat	3
pentagastrina	4
pentamidina	29
pentavalente	3
pentavalentes	3
pentazocina	10
pentetato	14
pentetreotida	8
pentetreótida	11
penthrox	33
pentobarbital	3
pentosano	9
pentostatina	54
pentoxifilina	14
pentoxiverina	12
penumbra	2
penúltima	5
penúltimo	4
peor	186
peores	19
pep	34
pepa	2
pepaxti	51
peprs	2
pepsina	18
peptidasa	43
peptidil	6
peptidildipeptidasa	3
peptido	2
peptidoglicano	13
peptidoglicanos	2
peptidoglucano	5
peptidoglucanos	2
peptidomimético	3
peptococcus	4
peptoniphilus	4
peptostreptococcus	29
peptídica	7
peptídicas	6
peptídico	10
peptídicos	14
pequeña	714
pequeñas	437
pequeño	633
pequeños	610
per	18
pera	5
perampanel	136
percentil	142
percentiles	42
percepciones	17
percepción	95
perceptible	42
perceptibles	9
perceptivo	17
perciba	5
percibe	9
percibido	5
percibidos	17
percibieron	2
percibir	5
percibirlos	2
percibirá	2
percibió	2
perclorato	10
percusión	2
percutánea	124
percutáneas	2
percutáneo	36800
perder	133
perderlo	2
perderse	5
perderá	4
perdida	26
perdidas	10
perdido	45
perdidos	43
perdiendo	7
perdiera	2
perdieron	40
perdigones	35
perdió	14
perdura	2
perdurabilidad	2
perduran	4
perenne	34
perennes	4
pereza	2
perezoso	3
perfección	3
perfecta	3
perfectamente	12
perfecto	3
perfenazina	17
perfil	2778
perfiles	125
perflutrén	2
perforaciones	137
perforación	834
perforada	13
perforado	13
perforador	3
perforante	9
perforantes	18
perforar	9
perforatum	78
perforina	4
performance	16
perfringens	23
perfumados	3
perfume	4
perfumes	2
perfunda	6
perfunde	18
perfundida	15
perfundidas	6
perfundido	20
perfundidos	51
perfundir	44
perfundirse	9
perfundirá	2
perfusion	55
perfusional	2
perfusiones	476
perfusión	6943
perfusióna	10
perfusiónb	2
perfusiónc	6
perfusióncc	2
perfusiónd	4
perfusiónde	2
perfusiónf	2
perfusiónh	2
perfusiónnn	2
perfusiónr	2
perfusiónu	2
perfusor	3
pergolida	6
pergoveris	19
peri	43
periactin	4
periamigdalino	2
perianal	15
perianales	17
periapical	2
periapicales	4
periareolar	2
periarteritis	9
periarticulares	4
periartritis	9
peribucal	8
peribulbar	7
pericardio	90
pericarditis	220
pericarditisc	4
pericarditisd	6
periciazina	4
periconcepcional	2
pericondritis	16
pericárdica	111
pericárdico	117
pericárdicos	27
pericárdicosao	2
pericárdicosh	2
perido	2
periferia	16
periferica	23
perifericas	5
periferico	3
periférica	1988
periféricaa	4
periféricac	2
periféricad	4
periféricae	3
periféricamente	12
periférican	2
periféricao	2
periféricas	157
periférico	1056
periféricoa	2
periféricobb	2
periféricod	3
periféricoe	2
periféricoi	3
periféricomm	3
periféricos	308
perimenopausia	11
perimenopáusicas	42
perimenopáusicos	3
perimetría	4
perinatal	47
perinatales	56
perindopril	243
perindoprilato	7
perineal	55
perineales	3
perineo	509
perineural	5
periné	14
periocular	263
perioculares	6
periodicidad	13
periodo	3769
periodontal	18
periodontales	22
periodontitis	50
periodos	449
perioperatoria	37
perioperatorias	4
perioperatorio	65
perioperatorios	2
perioral	71
periorbital	49
periorbitales	9
periorbitaria	19
periorbitario	30
periorbitopatía	8
periostina	3
periostitis	9
peripheral	5
periportal	2
periprocedimiento	3
periprotésica	93
periquirúrgica	2
periquirúrgico	5
perirradicular	2
perirrectal	3
perirrenal	2
peristalsis	6
peristaltismo	75
peristáltica	10
peristálticas	3
peristáltico	2
peritoneal	752
peritoneales	15
peritoneo	120
peritonitis	120
peritrabecular	2
peritumoral	11
peritumorales	3
periumbilical	53
periuretral	4
perivascular	11
periódica	309
periódicamente	418
periódicas	112
periódico	102
periódicos	122
perióseo	2
perjeta	207
perjudica	5
perjudicar	20
perjudicial	138
perjudiciales	16
perjudique	2
perjuicio	2
permanece	165
permanecen	74
permanecer	225
permanecerá	14
permanecerán	2
permanecido	7
permaneciendo	9
permanecieron	195
permaneció	71
permanecía	8
permanecían	14
permanencia	10
permanente	1238
permanentemente	437
permanentes	116
permanezca	23
permanezcan	46
permeabilidad	175
permeabilización	3
permeable	20
permeables	5
permetrina	11
permiso	5
permita	61
permitan	49
permite	2500
permiten	101
permitida	26
permitidas	10
permitido	38
permitidos	14
permitiendo	34
permitiera	4
permitieran	2
permitieron	70
permitir	173
permitirle	12
permitirá	10
permitió	403
permitía	30
permixón	3
permp	4
perniciosa	29
pero	4761
peronea	386
peroneal	2
peroneo	122
peroneos	69
peroné	1466
peroxiben	2
peroxidación	10
peroxidasa	15
peroxisoma	8
peroxisomas	14
peroxisome	2
peroxisómicos	2
perpendiculares	3
perpendicularmente	2
perpetuar	2
perr	11
perro	36
perros	27
persantin	2
persecución	2
persept	13
perseveración	2
perseverancia	3
persista	17
persistan	19
persiste	192
persisten	311
persistencia	173
persistente	778
persistentemente	22
persistentes	202
persistiendo	3
persistieran	3
persistieron	16
persistiese	2
persistir	100
persistió	35
persistía	6
persitente	2
persona	2455
personal	893
personales	161
personalidad	140
personalizada	6
personalizado	7
personalizarse	4
personas	3985
perspectiva	10
pertactina	6
pertecnetato	56
pertenece	109
pertenecen	23
perteneciente	24
pertenecientes	32
pertenecía	3
pertenecían	19
pertenencias	5
pertenezca	2
perthes	8
pertinencia	7
pertinente	43
pertinentes	60
perturbaciones	13
perturbación	11
perturbador	4
perturbadores	2
perturbar	3
pertusis	9
pertussis	74
pertuzumab	268
pertúsico	6
pertúsicos	2
perversión	5
perímetro	14
perío	2
período	1511
períodos	276
peróxido	34
peróxidos	8
perú	18
pes	12
pesa	9
pesaba	5
pesaban	66
pesada	15
pesadas	110
pesadez	53
pesadilla	14
pesadillas	201
pesado	1124
pesados	67
pesan	53
pesar	643
pesara	2
pesario	7
pesas	11
pesca	100
pescado	93
pescados	10
pese	37
pesen	243
pesenal	2
peso	5726
pesoe	2
pesos	33
pesq	2
pesquero	5
pestaña	3
pestañas	84
peste	26
pesticida	22
pesticidas	42
pestis	7
pesó	4
pet	348
petequia	4
petequial	2
petequias	105
petidina	43
petit	13
peto	4
petrie	2
petrositis	16
petróleo	27
peyronie	12
pez	3
pezones	13
pezuña	16
pezón	254
pf	73
pfc	13
pfdhfr	5
pfdhps	5
pfh	29
pfhs	2
pfizer	45
pfo	3
pfp	6
pfs	206
pg	85
pga	123
pgab	2
pgi	15
pgic	17
pgis	3
pgp	5
pgr	15
pgsn	2
pgtc	2
pgtcs	9
ph	648
pha	14
phallcon	12
pharm	6
pharma	32
pharmacia	2
pharmacopoeia	2
pharmagrip	3
pharmdx	40
pharos	21
phase	5
phe	8
phenosense	5
phesgo	139
philadelphia	9
phleum	3
phoenix	12
phonal	3
photodynamic	3
photon	3
phq	2
phrancesca	2
phs	3
phts	6
physalia	17
physalis	17
physan	2
physical	5
physician	13
pi	2
pia	12
pian	17
piano	3
piasky	27
pibrentasvir	74
pic	16
pica	24
picado	12
picadura	433
picaduras	89
pican	20
picantes	9
picaportes	2
picar	8
picaridina	2
picazón	180
pick	34
picleo	2
pico	82
picogramos	3
picomolar	5
picor	298
picores	12
picos	28
picosulfato	16
picoteado	10
picrato	6
picture	2
picudas	2
picxel	6
pid	2
pida	43
pidan	53
pide	24
piden	3
pidió	9
pidolato	4
pie	7889
piedra	18
piedras	18
piedrita	2
piel	7599
piela	2
pielc	3
pieles	12
pielf	2
pielitis	5
pielografía	12
pielonefritis	121
pieloureteral	2
pieloureterografía	5
pielp	2
piensa	128
piensan	34
piensas	2
piense	16
piensen	2
pier	2
piercing	2
piercings	2
pierda	13
pierdan	7
pierde	55
pierden	18
pierna	3502
piernas	425
pies	447
pieza	28
piezas	11
pifeltro	9
piflufolastat	2
piflufolastato	53
pigmentaciones	20
pigmentación	201
pigmentada	39
pigmentadas	8
pigmentaria	25
pigmentarias	2
pigmentario	102
pigmentarios	2
pigmento	29
pigmentos	5
pigmentosa	8
pigmentoso	4
pijamas	3
pik	5
pike	2
piketoprofeno	7
pilar	7
pilaris	3
pilas	2
pilocarpina	16
pilocítico	2
piloerección	12
pilonidal	8
piloroduodenal	12
piloroplastia	2
pilosa	5
pilosas	13
piloso	4
pilosos	4
pilot	4
piloto	13
pilón	103
pilórica	15
pim	3
pimecrolimus	40
pimozida	66
pin	3
pinaverio	4
pinazepam	5
pincel	3
pincha	24
pinchar	7
pinchará	6
pinchazo	70
pinchazos	9
pinche	2
pinchos	7
pineal	77
pineno	2
pineoblastoma	2
pingueculitis	5
pinguécula	5
pinp	2
pinta	13
pintura	29
pinturas	19
pinza	9
pinzamiento	8
pinzas	12
pio	227
pioderma	15
piodermia	4
pioglitazona	546
piogénico	2
piojo	6
piojos	89
pioneer	16
piotórax	3
pip	7
pipa	7
piperacilina	50
piperaquina	17
piperazina	6
piperazínico	3
piperidin	2
piperidina	2
piperidínico	2
piperita	16
pipf	32
piqray	80
pique	2
piracetam	26
piramidal	51
piramidales	7
pirazinamida	64
pirazolidinas	8
pirazolona	5
pirazolonas	39
piresis	2
piretrinas	2
pirexia	880
pirfenidona	114
piridinona	2
piridostigmina	12
piridoxal	18
piridoxamina	7
piridoxina	88
pirimetamina	32
pirimidina	12
pirimidinas	9
pirimidínicas	2
pirimidínicos	2
piritiona	5
pirofosfato	14
piroglutámica	130
piroglutámico	19
pirogénica	3
pirogénicas	3
pirogénico	4
pirosis	17
piroxicam	41
pirr	3
pirrolidona	9
pirtobrutinib	22
piruvato	34
pirógeno	4
pirógenos	2
pirúvica	8
pirúvico	4
pis	3
pisa	6
pisado	7
pisar	21
piscina	127
piscinas	5
pisiforme	49
piso	25
pisos	5
pista	10
pistas	4
pistola	65
pistolas	8
pisz	2
pitavastatina	118
pitiriasis	24
pitolisant	60
pituitaria	156
pituitarias	5
pituitario	35
pituitarios	10
pityriasis	3
pityrosporum	6
piuria	24
piv	16
pivalato	3
pivka	3
pivmecilinam	8
pivota	2
pivotal	400
pivotales	340
pivoxilo	3
pix	2
pixantrona	15
pixuvri	51
piz	2
pizotifeno	11
pizz	2
piémica	8
piña	3
piógena	17
piógenas	2
piógeno	2
pjia	3
pk	55
pka	3
pkk	6
pku	27
pl	11
pla	3
placa	346
placas	396
placebo	16838
placeboa	14
placebob	18
placeboc	21
placebod	4
placeboe	2
placebos	4
placenta	193
placentae	2
placentaria	49
placentario	12
placentas	40
placentero	2
placenteros	2
placentitis	33
placer	6
plagas	4
plaguicidas	40
plan	276
plana	54
planar	213
planares	10
planas	7
planea	25
planeada	13
planeado	19
planeador	72
planeados	3
planean	10
planeando	39
planear	4
planee	6
planeen	14
planes	34
planeó	4
planifica	4
planificación	15
planificada	58
planificadas	6
planificado	78
planificados	20
planificando	17
planificar	38
planificaron	2
planificarse	6
planificó	7
planifique	2
plano	79
planos	4
planta	66
plantago	27
plantar	137
plantares	6
plantarum	5
plantas	292
plantea	7
planteado	3
planteamiento	3
plantear	18
plantearon	2
plantearse	20
planteará	2
plantilla	2
plantillas	4
planus	4
plaqueta	3
plaquetar	3
plaquetaria	369
plaquetarias	17
plaquetario	210
plaquetarios	185
plaquetas	1773
plasco	4
plasma	850
plasmablastos	2
plasmablástico	2
plasmacitoma	6
plasmaféresis	33
plasmas	2
plasmaticas	3
plasmina	21
plasminógeno	55
plasmoblastos	2
plasmocelular	2
plasmocitoides	2
plasmocitoma	15
plasmocitomas	7
plasmocitos	2
plasmocitosis	2
plasmodio	5
plasmodios	2
plasmodium	60
plasmática	669
plasmáticas	635
plasmático	401
plasmáticos	549
plasmídica	3
plasmídicas	2
plasmídico	2
plasmídicos	2
plastificante	3
plata	16
plataforma	18
plateadas	3
platelet	4
platform	4
platillos	3
platino	854
platinos	3
plato	106
platos	7
plausibilidad	2
plausible	7
play	2
playa	4
plazo	3084
plb	15
plc	2
plcrc	2
plegamiento	2
plegridy	15
pleiotrópica	3
pleiotrópicos	2
plena	12
plenamente	34
plenas	6
plendil	3
plenigraf	6
plenitud	38
pleno	4
plenur	7
pleocitosis	3
pleomórfico	2
plerixafor	114
pless	7
pletismografía	8
pletismográficos	3
pleura	224
pleural	574
pleurala	2
pleurales	29
pleuresía	8
pleuritis	11
pleurocentesis	2
pleuropericarditis	3
pleurotótonos	7
pleurítico	7
plex	5
plexiformes	5
plexo	253
plexos	12
plg	3
plgf	4
pliaglis	16
plica	4
pliegue	12
pliegues	69
plnd	15
plomo	190
plot	19
plozasirán	56
plp	2
plps	3
plt	4
plugh	2
pluma	236
plumas	32
plurimen	12
pluripotentes	2
plus	199
pluvial	6
pluvicto	78
plásmido	3
plásmidos	37
plástica	19
plástico	155
plásticos	3
plátano	3
plátanos	2
pm	44
pma	2
pmb	14
pmc	31
pmi	4
pml	7
pmmr	43
pmol	40
pmr	23
pms	20
pn	78
pna	2
pnb	20
pnd	2
pnet	39
pneumocistis	4
pneumococcus	3
pneumocystiis	2
pneumocystis	174
pneumonia	9
pneumoniae	238
pneumonitis	13
pneumonía	12
pneumophila	21
pneumotórax	2
pneumovax	6
pnh	28
pnps	3
po	23
poa	2
poblacion	15
poblacional	60
poblacionales	13
poblaciones	1547
población	9556
pobladas	4
pobre	39
pobremente	8
pobres	73
pobreza	5
poca	260
pocas	128
pocillo	4
pocillos	11
poco	11885
pocos	483
podadora	7
poder	267
poderoso	3
podertonic	3
podido	156
podocitos	4
podofilotoxina	11
podria	4
podrian	2
podrá	318
podrán	76
podría	1958
podrían	914
podía	95
podían	183
podólogo	5
poem	30
poems	5
poetky	2
poetyk	31
pointes	300
pointesa	2
poiquilodermia	2
poise	2
poisson	25
pol	9
polaquiuria	111
polaquiuriai	2
polar	24
polaracrem	8
polaramine	7
polaris	47
polarix	12
polarización	6
polatuzumab	12
polen	58
polg	8
poli	26
poliacrilonitrilo	8
poliangeítis	54
poliangitis	2
poliaquiuria	3
poliarteritis	12
poliarticular	76
poliarticulares	4
poliartralgia	2
poliartritis	45
poliartropatía	2
poliartrosis	3
policatiónico	2
policitemia	84
policitemias	2
policlonal	7
policlonales	8
policía	4
polidactilia	2
polidextrosa	2
polidipsia	34
polidocanol	2
poliestireno	12
poliestirenos	2
poliestirenosulfonato	5
polietersulfona	10
polietilenglicol	66
polietileno	34
polifagia	6
polifenólicas	3
poliglandular	6
poliglobulia	2
poliglutamación	4
poliglutamato	4
polihexanida	16
polihidramnios	43
poliinsaturados	14
polimaltosa	4
polimedicados	12
polimenorrea	6
polimerasa	209
polimerasas	36
polimerización	13
polimialgia	53
polimicrobianas	4
polimiositis	34
polimiositisz	2
polimixina	50
polimixinas	7
polimorfa	9
polimorfismo	18
polimorfismos	74
polimorfonucleares	5
polimérico	2
polimórfica	16
polimórficas	5
polineuritis	13
polineuropatia	2
polineuropatía	173
polineuropatíad	3
polineuropatías	9
polinucleares	2
polio	110
poliolefina	2
polioles	2
polioma	3
poliomavirus	15
poliomelitis	4
poliomielitis	79
poliostótica	3
poliovirus	16
polioxietilenado	12
polioxil	2
polioxilo	5
polipectomía	3
polipeptídico	4
polipeptídicos	2
poliploidía	2
poliposis	30
poliproteína	6
poliproteínas	4
polipéptido	27
polipéptidos	11
poliquimioterapia	21
poliquimioterápicos	9
poliquistosis	10
poliquística	5
poliquístico	105
poliquísticos	9
polirradiculoneuropatía	4
polirribosilribitol	2
polisacarídica	7
polisacárida	9
polisacárido	8
polisacáridos	26
poliserositis	3
polisináptica	3
polisomnografia	2
polisomnografía	11
polisomnográficos	3
polisorbato	203
polisorbatos	102
polisulfato	9
politerapia	18
politoxicómanos	3
politraumatismo	2
politraumatismos	8
poliuretano	31
poliuria	109
polivalente	2
polivalentes	10
polivinilideno	2
polivinilo	5
polivy	151
pollo	35
polo	78
polonia	3
polvo	324
polvos	17
polymerase	2
polymyxa	2
polímero	12
polímeros	4
polínica	16
política	2
políticas	4
pom	56
pomada	209
pomadas	40
pomalidomida	229
pombiliti	2
pomc	30
pomelo	109
pompe	89
poms	12
ponatinib	83
ponceau	11
ponderaciones	7
ponderación	9
ponderada	62
ponderadaa	2
ponderadas	9
ponderado	31
ponderados	8
ponderal	4
ponderar	8
ponderarse	3
pondrá	14
pondrán	2
pone	68
ponen	63
poner	194
ponerlas	2
ponerle	6
ponerles	2
ponerlo	5
ponerlos	4
ponerse	88
ponesimod	136
ponga	34
pongan	112
ponible	2
poniendo	9
pons	2
pontiac	8
pontino	5
ponv	2
ponvory	5
ponía	2
pooideae	2
pool	6
pop	3
poplítea	466
poplíteo	16
poppers	3
populares	6
popularidad	3
population	4
poquito	2
por	81729
pora	17
porcentaje	1667
porcentajes	181
porcentual	404
porcentuales	143
porciento	5
porcina	14
porcino	14
porciones	23
porción	189
porfiria	306
porfirias	19
porfirina	19
porfirinas	33
porfirinogénica	2
porfirogénico	3
porfobilinógeno	6
porina	3
porinas	7
poro	9
poros	4
porphyromonas	7
porque	955
porqué	2
porra	17
port	12
porta	157
portaba	3
portaban	4
portador	75
portadora	16
portadoras	33
portadores	194
portal	125
portan	13
portaobjetos	12
portar	4
portosinusoidal	2
portosistémica	14
portuguesa	17
portátil	9
portátiles	2
pos	69
posaconazol	161
posaleatorización	2
posauricular	5
posautorización	67
posbasal	29
posbasales	11
posbroncodilatador	9
poscarga	16
poscirugía	2
poscomercialización	937
posconcepcional	4
posdilucional	2
posdisentérica	32
posdosis	12
posee	276
poseen	62
poseer	14
poseidon	44
posencefalítica	2
posencefalítico	2
posexposición	24
posfiltrado	3
posglucarpidasa	2
poshemorrágica	2
posherpética	12
posibilidad	1324
posibilidades	121
posibilitan	6
posibilitar	3
posible	4783
posiblemente	518
posibles	1100
posicionada	2
posicional	3
posicionamiento	4
posiciones	78
posición	336
posinfecciosa	12
posinfecciosas	2
posinfección	3
posinflamatoria	2
posinflamatorias	5
posinicial	5
posiniciales	5
posinmunización	34
posintervención	3
positiva	670
positivaa	2
positivamente	16
positivas	214
positive	6
positividad	84
positivo	1734
positivos	973
positon	4
positron	4
positrones	78
poslaminectomía	2
posmastoidectomía	20
posmedicación	5
posmenopáusica	15
posmenopáusicas	147
posmenopáusico	7
posmenopáusicos	5
posmenstrual	6
posmetafásicas	2
posnatal	3
posoleucel	2
posologia	6
posología	2309
posologías	11
posológica	930
posológicas	276
posológico	140
posológicos	48
posoperados	2
posoperatoria	30
posoperatorias	8
posoperatorio	46
posoperatorios	8
posparto	176
pospolicitemia	2
pospolio	2
pospondrá	2
pospone	3
posponer	110
posponerse	25
posprandial	74
posprandiales	12
posprimovacunación	4
posprocedimiento	232
pospuberales	4
pospunción	3
posquirúrgica	10
posquirúrgico	4
posquirúrgicos	13
posradiación	2
posreumática	32
post	1346
postantibiótico	3
postautorización	7
postbasal	6
postcarga	21
postcoital	2
postcomercialización	322
postdiálisis	2
posterior	2893
posteriores	1366
posteriori	56
posterioridad	22
posteriormente	883
posterolateral	2
postestreptococica	3
postexposición	3
postganglionares	2
postherpética	5
posticum	5
postintervención	5
postiza	9
postizas	22
postmenopaúsicas	6
postmenopáusica	20
postmenopáusicas	119
postmenopáusico	20
postmenopáusicos	11
postmortem	2
postnasal	3
postnatal	11
postnatales	2
postoperados	2
postoperatoria	68
postoperatoriamente	2
postoperatorias	19
postoperatorio	156
postoperatorios	42
postoracotomía	2
postparto	22
postprandial	62
postprandiales	3
postprocedimiento	3
postquirúrgica	7
postquirúrgico	11
postquirúrgicos	6
postración	3
postrado	3
postransfusional	46
postrasplante	55
postratamiento	54
postraumática	64
postraumáticas	11
postraumático	33
postraumáticos	2
postre	9
postrema	6
postres	3
postrombótico	27
postsináptica	2
postsináptico	3
postsinápticos	11
posttérmino	2
postula	6
postulado	3
postulados	2
postura	68
postural	169
posturala	2
posturalc	2
posturales	7
posturas	14
posturografía	8
postvacunación	2
postvacunales	2
postérmino	3
posvacunación	22
posvacunal	8
posviral	2
potable	18
potasemia	17
potasio	2061
poteligeo	17
potencia	324
potenciaba	2
potenciación	71
potenciada	28
potenciadas	5
potenciado	113
potenciador	60
potenciadora	2
potenciadores	8
potenciados	40
potencial	941
potenciales	270
potencialmente	1462
potencian	11
potenciando	36
potenciar	116
potenciarse	18
potenciator	5
potenció	4
potente	508
potentemente	8
potentes	717
potásica	6
potásicas	2
potásico	53
povidona	38
powassan	2
power	12
pox	27
pozo	8
pp	212
ppar	40
ppasi	7
ppb	38
ppc	13
ppcu	2
ppd	43
ppe	9
ppf	13
ppg	44
ppgl	13
ppi	4
ppis	3
ppix	10
ppm	32
ppn	11
ppo	2
ppp	32
pps	8
ppt	12
ppv	3
pq	8
pqp	2
pqq	2
pqrad	19
pr	142
pra	7
practica	16
practicaban	2
practicable	2
practicada	3
practicadas	2
practicado	11
practican	11
practicando	3
practicantes	7
practicar	65
practicaron	4
practicarse	8
practicará	2
practicó	7
practique	17
practiquen	5
practolol	4
prademagene	8
prader	24
praderas	2
prados	4
pragmático	2
praise	13
pralsetinib	35
praluent	10
pramipexol	91
prandial	12
prandiales	3
pranoprofeno	2
prasterona	12
prasugrel	123
prasugrelb	3
pratense	3
pratensis	2
pravafenix	45
pravastatina	96
praxbind	14
prazosina	11
prb	4
prca	4
pre	635
preadolescencia	3
preadolescentes	3
prealbúmina	34
preanestesia	3
preanestésica	2
preanestésicos	4
preautorización	5
prebroncodilatador	6
precalicreína	2
precancerosas	29
precancerosos	3
precapilar	3
precapilares	3
precarga	29
precargada	349
precargadas	52
precargado	3
precaria	4
precauciones	1098
precaución	4730
precavido	2
precede	6
precedente	15
precedentes	32
preceder	21
precedida	26
precedidas	2
precedido	25
precedidos	11
precediese	2
precedió	7
precerebral	5
precerebrales	12
precinto	22
precipita	4
precipitaciones	2
precipitación	76
precipitado	16
precipitados	13
precipitan	9
precipitante	4
precipitantes	3
precipitar	100
precipitarla	4
precipitarse	14
precipite	2
precisa	243
precisaba	3
precisaban	12
precisado	9
precisamente	5
precisan	74
precisando	4
precisar	52
precisara	54
precisaran	3
precisaron	61
precisarse	8
precisará	3
precisarán	4
precisas	31
precise	34
precisen	48
precisión	76
preciso	264
precisos	52
precisándose	2
precisó	24
preclínica	10
preclínicas	4
preclínico	5
preclínicos	137
precoces	50
precoma	12
preconcepción	2
precordial	22
precordiales	3
precoz	371
precozmente	31
precuaciones	2
precursor	58
precursora	3
precursoras	17
precursores	157
precuña	4
precáncer	15
precánceres	2
precúneo	2
pred	9
predecesor	2
predecesores	2
predecible	10
predecibles	10
predecir	68
predefinida	23
predefinidas	28
predefinido	98
predefinidos	88
predefinió	2
predelirium	2
predepositar	2
predeterminada	9
predeterminado	16
predeterminados	5
prediabetes	89
prediabéticos	3
predicción	22
predice	15
predicen	11
predicha	5
predicho	93
predictiva	4
predictivas	5
predictivo	68
predictivos	22
predictor	5
predictores	2
prediga	3
predijeron	4
predijo	5
predilución	2
predispone	13
predisponen	29
predisponente	9
predisponentes	46
predisponer	68
predisponerles	10
predisponerlos	5
predisponga	4
predispongan	49
predisponían	3
predisposición	242
predispuestas	4
predispuestos	90
prediálisis	14
prednicarbato	6
prednisolona	182
prednisona	686
predomina	7
predominaban	2
predominan	5
predominante	77
predominantemente	380
predominantes	24
predomine	2
predominen	2
predominio	43
predonación	26
predosis	7
preeclampsia	67
preescolar	2
preescolares	3
preespecificada	22
preespecificadas	10
preespecificado	195
preespecificados	98
preespecificaron	2
preestablecida	5
preestablecido	11
preestablecidos	9
preexcitación	6
preexistente	785
preexistentes	301
preexposición	3
prefase	6
preferencia	59
preferencial	5
preferencias	15
preferente	169
preferentemente	114
preferentes	140
preferible	74
preferiblemente	283
preferibles	5
preferida	9
preferido	115
preferidos	47
preferir	3
preferirse	2
prefiera	6
prefiere	26
prefieren	4
prefijó	2
prefiltro	2
prefirió	2
preformados	3
prefrontal	4
prefundir	2
prefusión	17
pregabalina	107
preglaucoma	5
pregnancy	6
pregneno	2
pregnenolona	4
pregunta	28
preguntando	4
preguntar	73
preguntarle	34
preguntará	68
preguntarán	2
preguntas	353
pregunte	70
pregunten	4
preguntó	2
pregúntele	50
prehipertensión	3
preinclusión	82
preleucémica	4
preliminar	19
preliminares	24
premaligna	6
premalignas	11
prematura	168
prematuramente	114
prematuras	20
prematuridad	11
prematuro	303
prematuros	297
premedicación	259
premedicados	4
premedicar	11
premenopáusica	3
premenopáusicas	42
premenopáusico	8
premenopáusicos	2
premenstrual	49
premenstruales	2
premenárquicas	2
premezclada	11
premio	2
premonitorios	3
prenatal	104
prenatales	51
prenda	4
prendas	21
prendida	2
prendimiento	17
prensión	2
preocupa	28
preocupaciones	17
preocupación	75
preocupada	2
preocupado	16
preocupados	3
preocupan	11
preocupante	10
preocupantes	6
preocuparme	2
preocuparse	7
preoperatoria	44
preoperatorias	5
preoperatorio	22
prep	47
prepara	22
preparacion	3
preparaciones	184
preparación	516
preparada	29
preparadas	12
preparado	204
preparados	471
preparan	5
preparando	10
preparar	88
prepararlo	2
prepararon	2
prepararse	103
preparará	5
preparativo	59
preparativos	24
preparatoria	2
prepare	12
preparen	4
preparto	4
preponderancia	2
preprandial	16
preprandialmente	2
preprogramadas	2
prepuberal	10
prepuberales	3
prepubescencia	3
prepucio	98
prepúberes	3
prequimioterápica	4
prequirúrgica	5
prequirúrgico	5
preregular	2
prerrenal	9
prerrotuliana	4
pres	61
presap	5
presbiacusia	5
presbicia	11
prescindieron	3
prescriba	81
prescriban	16
prescribe	60
prescriben	19
prescribieron	2
prescribir	327
prescribirlo	4
prescribirse	69
prescribirá	6
prescribió	8
prescripciones	11
prescripción	323
prescriptor	93
prescriptores	57
prescrita	124
prescritas	35
prescrito	96
prescritos	23
preseleccionada	3
preseleccionados	5
presencia	2004
presenta	1245
presentaba	316
presentaban	986
presentacion	3
presentaciones	49
presentación	295
presentada	16
presentadas	44
presentado	267
presentadoras	18
presentados	35
presentamos	2
presentan	2674
presentando	36
presentar	1321
presentara	25
presentaran	38
presentarlo	2
presentaron	1309
presentarse	238
presentará	4
presentarán	37
presentase	5
presentasen	10
presente	494
presenten	842
presentes	217
presento	4
presentándose	12
presentó	445
preserva	7
preservación	19
preservada	7
preservado	2
preservando	2
preservar	4
preservativo	26
preservativos	24
preserved	4
preservó	2
presintomática	8
presintomáticas	4
presintomático	6
presintomáticos	13
presináptica	9
presináptico	4
presinápticos	5
presion	2
presiona	22
presionado	5
presionan	6
presionando	20
presionar	26
presionarse	2
presionará	6
presione	22
presiones	40
presión	4849
presora	2
presoras	2
presores	2
pressure	4
presta	3
prestan	2
prestando	17
prestar	210
prestarse	87
prestará	9
prestarán	2
preste	8
presume	3
presumiblemente	14
presumirse	2
presunta	17
presuntamente	14
presuntas	7
presunto	4
presuntos	7
presupone	5
presupuesto	2
presurizado	5
presurizados	7
presíncope	37
pretenda	3
pretende	9
pretenden	2
pretendía	2
preterapéutica	5
preterax	2
pretesting	3
pretomanid	3
pretratadas	2
pretratado	2
pretratados	83
pretratamiento	85
pretérmino	44
prevacu	3
prevacuna	9
prevacunación	13
prevail	12
prevalencia	313
prevalente	4
prevalentes	7
prevapix	2
prevea	7
prevenar	8
prevención	1623
prevendrá	2
prevenga	12
prevengan	2
prevenible	5
prevenibles	3
prevenir	1271
prevenirla	16
prevenirlas	6
prevenirlo	10
prevenirlos	10
prevenirse	32
prevent	18
prevention	21
preventiva	36
preventivas	70
preventivo	75
preventivos	29
prever	16
preverse	4
preveía	4
previa	2034
previamente	2460
previas	520
previene	106
previenen	26
previniendo	21
previno	7
previo	3056
previoc	5
previod	10
previoe	8
previof	15
previos	968
previosc	2
previosd	7
previosf	9
previsible	24
previsibles	7
previsión	5
prevista	191
previstas	20
previsto	251
previstos	31
previó	2
prevotella	15
prevymis	5
prevé	77
prevén	8
prexistente	2
prf	5
prialt	3
priapismo	97
priapismoc	2
priaprismo	4
prick	10
pridinol	6
priligy	43
prilocaína	16
prima	17
primaquina	3
primaria	2637
primariaa	4
primariae	2
primariael	2
primariamente	6
primarias	495
primario	1093
primarioa	5
primarioc	2
primarios	211
primary	5
primates	13
primavera	18
primaveral	2
prime	16
primer	3459
primera	3648
primeramente	4
primeras	1150
primerizas	3
primero	370
primeros	1262
primidona	45
primigrávida	12
primitiva	5
primitivo	2
primitivos	3
primo	8
primobolan	17
primoinfección	8
primolut	11
primordial	4
primordiales	2
primordialmente	7
primovacunación	102
primovacunada	2
primovacunadas	3
primovacunados	12
primovist	33
primperan	4
primrose	22
primula	2
principal	2491
principala	3
principalemente	3
principales	859
principalmente	1775
principio	1955
principioactivo	2
principios	655
printo	3
prinzmetal	59
priori	8
prioridad	6
prioritario	2
prioritize	2
priorix	79
priorización	3
priorizar	5
prisión	16
pristiq	2
privacidad	5
privación	94
privada	74
privado	28
privados	3
prl	11
prn	22
prnt	23
pro	63
proactiva	3
proactive	11
proactivo	6
proarritmia	11
proarritmias	5
proarrítmicas	10
proarrítmico	6
proarrítmicos	8
prob	2
probabilidad	556
probabilidades	346
probable	947
probablemente	425
probables	57
probada	50
probadas	18
probado	61
probados	17
probando	4
probar	42
probarse	3
probará	3
probe	3
probenecid	29
probióticos	4
problema	939
problemas	3633
problems	2
problemática	10
problemáticas	8
problemático	3
probnp	86
probucol	2
probó	7
proc	6
procainamida	49
procalcitonina	27
procarbazina	34
procaína	31
proceda	97
procede	187
proceden	54
procedente	84
procedentes	328
proceder	83
procederse	30
procederá	11
procedey	2
procediendo	3
procedimental	3
procedimentales	2
procedimien	2
procedimiento	1749
procedimientos	982
procedió	4
procedía	14
procedían	13
procesa	7
procesada	2
procesadas	3
procesado	2
procesados	9
procesamiento	65
procesan	2
procesar	9
procesarlo	2
procese	2
proceso	466
procesos	470
prociclidina	13
procinética	5
procinético	3
procinéticos	3
proclives	6
procoagulante	23
procoagulantes	4
procolágeno	2
procrear	2
proctalgia	17
proctalgias	2
proctitis	36
proctocolectomía	4
proctológico	2
proctoscopia	2
procurar	12
procurarse	3
procurará	3
procuren	3
prodes	22
prodrómica	22
prodrómicas	2
prodrómico	11
prodrómicos	20
producción	545
produce	2615
producen	926
producesu	2
producida	226
producidas	123
producido	620
producidos	108
produciendo	182
producir	2679
producirla	2
producirle	2
producirlo	3
producirlos	7
producirse	1299
producirá	22
producirán	8
produciría	8
produciéndose	35
productiva	138
productivamente	2
productivas	2
productividad	12
productivity	2
productivo	3
productivos	2
producto	1215
productor	13
productora	5
productoras	27
productores	18
productos	1367
producía	20
producían	6
produjera	62
produjeran	24
produjeron	1114
produjese	38
produjesen	7
produjo	1369
produzca	487
produzcan	297
proenzima	3
profesional	3638
profesionales	2605
profesiones	2
profesión	5
profesor	2
profess	6
professional	4
profibróticos	4
profilactico	4
profilaxis	1536
profile	3
profiláctica	107
profilácticamente	5
profilácticas	58
profiláctico	238
profilácticos	74
profound	3
profunda	694
profundamente	56
profundas	137
profundidad	120
profundización	6
profundo	152
profundos	35
profusa	9
profusas	3
profuso	4
profármaco	90
profármacos	9
progandol	26
progenitor	48
progenitora	3
progenitoras	61
progenitores	125
progestagénicas	2
progestagénico	4
progesterona	182
progestin	2
progestina	9
progestinas	3
progestogénicas	2
progestágena	5
progestágeno	308
progestágenos	251
progit	2
prognosis	4
prognostic	6
prograf	46
program	3
programa	568
programable	3
programación	7
programada	412
programadaa	6
programadab	3
programadac	3
programadas	25
programado	58
programados	43
programar	30
programarla	2
programarse	7
programará	2
programas	83
programe	2
programme	2
programó	2
progresa	46
progresaban	2
progresado	198
progresan	12
progresando	7
progresar	66
progresaron	45
progrese	12
progresen	5
progresion	13
progresiones	13
progresiva	661
progresivamente	128
progresivas	31
progresivo	159
progresivos	39
progresión	3202
progresióna	15
progresiónb	5
progresiónc	2
progresiónd	2
progresióne	3
progreso	24
progresores	2
progress	7
progression	17
progresó	11
proguanil	6
progyluton	17
progynova	16
prohance	18
prohancees	2
prohibida	5
prohibidas	3
prohibido	5
prohibidos	4
prohibieron	2
prohibir	3
prohibió	9
prohormona	10
proinflamatoria	9
proinflamatorias	38
proinflamatorios	16
proinsulina	9
prolactina	213
prolactinoma	17
prolactinomas	9
prolapsadas	2
prolapso	112
prolastina	13
proleukin	59
prolia	62
prolib	10
proliferaciones	3
proliferación	250
proliferador	8
proliferadores	5
proliferan	3
proliferantes	3
proliferativa	382
proliferativas	10
proliferativo	7
proliferativos	5
proliferator	2
prolificans	2
prolil	2
prolina	32
prolinfocítica	8
prolonga	133
prolongaciones	25
prolongación	1354
prolongada	1212
prolongadaa	4
prolongadas	98
prolongado	1208
prolongadoa	2
prolongador	2
prolongados	453
prolongan	102
prolongando	6
prolongar	224
prolongaron	6
prolongarse	66
prolongará	7
prolongue	14
prolonguen	22
prolongó	72
promediada	4
promediadas	5
promediado	4
promediar	3
promedio	498
promedios	9
promesas	2
promestrieno	4
prometazina	16
prometedora	3
promielocitos	10
promielocítica	29
prominente	6
prominentes	5
promis	8
promise	13
promoción	2
promotor	8
promotoras	2
promotores	2
promover	48
promovido	2
promoviendo	10
prompt	3
promueve	42
promueven	15
pronador	3
pronlongada	3
prono	5
pronosticado	7
pronosticados	2
pronosticaron	2
pronta	6
prontitud	6
pronto	352
pronunciación	14
pronunciada	73
pronunciadas	22
pronunciado	62
pronunciados	36
pronunciar	2
pronóstica	14
pronósticas	3
pronóstico	119
pronósticos	43
proopiomelanocortina	3
propafenona	25
propaga	51
propagación	77
propagadas	2
propagado	23
propagan	24
propagar	46
propagarse	41
propague	23
propaguen	6
propamidina	5
propanocaína	3
propanol	18
propanolol	3
propel	7
propelentes	2
propensa	3
propensas	28
propensión	30
propenso	23
propensos	129
propia	86
propiamente	4
propias	55
propicias	3
propiedad	25
propiedades	700
propifenazona	24
propil	10
propilamina	3
propilenglicol	169
propilo	69
propiltiouracilo	9
propio	73
propiocepción	3
propioceptiva	2
propionato	75
propionibacterium	27
propios	50
propiverina	8
propiónica	7
propiónico	40
propnb	5
propofol	60
propone	15
proponen	8
proponer	4
proporcion	7
proporciona	253
proporcionada	33
proporcionadas	19
proporcionado	33
proporcionados	15
proporcional	93
proporcionales	173
proporcionalidad	2
proporcionalmente	40
proporcionan	153
proporcionando	29
proporcionar	249
proporcionarle	7
proporcionarles	8
proporcionaron	30
proporcionarse	11
proporcionará	27
proporcionarán	3
proporcionaría	2
proporcionarían	2
proporcione	35
proporcionen	27
proporciones	143
proporciono	3
proporcionándole	2
proporcionó	96
proporción	2177
proporcióna	4
propoxifeno	2
propranolol	25
propria	2
proproteína	3
proptosis	32
propuesta	12
propuestas	10
propuesto	24
propuestos	5
propulsivo	4
propulsivos	4
propulsión	3
propulsora	3
propulsores	2
propéptido	11
propósito	38
propósitos	9
proquad	66
pros	8
proscar	50
proseguir	23
proseguirse	10
proselica	3
prosiguieron	5
prospantus	3
prospectiva	23
prospectivamente	41
prospective	7
prospectivo	162
prospectivos	91
prospecto	174
prosper	10
prostaciclina	38
prostaciclinas	5
prostaglandina	99
prostaglandinas	295
prostamida	3
prostamidas	3
prostanoide	4
prostanoides	12
prostata	3
prostate	6
prostatectomía	44
prostatismo	3
prostatitis	45
prostática	213
prostáticas	9
prostático	147
prostáticos	21
protamina	63
protamine	2
proteasa	425
proteasas	24
proteasoma	48
protecciones	2
protección	712
protect	17
protection	2
protector	97
protectora	124
protectoras	24
protectores	99
proteeae	2
protege	89
protegen	58
proteger	192
protegerle	4
protegerlo	10
protegerlos	8
protegerme	2
protegerse	75
protegerá	4
protegida	9
protegidas	10
protegido	10
protegidos	10
protegiendo	3
protegió	2
proteica	94
proteicas	4
proteico	37
proteicos	8
protein	12
proteina	18
proteinas	6
proteinasa	5
proteinasas	2
proteincinasa	2
proteinosis	5
proteinoterapia	2
proteinquinasa	4
proteinquinasas	2
proteinsuccinilato	3
proteinuria	493
proteinuriaa	3
proteinuriat	2
proteinúrica	2
proteinúricos	2
proteja	15
protejan	3
protenína	2
proteoglicanos	5
proteolítica	27
proteolíticas	12
proteosoma	51
proteus	96
proteín	3
proteína	1459
proteínas	1274
proteínica	2
proteínico	10
proteínquinasa	8
proteólisis	5
protionamida	2
proto	3
protocol	5
protocolo	617
protocolos	45
protones	221
protoplasma	2
protoporfiria	3
protoporfirina	5
protoporfirinas	2
protostar	4
prototipo	2
protozoaria	2
protozoarias	13
protozoarios	2
protozoo	5
protozoos	54
protrombina	237
protrombinasa	4
protrombínico	4
protrombóticas	2
protrombótico	5
protrusión	9
protuberancia	15
protuberancial	2
protuberancias	22
protuberans	3
protéico	3
protéjase	3
protésica	13
protésicas	10
protésico	4
protésicos	32
proud	11
proveblue	9
provecho	2
provee	4
proveedor	1207
proveedores	96
proveen	6
proveer	5
proveerá	2
provengan	3
proveniente	11
provenientes	22
provenir	16
provent	6
provenían	4
providencia	30
providentia	2
provider	2
proviene	76
provienen	78
provingo	2
proviron	10
provirus	2
provisacor	44
provisional	69
provisionales	4
provisionalmente	3
provisión	3
provista	3
provistas	2
provisto	8
provoca	465
provocaban	2
provocación	47
provocada	81
provocadas	58
provocado	72
provocador	2
provocados	24
provocan	120
provocando	116
provocar	1773
provocara	2
provocaran	3
provocarla	4
provocaron	93
provocarse	4
provocará	6
provocaría	6
provocholine	20
provocó	165
provoque	25
provoquen	22
proximal	993
proximales	16
proximidad	16
proximidades	8
proyecciones	4
proyección	3
proyectada	3
proyectado	7
proyectar	2
proyectil	35
proyecto	4
proyectos	2
prp	23
prrt	16
prs	15
prucaloprida	20
prudencia	32
prudente	22
prueba	7860
prueban	11
pruebas	5830
pruebe	8
prueben	2
prunus	2
pruriginosa	47
pruriginosas	23
pruriginoso	22
prurigo	36
prurito	2396
pruritoa	2
pruritob	2
pruritoc	5
pruritod	2
pruritof	2
pruritoo	2
pruritos	3
pruritus	13
prurítica	72
pruríticas	2
prurítico	14
práctica	445
prácticamente	84
prácticas	72
práctico	4
prácticos	2
pródromo	6
pródromos	3
próstata	1131
próstatas	6
prótesis	910
próxima	100
próximas	34
próximo	42
próximos	39
prúrito	2
ps	179
psa	433
psadt	5
psaes	3
psaid	2
psarc	15
psci	9
psd	4
pseudo	23
pseudoaldosteronismo	2
pseudoalérgicas	5
pseudoanemias	2
pseudoaneurisma	2
pseudocelulitis	2
pseudocolinesterasa	3
pseudodiphtheriticum	5
pseudoefedrina	259
pseudoescaras	2
pseudoexfoliación	3
pseudoexfoliativo	10
pseudofáquicos	16
pseudogota	4
pseudogripal	41
pseudogripales	13
pseudohipoparatiroidismo	5
pseudolinfoma	9
pseudolúpico	2
pseudomallei	4
pseudomelanosis	16
pseudomembranosa	136
pseudomona	2
pseudomonas	157
pseudomononucleosis	2
pseudomónica	2
pseudoneutralizantes	2
pseudoobstrucción	5
pseudoparkinsonismo	2
pseudopenfigoide	3
pseudoporfiria	12
pseudoquiste	6
pseudoquistes	3
pseudotipada	5
pseudotipadas	5
pseudotumor	25
pseudoviriones	11
pseudovirus	58
psfd	4
psg	13
psi	46
psicoactiva	78
psicoactivas	55
psicoactivos	24
psicoanalépticos	15
psicoanálisis	2
psicodinámico	2
psicodislépticos	54
psicoeducación	3
psicoestimulante	2
psicoestimulantes	74
psicofisiológico	3
psicofármacos	16
psicogeriátricos	2
psicogénica	2
psicología	5
psicolépticos	36
psicológica	70
psicológicas	21
psicológico	57
psicológicos	48
psicomotor	19
psicomotora	96
psicomotoras	12
psicomotores	4
psicomotrices	2
psicomotricidad	2
psicomotriz	29
psiconeurótico	2
psiconeuróticos	4
psicopatología	2
psicopatológico	2
psicopatías	2
psicopático	2
psicosensoriales	2
psicosis	263
psicosocial	18
psicosociales	10
psicosomático	2
psicosomáticos	7
psicoterapia	67
psicotropos	2
psicotrópicas	2
psicotrópicos	6
psicovegetativos	4
psicógena	42
psicógeno	3
psicólogo	8
psicólogos	14
psicótica	55
psicóticas	48
psicótico	170
psicóticos	159
psicótropo	10
psicótropos	60
psiquiatra	7
psiquiatras	16
psiquiatricos	3
psiquiatría	6
psiquiátrica	90
psiquiátricas	111
psiquiátrico	42
psiquiátricos	1287
psitacosis	2
psittaci	5
psitácidos	16
psm	20
psma	74
pso	26
psoas	5
psoraleno	12
psoriasiforme	32
psoriasiformes	4
psoriasis	1044
psoriasisan	2
psoriatic	5
psoriásica	411
psoriásicas	16
psp	7
psr	3
pss	12
pssd	8
pssi	19
pst	4
psummit	4
psvna	12
psz	2
psíquica	49
psíquicas	14
psíquico	4
psíquicos	4
pt	62
pta	5
ptao	2
ptc	2
ptca	4
ptcs	3
pte	3
pten	63
pteridina	2
pterigion	7
pterigión	31
ptgo	2
pth	147
pti	226
ptld	19
ptm	4
ptosis	65
ptp	53
ptps	25
pts	14
ptt	66
ptta	18
pttc	8
ptz	3
puberal	15
puberales	5
pubertad	158
pubis	89
public	5
publicaciones	45
publicación	13
publicada	36
publicadas	13
publicado	36
publicados	78
publican	3
publicar	2
publicaron	3
publications	2
pucai	11
pude	4
pudenda	2
pudendo	56
pudiendo	125
pudiera	76
pudieran	67
pudieron	206
pudiese	4
pudiesen	4
pudin	2
pudiéndose	19
pudo	192
pudín	2
pueba	2
puebras	2
pueda	856
puedan	763
puede	31295
pueden	15751
puedes	12
puedo	79
puente	105
puentes	21
puerperal	8
puerperales	3
puerperio	234
puerta	8
puertas	8
puerto	9
puertos	4
pues	73
puesta	7
puesto	398
pufs	2
pugh	690
puh	2
puhs	2
pulcritud	2
pulegona	2
pulgada	7
pulgadas	19
pulgar	1720
pulgares	4
pulido	2
pulm	4
pulmictan	19
pulmonale	27
pulmonar	4793
pulmonara	8
pulmonarb	3
pulmonarc	2
pulmonares	688
pulmonaresa	2
pulmonary	2
pulmones	757
pulmotec	3
pulmozyme	6
pulmón	1414
pulmónes	2
pulpa	16
pulpar	3
pulpitis	7
pulsaciones	33
pulsación	27
pulsada	7
pulsador	12
pulsante	5
pulsar	5
pulsioximetría	21
pulsioxímetro	5
pulso	172
pulsos	8
pulsátil	10
pulsátiles	6
pulverice	2
pulveriza	3
pulverizaciones	44
pulverización	68
pulverizado	2
pulverizador	98
pulverizadores	8
pulverizar	8
pumilus	5
pumpcart	13
punciones	13
punción	319
punctata	10
punta	144
puntación	7
puntada	2
puntaje	8
puntajes	3
puntal	2
puntas	17
punteada	27
puntiagudas	8
puntiagudo	16
puntiforme	35
punto	982
puntos	1317
puntuacion	15
puntuaciones	472
puntuación	3162
puntuacióna	6
puntual	106
puntuales	51
puntuaron	6
puntúa	2
punzada	4
punzadas	12
punzante	1221
punzantes	11
punzón	2
pup	42
pupila	57
pupilar	32
pupilares	11
pupilas	56
pups	30
pur	4
pura	80
puramente	2
pure	7
puregon	40
pureza	20
purga	11
purgante	8
purgantes	3
purgar	4
purgas	3
purificación	8
purificada	13
purificadas	5
purificado	16
purificados	2
purina	30
purinas	36
purito	2
purkinje	5
puro	38
puros	5
purprep	22
purpura	10
purpurea	5
purpúrea	2
purpúrica	2
purpúricas	2
purshianus	2
pursue	23
pursuit	23
purulenta	31
purulentas	7
purulento	8
puré	17
purínico	7
pus	41
pusieron	11
puso	18
pustolosis	2
pustulación	3
pustular	89
pustulares	5
pustulosa	30
pustulosas	3
pustulosis	201
pustuloso	12
pustulosos	2
putamen	23
puva	26
puvaterapia	2
puñal	5
puño	7
pv	117
pvas	5
pvc	12
pvd	3
pvh	4
pvih	9
pvr	2
px	13
py	18
pylclari	4
pylera	26
pylori	166
pyogenes	70
pyr	4
pyralvex	2
pyrenees	6
python	4
página	21
páginas	2
pájaros	5
pálida	17
pálidas	3
pálido	10
pálidos	2
páncreas	626
pánico	144
pápula	21
pápulas	47
párametro	6
párkinson	3
párpado	1255
párpados	173
párrafo	18
párrafos	3
pélvica	420
pélvicas	96
pélvico	432
pélvicos	100
péndula	2
pénfigo	90
pénfigos	3
péptica	257
pépticas	48
péptido	186
péptidos	41
pércreta	5
pérdida	4065
pérdidas	109
pídale	47
píldora	40
píldoras	47
píloro	117
píloroduodenal	7
píxel	3
pólenes	2
pólipo	41
pólipos	455
póngase	17
púberes	3
púbica	2
púbico	3
púbicos	4
pública	64
públicamente	2
públicas	2
público	19
públicos	11
púricas	2
púrpura	384
púrpuras	2
pústula	7
pústulas	59
q	130
qa	17
qalsody	7
qarziba	15
qd	27
qdenga	37
qei	3
qft	30
qi	2
qiagen	6
qid	3
qilu	4
qinlock	43
ql	3
qlq	62
qm	15
qmax	18
qmft	3
qmg	71
qmt	3
qnr	2
qol	98
qola	2
qolheq	2
qpcr	16
qrs	57
qrst	2
qrt	5
qsart	2
qt	1474
qtc	745
qtca	2
qtcb	13
qtcf	304
qtci	18
qtda	3
qtern	10
qtna	2
quadramet	19
quadrixam	35
quality	39
quantiferon	3
quantitative	2
quantum	5
quartz	4
quasar	36
quazepam	8
que	102366
quebradiza	2
quebradizas	9
quebradizos	3
quebrarse	5
queda	88
quedado	17
quedan	51
quedando	5
quedar	190
quedara	3
quedaran	2
quedaron	17
quedarse	157
quedará	10
quedarían	2
quede	37
queden	40
quedó	27
quehaceres	2
queilitis	37
queilosis	2
queja	3
quejarse	2
queje	3
quejen	3
quelación	16
quelante	51
quelantes	77
quelar	3
quelato	4
quelatos	6
queloides	4
quelético	2
queléticos	3
quema	12
quemada	11
quemadas	5
quemado	6
quemados	19
quemadura	2059
quemaduras	479
queman	4
quemantes	3
quemar	3
quemarlas	2
quemarse	4
quemazón	221
queme	2
quemodectomas	2
quemosis	2
quenodesoxicólico	24
queratina	15
queratinización	16
queratinizado	2
queratinizante	2
queratinocitos	18
queratitis	305
queratoacantoma	20
queratoacantomas	4
queratoconjuntivitis	55
queratocono	16
queratodermia	2
queratolítica	12
queratolíticas	7
queratolítico	3
queratolíticos	31
queratomalacia	8
queratopatía	99
queratopatías	4
queratoplastia	4
queratoplástica	3
queratoplásticas	3
queratoplásticos	26
queratosis	94
queratólisis	2
queratósis	2
queremos	3
querer	9
querido	45
queridos	6
querrá	2
quería	3
querían	2
queso	21
queson	2
quesos	7
quest	28
questionnaire	51
quetiapina	157
quiasma	12
quick	7
quiebras	2
quiedorm	11
quien	26
quienes	261
quiera	23
quieran	3
quiere	61
quieren	11
quiescente	4
quiescentes	2
quieta	3
quieto	32
quietos	2
quietud	3
quilo	180
quilomicronemia	10
quilomicrones	9
quilotórax	2
quimio	25
quimiocina	5
quimiocinas	10
quimioembolización	16
quimioinmunoterapia	14
quimiolisis	2
quimioprofilaxis	12
quimioquinas	10
quimioradioterapia	7
quimioreceptores	2
quimiorradiación	19
quimiorradioterapia	56
quimiorreceptora	11
quimiorreceptores	3
quimiorrefractario	5
quimiorrefractariob	2
quimiorresistente	4
quimiorresistentes	3
quimiotaxis	8
quimioterapia	3783
quimioterapiaa	4
quimioterapias	39
quimioterapéutica	2
quimioterapéuticas	4
quimioterapéutico	8
quimioterapéuticos	44
quimioterápico	36
quimioterápicos	116
quimiotáctica	2
quimiotácticas	2
quimo	2
quimotripsina	20
quiméricas	2
quimérico	24
quiméricos	22
quinagolida	5
quinapril	89
quinaprilato	9
quinasa	350
quinasas	70
quinazolina	2
quinazolinas	2
quince	19
quincenal	12
quincenales	9
quincenalmente	2
quincke	53
quinidina	76
quinina	16
quininas	5
quininasa	15
quinine	2
quinolona	5
quinolonas	85
quinona	5
quinta	154
quintillizos	4
quinto	250
quinuclidina	2
quinupristina	2
quiropráctica	6
quiroprácticos	3
quirófano	15
quirófanos	3
quirúrgica	602
quirúrgicamente	84
quirúrgicas	169
quirúrgico	371
quirúrgicos	212
quisiera	5
quiste	281
quistes	434
quita	10
quitado	2
quitaesmaltes	3
quitando	2
quitar	20
quitarse	32
quitará	7
quite	11
quiten	3
quitotriosidasa	2
quizartinib	20
quizá	14
quizás	59
quién	201
quiénes	28
quofenix	7
quviviq	15
qué	1842
quédese	8
química	236
químicamente	34
químicas	208
químico	42
químicos	166
quíntuple	6
quística	193
quísticas	2
quístico	46
quítese	2
quíteselos	2
qw	11
r	971
ra	166
raas	2
rabdoide	9
rabdomiolisis	150
rabdomiolisisa	3
rabdomiolísis	4
rabdomiosarcoma	50
rabdomiólisis	382
rabdomiólisisc	2
rabeprazol	29
rabia	37
rabidux	5
rabietas	2
rabipur	28
rac	2
racb	27
racbt	12
racecadotril	35
racecadotrilo	59
racemato	11
racemización	3
racemosa	5
racg	73
racgs	9
racial	25
raciales	11
racimo	6
racimos	14
racional	5
racloprida	2
racémica	14
racémico	5
rad	3
radelumin	6
radiaciones	31
radiación	1337
radiaciónk	2
radiactiva	73
radiactivamente	17
radiactivas	7
radiactividad	15
radiactivo	904
radiactivos	8
radiada	2
radiado	3
radiadores	7
radial	465
radiance	15
radiant	4
radica	4
radical	83
radicales	46
radicular	6
radiculitis	12
radiculopatía	53
radio	2506
radioabsorciometría	2
radioactiva	4
radioactivamente	8
radioactividad	12
radioactivo	64
radioactivos	2
radiocarpiana	38
radiocarpiano	13
radiocirugía	378
radiodermatitis	4
radiofarmaceútico	2
radiofarmacéuticas	2
radiofarmacéutico	5
radiofarmacéuticos	10
radiofrecuencia	12
radiofármaco	72
radiofármacos	89
radiografía	773
radiografías	83
radiographic	2
radiográfica	237
radiográficab	2
radiográficamente	22
radiográficas	23
radiográfico	7
radiográficos	42
radiogénica	3
radiohumeral	13
radioinmunoanálisis	8
radioinmunoensayo	27
radioinmunológicos	2
radioinmunoprecipitación	3
radioisotópica	7
radioisotópicas	3
radioisotópico	2
radioisótopo	214
radioisótopos	2
radioligandos	9
radiología	40
radiológica	243
radiológicamente	16
radiológicas	38
radiológico	47
radiológicos	48
radiomarcada	2
radiomarcado	7
radiomarcaje	11
radiomarcar	7
radionecrosis	3
radionucleido	3
radionucleidos	5
radionucleídica	5
radionuclídica	4
radionúclido	11
radionúclidos	22
radiopaca	2
radiopaco	4
radioprotección	4
radioquímica	2
radioscopia	887
radiosensibilizante	2
radiosensibilizantes	2
radiosinoviortesis	4
radioterapia	1320
radiotransparencia	3
radiotransparentes	3
radiólogo	39
radiólogos	18
rado	2
radón	53
raeb	5
raf	20
rag	2
rai	39
rainbow	13
rainbowfish	6
raise	23
ral	82
ralentiza	12
ralentización	18
ralentizan	2
ralentizar	25
ralentizarse	2
ralentizó	2
rales	3
raloxifeno	122
raltegravir	181
raltitrexed	16
ram	329
rama	266
ramas	28
ramificaciones	2
ramificada	9
ramificado	27
ramificados	3
ramifican	4
ramipril	499
ramiprilato	22
rampas	2
rams	173
ramucirumab	122
ran	401
rana	22
randomised	8
randomización	8
randomizada	3
randomizado	72
randomizados	46
randomizaron	11
rango	2183
rangos	413
ranibizumab	100
ranitidina	22
rank	205
rankd	2
rankin	7
rankl	2
rano	11
ranolazina	76
ranura	10
ranurado	2
ranurados	3
ranuras	6
rao	25
rap	67
rapamicina	15
rapamune	95
rapb	2
rapid	12
rapida	6
rapidamente	4
rapidez	65
rapids	2
rapilysin	10
rapiscan	13
rappel	3
raps	82
rapé	4
raqueta	12
raquitismo	50
raquídea	18
raquídeo	49
raquídeos	4
rar	29
rara	2184
raramente	821
raras	8449
rarasl	4
raraso	2
rarasp	6
rareza	38
raro	395
raros	1600
ras	174
rasa	2
rasagilina	59
rasburicasa	30
rasca	2
rascado	12
rascarse	11
rasch	4
rasgados	2
rasgo	19
rasgos	39
rasguño	2
rasguños	2
rash	396
rasilez	13
raspa	3
raspado	11
raspador	2
raspadura	2
raspaduras	6
raspar	3
raspará	2
raspones	2
raspón	2
rasquen	2
rass	4
rastrea	2
rastrear	10
rastreo	8
rastro	6
rastros	4
rasurada	2
rasurado	4
rata	59
ratamiento	3
ratas	68
rate	19
raticidas	18
rating	27
ratio	1472
ratioa	33
ratiob	18
ratioc	4
ratiopharm	13
ratios	41
ratones	68
ratoria	2
ratón	66
ravicti	40
ravulizumab	153
raxone	16
raxtozinamerán	19
raya	17
rayas	4
raynaud	203
rayo	17
rayos	355
rayvow	3
raza	1193
razas	122
razonable	38
razonablemente	30
razonables	3
razonada	2
razonamiento	4
razones	270
razón	651
raíces	18
raíles	6
raíz	121
rb	20
rba	3
rbc	3
rbcs	2
rbd	34
rbn	8
rbp	2
rbq	10
rbs	17
rbt	14
rbv	235
rbvincluyen	2
rc	947
rca	10
rcag	18
rcb	3
rcc	41
rce	65
rcf	7
rcfp	2
rcg	7
rcgm	3
rch	65
rci	183
rcib	6
rcic	5
rcid	2
rcie	125
rciea	2
rcieb	2
rclb	4
rcm	25
rcmp	2
rcn	4
rcnc	4
rco	15
rcp	179
rcr	12
rcs	3
rcsc	4
rct	7
rcyc	55
rcycb	6
rcycc	16
rcycca	5
rcym	45
rd	98
rdesat	2
rdm	2
rdnp	2
rdo	5
rdp	7
rdt	15
rdw	10
re	241
reabrir	2
reabsorbe	4
reabsorbible	6
reabsorbida	3
reabsorción	114
reacciiones	2
reaccio	2
reaccion	25
reacciona	45
reaccionado	2
reaccionan	28
reaccionar	39
reaccionará	2
reaccione	2
reaccionen	4
reacciones	32522
reaccionesadversas	3
reaccionó	4
reacción	6012
reacciónes	3
reaccones	2
reach	107
reaciones	29
reactantes	8
reaction	3
reactions	3
reactiva	225
reactivacion	3
reactivaciones	11
reactivación	377
reactivada	3
reactivadas	6
reactivar	7
reactivarse	4
reactivas	57
reactive	3
reactividad	94
reactivo	56
reactivos	62
reactogenia	3
reactogenicidad	119
reacumulación	2
readministración	57
readministrar	6
readministrarse	3
ready	14
reagila	4
reagina	7
reagudizaciones	7
reagudización	15
reajustar	7
reajustarse	3
reajuste	14
real	185
realce	44
realeatorización	7
realeatorizados	34
reales	33
realice	128
realicen	78
realidad	30
realimentación	4
realistas	2
realiza	326
realizaba	2
realizaban	2
realización	278
realizada	202
realizadas	89
realizado	1096
realizados	1075
realizan	110
realizando	63
realizar	2718
realizaran	4
realizarla	14
realizarlas	6
realizarle	29
realizarles	3
realizarlo	5
realizarlos	3
realizaron	330
realizarse	836
realizará	125
realizarán	59
realize	2
realizándose	8
realizárseles	4
realizó	812
realmente	30
realzada	18
realzadas	51
realzar	2
reanimación	165
reanuda	19
reanudación	96
reanudada	2
reanudado	11
reanudar	1056
reanudarla	11
reanudarlo	31
reanudaron	12
reanudarse	160
reanudará	20
reanude	52
reanuden	9
reanudó	24
reanálisis	3
reaparece	47
reaparecen	24
reaparecer	40
reaparecerán	2
reaparecido	11
reapareciendo	4
reaparecieran	4
reaparecieron	16
reapareció	6
reaparezca	9
reaparezcan	5
reaparición	108
reapertura	3
reaprender	2
reasignación	3
reasignado	2
reasignados	18
reasignaron	2
rebajar	3
rebasa	6
rebasar	4
rebelde	7
rebeldes	2
reblandecida	3
reblandecidas	2
reblandecimiento	3
reblozyl	22
reborde	32
rebosamiento	3
rebotan	5
rebotar	2
rebote	324
rebotes	2
reboxetina	29
rebrote	18
rebrotes	3
rec	25
recae	2
recaer	2
recaida	4
recalcitrantes	2
recalcular	2
recambio	65
recambios	2
recanalización	4
recaptación	314
recarbrio	11
recarga	5
recargable	13
recayeron	22
recayó	5
recaída	938
recaídaa	14
recaídab	6
recaídac	2
recaídad	4
recaídas	186
recaído	22
recciones	3
receiving	2
recepción	30
receptiva	2
receptivo	14
receptor	1305
receptora	7
receptoras	6
receptores	2628
recesiva	7
recesivo	4
recesión	9
receta	131
recetaba	4
recetada	18
recetadas	10
recetado	45
recetados	98
recetan	17
recetar	71
recetarle	30
recetarlo	2
recetarlos	7
recetaron	7
recetará	7
recetas	6
recete	16
receten	7
recetó	9
rechace	3
rechacen	2
rechazado	3
rechazar	6
rechazaron	6
rechazo	266
rechazos	10
reciba	86
reciban	329
recibe	135
reciben	1323
recibian	2
recibida	37
recibidas	31
recibido	2432
recibidos	27
recibiendo	923
recibiera	5
recibieran	31
recibieron	7495
recibiesen	2
recibir	2611
recibirla	5
recibirlas	4
recibirlo	2
recibirlos	4
recibirá	50
recibirán	12
recibirían	4
recibió	560
recibía	94
recibían	656
recicla	3
reciclado	2
reciclar	4
recidiva	418
recidivaa	2
recidivac	2
recidivada	27
recidivado	21
recidivante	307
recidivantes	45
recidivar	3
recidivaron	2
recidivas	99
reciente	615
recientemente	173
recientes	111
recipiente	262
recipientes	7
recirculación	4
recirculantes	2
recist	533
recién	964
reclamaciones	2
reclasificaciones	4
reclasificación	6
reclasificados	2
reclusa	18
reclutada	5
reclutadas	6
reclutado	6
reclutados	146
reclutamiento	143
reclutan	2
reclutar	3
reclutaron	95
reclutó	42
recobrado	2
recoge	64
recogen	59
recoger	52
recogerla	2
recogerse	2
recogerá	8
recogerán	2
recogida	150
recogidas	56
recogido	33
recogidos	68
recogieron	37
recogió	8
recoja	2
recolección	59
recolecta	39
recolectada	3
recolectadas	5
recolectan	2
recolectando	7
recolectar	184
recolectarla	2
recolectarse	5
recolectará	19
recolecte	61
recolecten	3
recolectó	4
recoletar	2
recombinación	25
recombinant	3
recombinante	264
recombinantes	43
recomendaba	6
recomendable	177
recomendables	2
recomendaciones	1448
recomendación	439
recomendad	4
recomendada	3846
recomendadaa	4
recomendadas	688
recomendado	628
recomendados	166
recomendando	3
recomendar	335
recomendarle	82
recomendarles	11
recomendaron	6
recomendarse	30
recomendará	11
recomendándose	13
recomendó	27
recomentados	2
recomienda	7204
recomiendan	253
recomiende	44
recomienden	4
recompensa	9
reconfirmar	2
reconoce	15
reconocen	10
reconocer	67
reconocerse	3
reconocida	7
reconocidas	18
reconocido	47
reconocidos	73
reconocimiento	134
reconocimientos	7
reconoció	2
reconozcan	2
reconsiderada	3
reconsiderado	2
reconsiderando	2
reconsiderar	71
reconsiderarse	7
reconsidere	3
reconstitución	437
reconstituida	60
reconstituidas	3
reconstituido	53
reconstituidos	3
reconstituir	28
reconstituirse	19
reconstituye	6
reconstrucción	17
reconstructiva	9
reconstruida	5
reconstruir	9
recopilación	13
recopilada	3
recopiladas	3
recopilado	7
recopilados	18
recopilar	7
recopilaron	20
recopilarán	2
recopiló	4
record	6
recordar	43
recordarse	8
recordará	2
recordatorio	9
recorrer	3
recorrida	32
recorrido	3
recorte	2
recostado	3
recostará	2
recourse	8
recovery	4
recreación	3
recreativa	6
recreativas	6
recreativo	4
recrecimiento	6
recreo	21
recrudecimiento	5
recta	6
rectal	334
rectales	24
rectas	2
rectificación	5
rectificadora	2
rectificó	2
recto	557
rectocolitis	6
rectorragia	12
rectoscopia	2
rectosigmoidea	5
rectosigmoiditis	9
rectouretral	2
rectovaginal	7
recuadro	3
recubierta	8
recubiertas	2
recubierto	566
recubiertos	296
recubre	40
recubren	11
recubrimiento	31
recubrir	2
recubrirse	4
recuento	2827
recuentos	687
recuerda	18
recuerde	43
recuerden	7
recuerdo	227
recuerdos	10
recuesta	4
recupe	2
recupera	73
recuperaban	3
recuperacion	8
recuperaciones	12
recuperación	984
recuperada	8
recuperado	94
recuperados	24
recuperan	68
recuperando	4
recuperar	135
recuperarlo	2
recuperaron	87
recuperarse	36
recuperará	2
recupere	71
recuperen	27
recuperándose	8
recuperó	43
recurarización	4
recurre	18
recurren	11
recurrencia	448
recurrencias	89
recurrente	822
recurrentes	255
recurrido	11
recurrieran	2
recurrir	34
recurrirse	3
recurrió	3
recurso	6
recursos	54
recíproca	13
recíproco	3
red	41
redacción	2
redactar	2
reddys	27
redemplo	3
redes	10
redireccionador	7
redirigida	2
redistribución	29
redonda	5
redondas	6
redondea	2
redondeada	23
redondeado	8
redondean	4
redondeando	8
redondear	19
redondearse	8
redondeará	2
redondee	2
redondo	11
redondos	5
redox	2
redseng	2
reduccion	11
reducciones	873
reducción	6543
reduce	991
reduced	4
reducen	189
reducida	1012
reducidab	4
reducidas	80
reducido	285
reducidos	60
reduciendo	245
reducing	3
reducir	3081
reducirla	5
reducirlo	8
reducirse	396
reducirá	52
reducirán	5
reduciría	5
reduciéndola	2
reduciéndose	8
reductasa	305
reductasas	4
reduction	19
reductor	84
reductora	46
reductoras	4
reductores	36
reducía	16
reducían	4
redujera	4
redujeran	3
redujeron	96
redujo	764
redundan	2
reduzca	99
reduzcan	14
reemplaza	31
reemplazada	4
reemplazado	8
reemplazamiento	7
reemplazan	4
reemplazando	7
reemplazar	70
reemplazarla	2
reemplazarlo	5
reemplazarlos	4
reemplazarse	3
reemplazo	235
reemprender	3
reentrada	13
reequilibrio	3
reestablece	2
reestablecer	9
reestablecido	2
reestimulación	2
reevaluación	52
reevaluada	3
reevaluado	37
reevaluados	9
reevaluar	120
reevaluarse	35
reevalúen	2
reexaminados	2
reexaminar	2
reexponer	2
reexposición	37
reexpuestos	2
ref	3
refacto	30
reference	5
referencia	1163
referenciaa	2
referenciab	2
referencial	2
referencias	17
referente	18
referentes	34
referida	9
referidas	9
referido	31
referidos	7
referir	5
referirle	6
referirlo	25
referirse	17
referral	2
refería	2
refieran	7
refiere	105
refieren	44
refinado	6
refinados	5
refiriera	2
refirieron	8
refiriesen	3
refirió	4
refixia	26
reflect	18
refleja	136
reflejaban	3
reflejada	6
reflejadas	2
reflejado	6
reflejados	3
reflejan	130
reflejando	15
reflejar	29
reflejaron	4
reflejarse	2
reflejará	4
refleje	2
reflejen	4
reflejo	123
reflejos	66
reflejó	7
reflex	2
reflujo	417
reformatorio	11
reforzado	33
reforzando	3
reforzar	15
reforzarse	4
reforzarán	2
reforzó	11
refracción	50
refractaria	383
refractarias	30
refractariedad	13
refractario	410
refractarioal	2
refractarioc	2
refractarios	230
refractiva	5
refractivo	4
refractivos	5
refrescar	2
refresco	3
refrescos	10
refrigerada	4
refrigerado	4
refrigerador	18
refrigerados	2
refrigerar	4
refrigerio	5
refrigerios	3
refuerza	9
refuerzan	4
refuerzo	1588
refuerzos	5
refugiados	2
refugios	4
reg	22
regadenosón	79
regain	6
regaliz	27
regard	7
regdanvimab	32
regency	5
regeneración	13
regenerado	2
regeneran	3
regenerar	6
regenerativa	11
regenerativos	5
regimen	27
regiocit	38
region	9
regional	139
regionales	40
regiones	231
regions	2
regir	2
registra	36
registrada	29
registradas	52
registrado	106
registrados	311
registran	13
registrar	57
registraron	80
registrarse	12
registrará	3
registre	8
registren	5
registro	194
registros	28
registrynxt	2
registrándose	2
registró	47
región	2322
regkirona	10
regla	51
reglamento	3
reglas	18
regmatógeno	37
regn	3
regorafenib	54
regresa	23
regresado	29
regresan	14
regresando	4
regresar	18
regresaron	6
regrese	27
regresen	9
regresiones	2
regresión	265
regreso	18
regresó	5
regula	51
regulaciones	3
regulación	152
regulada	15
reguladas	3
regulado	6
regulador	56
reguladora	11
reguladoras	11
reguladores	11
regulados	6
regulan	19
regulando	4
regular	496
regulares	256
regularidad	124
regularmente	321
regularse	2
regulatorias	9
regulatorio	2
regulatorios	2
regulatory	5
regurgitaciones	2
regurgitación	64
regurgitada	3
regurgitar	3
regurgite	3
regímenes	429
rehabilitación	121
rehidratación	29
rehidratar	10
rehospitalización	6
reig	13
reimplantación	452
reimplantada	11
rein	5
reinducción	7
reinfarto	13
reinfecciones	2
reinfección	13
reinfestación	2
reinfusión	3
reinicia	23
reiniciación	3
reiniciada	2
reiniciado	16
reinician	3
reiniciar	569
reiniciarla	3
reiniciarlo	7
reiniciaron	7
reiniciarse	78
reiniciará	9
reinicie	26
reinicien	4
reinicio	101
reinició	12
reino	69
reins	10
reinserción	2
reinstaura	4
reinstauración	21
reinstaurar	16
reinstaurarse	7
reinstauro	2
reinstauró	5
reintegración	19
reintervención	3
reintroducción	30
reintroducido	12
reintroducir	21
reintroducirlos	3
reintroducirse	12
reinyección	7
reinyectarlas	2
reinyectarse	2
reiter	33
reiterada	3
reiteradamente	3
reiteradas	2
rejilla	4
rejuvenecimiento	2
rekovelle	46
relacion	2
relaciona	47
relacionada	1704
relacionadas	2183
relacionado	747
relacionados	1606
relacional	2
relacionamos	3
relacionan	68
relacionar	3
relacionaron	18
relacionarse	14
relacionas	2
relacione	29
relacionen	5
relaciones	331
relacionó	38
relación	4198
relaja	13
relajación	138
relajado	12
relajan	5
relajante	55
relajantes	72
relajar	17
relajarse	35
relajatividad	2
relaje	2
relajen	3
related	7
relativa	288
relativamente	177
relativas	107
relativo	482
relativos	96
relatlimab	57
relax	3
relaxividad	9
relay	8
relebactam	55
relenza	33
relert	29
relestat	3
relevancia	174
relevante	500
relevantes	491
relevo	3
relief	4
relieve	2
religioso	2
religión	2
relistor	11
rellamada	3
rellenado	2
rellenar	5
rellene	2
relleno	27
rellenos	9
reloj	21
relojes	3
relugolix	29
relvar	23
rely	7
rem	25
remanente	3
remanentes	2
remdesivir	112
remediar	3
remedio	6
remedios	12
remetilación	2
remibrutinib	43
remifemin	9
remifentanilo	58
remimazolam	76
reminyl	11
remision	3
remisiones	10
remisión	1436
remisióna	7
remita	41
remitan	25
remite	56
remiten	54
remitente	61
remitida	6
remitido	33
remitidos	7
remitiendo	4
remitieron	38
remitir	47
remitirlo	3
remitirse	14
remitió	28
remix	28
remodelación	23
remodelado	21
remoje	3
remolacha	2
remota	2
remoto	6
remotos	4
removedores	4
remover	40
removerse	10
removerá	5
removible	3
removibles	2
removido	5
remsima	31
remueve	9
remueven	9
remunerados	2
renaal	3
renal	14891
renala	8
renales	2051
renall	2
renaln	4
renaudar	2
rendimiento	258
rendimientos	2
reneu	12
renglón	2
renina	640
renio	13
renitec	39
renitecmax	2
rennie	6
renograma	2
renopatía	4
renoprotectores	2
renovación	21
renovascular	68
renta	3
reológicas	4
reordenaciones	2
reordenación	11
reordenamiento	40
reordenamientos	42
reorganización	2
reorganizado	3
repaglinida	45
repara	3
reparaciones	4
reparación	2880
reparadas	2
reparado	2
reparador	3
reparadora	3
reparan	5
reparando	2
reparar	26
repararse	7
repare	2
repartida	24
repartidas	9
repartido	7
repartidos	41
repartiendo	2
repartieron	2
repartir	13
repartirse	4
repartirá	3
repatha	78
repeat	4
repeated	2
repelente	26
repelentes	3
repens	5
repente	30
repentina	263
repentinamente	46
repentinas	17
repentino	190
repentinos	57
repercusiones	3
repercusión	26
repercutido	2
repercutir	5
reperfusión	21
repetabs	9
repetibilidad	3
repeticiones	4
repetición	97
repetida	201
repetidamente	52
repetidas	293
repetido	129
repetidos	128
repetir	380
repetirla	4
repetirse	104
repetirá	14
repetirán	4
repetitiva	8
repetitivas	16
repetitivo	3
repetitivos	37
repicadura	4
repita	14
repite	36
repiten	15
repitiendo	7
repitieron	8
repitiéndola	2
repitiéndose	2
repitió	7
replace	7
replacement	2
replagal	41
replantearse	3
repleción	20
replicación	168
replicados	14
replicante	7
replicantes	2
replicarse	2
replicativa	3
replicativo	10
replicones	83
replicón	21
repoblación	4
repolarización	64
repollo	3
reponen	3
reponer	22
report	2
reporta	2
reportada	13
reportadas	19
reportado	102
reportados	41
reportan	9
reportar	3
reportaron	27
reportarse	5
reporte	9
reported	6
reporten	3
reportes	4
reportó	21
reposapiés	3
reposar	3
reposición	2412
reposo	286
represa	2
representa	206
representaba	11
representaban	13
representación	9
representada	4
representadas	12
representado	3
representados	14
representan	115
representando	11
representante	8
representar	21
representaron	14
representativa	2
representativas	8
representativo	12
representativos	17
representen	4
representó	14
reprimir	2
reproducción	111
reproduce	2
reproducen	7
reproducible	3
reproducibles	6
reproducir	3
reproducirse	19
reproducirán	2
reproductiva	45
reproductivas	11
reproductivo	50
reproductivos	21
reproductor	785
reproductora	2
reproductoras	5
reproductores	10
reproductork	2
reproduzcan	2
reptil	21
reptiles	22
repuesta	11
repuesto	2
repunte	15
reputación	3
república	4
requerida	131
requeridas	37
requerido	98
requeridos	17
requerimiento	38
requerimientos	95
requerir	431
requerirle	2
requerirse	56
requerirá	17
requerirán	10
requeriría	2
requería	75
requerían	93
requiera	214
requieran	209
requiere	1791
requieren	673
requip	10
require	2
requiren	2
requiriendo	29
requiriera	33
requirieran	20
requirieron	278
requiriese	4
requiriesen	8
requiriéndose	4
requirió	255
requisito	28
requisitos	106
res	18
resaca	2
resaltada	2
resaltadas	3
resaltar	7
resangrado	2
resbaladiza	2
resbalar	2
resbalones	6
resbaloso	2
resbalón	59
rescatados	8
rescate	592
research	18
reseca	2
resecable	169
resecables	19
resecadas	5
resecado	16
resecados	2
resecar	4
resecciones	3
resección	1081
resectiva	2
resequedad	3
reserpina	7
reserva	95
reservada	3
reservado	7
reservar	21
reservarse	31
reservas	31
reserve	3
reservorio	29
reservoritis	19
resfriado	154
resfriados	26
resfríado	2
resfrío	39
resfríos	6
reside	9
residen	2
residencia	46
residencial	23
residenciales	4
residencias	23
residente	5
residentes	12
residido	7
residir	2
residual	300
residuales	50
residuo	30
residuos	47
resina	25
resinas	12
resincalcio	2
resincolestiramina	5
resincronización	12
resinsodio	3
resist	23
resista	2
resiste	3
resisten	3
resistencia	2660
resistenciab	2
resistencias	216
resistente	530
resistentes	698
resistir	3
reslizumab	68
resmetirom	49
resochín	4
resolor	42
resolucion	3
resolución	785
resolver	44
resolverse	40
resolverá	2
resolverán	2
resolviendo	4
resolvieron	370
resolvio	2
resolviéndose	7
resolvió	145
resolvía	3
resolvían	3
resonancia	734
resonancias	17
resorborina	3
resorce	2
resorcinol	3
resorción	65
resorte	18
resp	8
respalda	15
respaldada	21
respaldadas	6
respaldado	19
respaldados	12
respaldan	30
respaldando	2
respaldar	28
respaldaron	10
respalden	25
respaldo	15
respect	2
respecta	45
respectiva	34
respectivamente	4049
respectivas	31
respectivo	17
respectivos	47
respecto	3729
respetadas	3
respetan	2
respetando	5
respetar	45
respetaran	5
respetarse	22
respeto	3
respidina	3
respimat	48
respir	4
respira	37
respiraciones	10
respiración	457
respirador	40
respiradores	3
respiran	4
respirando	2
respirar	387
respiratoria	1464
respiratoriaa	2
respiratoriab	4
respiratorias	1040
respiratorio	1555
respiratoriof	3
respiratorios	1686
respiratory	12
respire	13
resplandor	4
responda	27
respondan	79
responde	235
respondedor	91
respondedoras	9
respondedores	574
respondedoresb	8
respondedoresc	4
responden	402
respondena	2
responder	132
responderá	4
responderán	5
respondido	214
respondiendo	9
respondiera	2
respondieron	321
respondierona	3
respondió	27
respondía	4
respondían	36
responsabilidad	10
responsabilidades	8
responsable	255
responsables	63
response	61
responses	2
respuesta	10755
respuestaa	6
respuestab	4
respuestac	7
respuestad	5
respuestae	3
respuestaf	2
respuestag	4
respuestas	926
restablece	17
restablecer	43
restablecerse	6
restablecerá	6
restablecida	2
restablecido	11
restablecidos	3
restableciendo	5
restablecieron	6
restablecimiento	44
restableció	2
restablecía	2
restablezca	15
restablezcan	4
restando	2
restante	65
restantes	107
restaura	16
restauración	33
restauran	3
restaurando	2
restaurantes	2
restaurar	35
restaurarla	2
restaurará	2
restaure	2
restitución	4
restituidos	2
restituir	4
restitutivo	12
resto	337
restore	15
restos	42
restreñimiento	2
restricciones	35
restricción	2175
restrictiva	37
restrictivas	13
restrictivo	10
restrictivos	2
restringe	6
restringen	2
restringida	29
restringidas	8
restringido	25
restringidos	7
restringiendo	3
restringir	16
restringirse	34
restringirá	3
restringió	11
resucitación	17
resuelta	38
resueltas	15
resuelto	230
resueltos	30
resuelva	185
resuelvan	71
resuelve	101
resuelven	119
resulta	189
resultaba	5
resultado	2031
resultadoa	3
resultados	7714
resultan	99
resultando	56
resultante	119
resultantes	81
resultar	263
resultara	6
resultaran	2
resultarle	3
resultaron	42
resultará	3
resultaría	5
resulte	55
resulten	20
resultó	132
resume	135
resumen	2198
resumida	12
resumidas	6
resumido	4
resumidos	17
resumiendo	2
resurface	32
resúmen	2
resúmenes	9
ret	172
retacrit	55
retain	2
retapamulina	2
retard	23
retarda	5
retardada	149
retardadas	137
retardado	29
retardados	16
retardar	15
retardo	3043
retardó	2
retención	872
retener	22
retenga	4
retenida	9
retenidas	4
retenido	100
retenidos	28
reteplasa	34
retic	4
reticulado	2
reticular	16
reticulares	4
reticularis	6
reticulina	25
reticulocito	2
reticulocitopenia	8
reticulocitos	91
reticulocitosis	6
reticuloendotelial	2
retiene	7
retienen	13
retifanlimab	97
retina	574
retinal	24
retinales	4
retiniana	251
retinianas	48
retiniano	98
retinianos	28
retinil	2
retinitis	74
retinoblastoma	6
retinograma	2
retinoico	29
retinoide	4
retinoides	49
retinol	48
retinopathy	9
retinopatía	591
retinopatías	8
retinosquisis	11
retira	45
retirada	6644
retiradas	11
retirado	33
retirados	25
retiran	6
retirando	11
retirar	278
retirara	3
retirarlo	9
retiraron	54
retirarse	63
retirará	19
retirarán	2
retirase	3
retire	29
retiren	39
retiro	2
retiró	36
reto	5
retomar	24
retomarla	2
retomará	3
retorcidas	2
retorna	13
retornado	23
retornan	7
retornar	2
retorne	8
retornen	10
retorno	214
retornó	5
retortijones	7
retortijón	2
retos	2
retracciones	2
retracción	30
retraer	5
retrasa	88
retrasada	21
retrasadas	19
retrasado	27
retrasan	14
retrasando	11
retrasar	290
retrasarla	2
retrasarse	53
retrase	4
retrasen	2
retraso	489
retrasos	90
retrasplante	4
retrasó	34
retratados	10
retratamiento	96
retratamientos	2
retrataron	2
retraída	2
retraído	9
retriever	9
retro	5
retroalimentación	41
retrobulbar	21
retrobulbares	2
retroceder	2
retroceso	4
retrocristalina	5
retroesternal	3
retrograda	2
retrolental	2
retronasal	2
retroperitoneal	67
retroperitoneales	15
retroperitoneo	132
retrospectiva	32
retrospectivamente	20
retrospectivo	91
retrospectivos	23
retrosternal	2
retroversión	6
retrovir	28
retroviral	8
retrovirus	5
retrógrada	55
retrógrado	2
retsevmo	24
rett	9
rettgeri	12
retículo	8
retículoendoteliales	2
retíralo	3
retírelo	15
reumatismo	43
reumatismos	2
reumatoide	1152
reumatoidea	190
reumatoideo	39
reumatoideos	8
reumatoides	16
reumatología	27
reumatológica	5
reumatológicas	5
reumatológico	2
reumatólogo	6
reumática	115
reumáticajj	2
reumáticas	37
reumático	6
reumáticos	25
reunido	2
reunieron	18
reuniones	2
reunir	6
reunían	11
reutenox	21
reutilice	2
reutilizable	13
reutilización	6
rev	2
revacunación	13
revacunados	5
revacunar	6
revaluación	3
revaluar	7
revaluarse	3
revascularización	133
reveal	7
revel	11
revela	14
revelado	18
revelan	12
revelando	2
revelar	10
revelaron	36
reveló	66
reversa	13
reversibilidad	35
reversible	749
reversiblea	2
reversiblemente	10
reversibles	315
reversión	150
reverso	4
reversor	4
revertida	2
revertido	6
revertir	59
revertirla	2
revertirse	5
revertirá	2
revestido	2
revestimiento	86
revestimientos	2
revestive	31
revienta	3
revierta	13
reviertan	3
revierte	25
revierten	28
review	12
reviewed	2
revirtiendo	3
revirtieron	16
revirtió	11
revisa	31
revisada	23
revisadac	2
revisadas	4
revisado	40
revisados	19
revisan	17
revisando	3
revisar	249
revisarlo	2
revisarlos	3
revisaron	2
revisarse	24
revisará	99
revise	35
revised	6
revisen	28
revision	2
revisiones	58
revisión	6406
revisor	12
revista	2
revistas	2
reviste	4
revisten	5
revistieron	2
revisó	5
revive	8
reviviscencia	2
revocación	5
revés	3
revólver	17
rexer	13
reye	76
reynolds	3
rezafungina	34
rezdiffra	2
rezolsta	62
rezurock	3
rezzayo	5
reína	7
reírse	2
reúnen	3
rf	18
rfa	12
rfc	2
rfess	3
rfic	8
rfv	2
rfviia	18
rfviii	3
rfxiii	11
rg	9
rgb	8
rge	5
rgh	4
rgi	20
rgl	6
rgq	4
rh	288
rhamnosus	3
rhamnus	7
rhapsido	4
rhc	49
rhesus	38
rheumatism	4
rheumatology	28
rhg	2
rhgaa	6
rhi	13
rhigf	3
rhine	16
rhinospray	8
rhinovin	2
rhinovín	3
rhizomucor	3
rhizophila	3
rhizopus	3
rhlaman	10
rhm	3
rhma	8
rho	5
rhodiola	4
rhodococcus	3
rhodogil	8
rhodos	10
rhone	2
rhp	3
rhs	88
rhug	3
rhusiopathiae	3
ri	96
ria	5
riachuelos	2
riamet	25
rias	6
riastap	6
ribaviriba	2
ribavirina	710
ribavirinaa	2
ribavirinab	3
ribavirirna	3
ribociclib	50
riboflavina	8
ribonucleasa	2
ribonucleico	15
ribonucleótido	4
ribosa	10
ribosoma	39
ribosomal	25
ribosomales	2
ribosomas	11
ribosómica	10
ribosómicas	2
ribosómico	4
ribotipo	2
ribotipos	2
ric	12
rica	75
ricas	31
rice	5
richmond	3
richter	5
ricino	45
ricinoleato	5
rickettsia	12
rickettsias	4
rickettsiosis	7
rico	27
ricos	35
riego	10
riesgo	20875
riesgoa	3
riesgob	5
riesgoc	3
riesgos	1993
riesgosa	3
riesgosas	5
riesgosos	4
rietecat	2
rifabutina	73
rifaldin	8
rifamicina	45
rifamicinas	8
rifampicina	299
rifampicinas	26
rifapentina	13
rifater	17
rifaximina	21
rifinah	6
rifle	34
rige	3
right	2
rigidez	517
rigidus	4
rigiscan	5
rigor	2
rigores	6
rigurosa	25
rigurosamente	28
riguroso	32
riii	4
ril	18
riley	3
rilpivirina	450
riluzol	43
rima	2
rimactazid	2
rimantadina	3
rimegepan	2
rimegepant	26
rimosus	5
rimstar	42
rinalgia	2
ringer	73
rinitis	524
rino	8
rinoconjuntivitis	23
rinoconjuntivitisa	2
rinofaringitis	14
rinofaringitisam	2
rinológico	2
rinorrea	127
rinosinusitis	34
rinovirus	7
rinvoq	29
rio	2
riociguat	125
ripa	4
ripc	2
ripretinib	34
riq	26
risankizumab	132
risdiplam	46
risedronato	25
risk	8
risperdal	39
risperidona	87
ristocetina	3
ritlecitinib	81
ritmo	548
ritmos	11
rito	2
ritodrina	3
ritonavir	1100
ritonavira	6
ritonavirf	4
rituximab	517
riulvy	2
rivaroxaban	8
rivaroxabán	180
rivaroxabána	4
rivastigmina	56
river	2
rivotril	33
rixubis	26
rizada	3
rizatriptán	21
rizmoic	8
rizoma	6
riñon	3
riñones	617
riñón	967
rjh	3
rlbd	5
rldl	4
rli	23
rlis	4
rls	2
rlt	13
rm	915
rma	12
rmb	3
rmc	10
rmi	18
rmm	152
rmn	34
rms	13
rn	2
rna	29
rnam	2
rnasa	3
rnp	3
ro	17
roactemra	19
roadmap	3
robar	3
roble	5
robles	2
robo	6
robot	5
robusta	23
robustas	5
robustez	6
robusto	8
robustos	5
robótica	2
robótico	21
roca	5
rocaltrol	23
rocas	4
roce	17
roche	18
rockies	7
roclanda	9
rocosas	7
roctavian	34
rocuronio	99
rocía	4
rocíe	2
rocío	4
rodaje	3
rodanasa	2
rodante	12
rodar	4
rodea	65
rodean	25
rodete	255
rodilla	2416
rodillas	46
rodilleras	2
rodnan	2
rodoficea	2
rodopsina	3
roedor	6
roedores	25
roferon	79
roflumilast	78
roi	18
rois	5
roja	85
rojas	75
rojez	6
rojiza	21
rojizas	4
rojizo	12
rojo	90
rojos	605
rol	31
rolando	49
role	3
roles	4
rolándica	2
romano	2
romboidal	2
romiplostim	134
romo	52
romos	3
romosozumab	69
rompa	4
rompan	8
rompe	37
rompen	18
romper	39
romperlas	2
romperlo	5
romperlos	3
romperse	33
rompiendo	2
rompieron	2
rompió	4
romvimza	24
romvinza	2
romántica	2
ronapreve	19
ronca	11
roncar	4
roncha	2
ronchas	16
roncus	3
rondas	4
ronquera	37
ronquido	6
ronquidos	13
rop	24
ropa	226
ropas	5
ropeginterferón	51
ropinirol	35
ropivacaína	74
ros	7
rosa	17
rosacea	2
rosada	4
rosadas	5
rosado	7
rosas	17
rosea	4
rosewood	4
rosiglitazona	10
rosmarinus	2
ross	4
rostral	2
rostro	31
rosuvastatin	4
rosuvastatina	565
roswell	2
rosácea	76
rota	7
rotacional	2
rotación	52
rotador	19
rotadores	87
rotando	9
rotante	5
rotar	19
rotarix	66
rotarse	4
rotará	2
rotas	12
rotatoria	7
rotatorias	2
rotatorio	3
rotavirus	69
roten	3
roth	3
rotigotina	39
roto	35
rotop	17
rotor	7
rotos	43
rotterdam	2
rotuliana	20
rotuliano	2
rotura	961
roturas	38
rovamycine	2
rovi	2
roxadustat	104
roxaparvovec	30
roxitromicina	22
royen	12
rozaduras	4
rozanolixizumab	44
rozar	2
rozlytrek	103
rp	554
rpc	66
rpca	4
rpct	4
rpfs	28
rpg	22
rpie	6
rpls	7
rpm	7
rpmb	62
rpn	5
rpp	5
rpr	3
rps	21
rpt	11
rpv	35
rq	5
rr	183
rra	3
rrc	16
rri	34
rrna	2
rrp	431
rrps	66
rrr	28
rrra	2
rrt	3
rs	53
rsa	2
rsba	8
rsc	23
rsccpn	127
rsi	12
rss	12
rsss	4
rsv	19
rt	155
rtc	5
rtk	4
rtl	2
rtog	8
rtpa	2
rtpcr	2
rtss	2
rtt	3
rtu	6
rtup	10
rtv	53
rtx	2
ru	2
rubazónico	2
rubefacción	288
rubefaciente	9
rubefacientes	3
rubeola	18
rubifen	3
rubin	2
rubio	3
rubor	188
rubores	2
ruborización	2
rubra	3
rubraca	23
rubrum	11
ruby	15
rubéola	127
rucaparib	63
ruconest	19
rueda	11
ruedas	1275
ruega	2
rufinamida	41
rugido	2
rugosos	3
ruibarbo	2
ruido	48
ruidos	38
ruidoso	3
ruidosos	2
rukobia	7
rulm	19
rumiación	3
rumores	3
run	2
rupatadina	19
ruptura	151
rupturas	5
rural	4
rurales	8
rurioctocog	3
rusa	3
ruscogenina	5
ruscus	5
rusia	5
russell	2
russlan	3
ruta	42
rutas	55
ruth	7
rutina	268
rutinaria	136
rutinariamente	14
rutinarias	3052
rutinario	47
rutinarios	18
rutinas	9
rutósido	4
ruv	3
ruvalcaba	3
ruxolitinib	114
rv	16
rvc	6
rvd	18
rvici	3
rviii	4
rvo	5
rvp	42
rvpt	3
rvr	20
rvs	109
rxdx	2
rxr	6
rxulti	6
ryaltris	23
rybrevant	29
rydapt	94
rye	2
ryeqo	87
rystiggo	5
rytmonorm	6
ryzodeg	76
rzb	2
rápida	967
rápidamente	823
rápidas	98
rápido	595
rápidos	124
régimen	1182
régimenes	2
réplica	3
rígida	7
rígidas	11
rígido	25
rígidos	10
río	4
ríos	9
rítmicas	3
rítmicos	14
rótula	853
s	3711
sa	26
saa	10
saad	6
sabal	3
sabañones	6
sabe	395
sabemos	2
saben	41
saber	418
saberlo	12
sabido	3
sabiendo	2
sabizabulin	3
sabor	121
saborear	11
sabores	2
saborizantes	3
sabre	2
sabrilex	4
saburral	5
sabía	3
saca	175
sacabocados	6
sacan	6
sacar	56
sacarasa	127
sacarla	5
sacarlo	4
sacarosa	209
sacarse	2
sacarán	2
saccharomyces	9
sachs	11
saciedad	21
sacituzumab	69
saco	338
sacos	56
sacra	87
sacro	392
sacrococcígea	175
sacroileítis	10
sacroiliaca	13
sacroiliacas	2
sacroilitis	5
sacroilíaca	263
sacroilíacas	27
sacros	8
sacubitril	127
sacubitrilo	126
sacuden	2
sacudida	5
sacudidas	17
sadomasoquismo	2
saes	2
saf	13
safe	2
safena	318
safeno	5
safety	3
safinamida	36
saflutan	3
safp	4
sag	2
saginata	2
sagital	10
sagitales	2
sagrada	4
sagrado	2
sahara	3
sai	3
sailing	7
saint	3
sal	353
sala	87
salada	7
saladas	5
salado	3
salados	3
salas	2
salazopyrina	4
salazosulfapiridina	2
salbutamol	52
salchichas	2
saldeva	3
saldrá	2
sale	315
salen	18
sales	170
salg	25
salga	21
salgan	9
salicilamida	9
salicilato	39
salicilatos	108
salicílico	91
salida	150
salidas	2
salido	4
saliendo	2
salieron	3
salina	150
salino	47
salinos	34
salir	106
salirse	3
saliva	182
salivación	25
salival	122
salivales	117
salivar	25
salivares	19
salivarius	3
salmagne	3
salmeterol	104
salmon	4
salmonela	8
salmonella	48
salmonelosis	2
salmón	10
salpicaduras	2
salpingitis	31
salpingo	7
salpingooforectomía	2
salpullido	4
salt	38
salta	12
saltan	4
saltar	53
saltarse	13
salter	1114
salto	232
saltos	3
saltz	2
salud	5940
saludable	329
saludablemente	9
saludables	170
salurética	2
saluréticos	3
salva	2
salvacolina	5
salvado	3
salvador	3
salvaguardar	2
salvaje	100
salvajes	18
salvar	14
salvarina	3
salvarle	10
salvat	2
salvavidas	2
salvia	4
salviamed	3
salvo	225
sam	35
samario	2
sampson	2
samurai	6
san	125
sana	63
sanado	12
sanamente	4
sanan	11
sanar	26
sanas	186
sancionarlo	2
sanders	2
sandimmun	16
sandostatin	42
sandoz	11
sane	3
sanen	3
sang	2
sanger	6
sangra	11
sangrado	1840
sangrados	288
sangramiento	3
sangran	20
sangrante	5
sangrantes	7
sangrar	25
sangre	9965
sangrea	2
sangreb	6
sangrec	3
sangred	4
sangrej	2
sangreo	3
sangreq	3
sangrev	2
sangría	14
sanguinicola	2
sanguinis	3
sanguinolenta	21
sanguinolentas	3
sanguinolento	2
sanguis	7
sanguínea	764
sanguíneas	284
sanguíneo	1377
sanguíneos	1045
sanguíneosb	2
sanitaria	7
sanitarias	16
sanitario	526
sanitarios	2408
sanitización	3
sanitizar	3
sano	123
sanofi	6
sanos	724
saphnelo	5
saphyr	8
sapo	23
saponina	3
saponinas	2
sapphire	14
saprophyticus	12
sapropterina	58
sapt	2
saque	17
saquen	2
saquinavir	47
saquitos	6
sar	4
sarampión	249
sarclisa	4
sarcoglicano	5
sarcoidea	6
sarcoidosis	132
sarcoma	238
sarcomas	29
sarcomatoide	5
sarcomatoides	5
sarcop	7
sarcoplásmico	3
sarcoptes	4
sardinas	2
sarilumab	177
sarm	76
sarna	21
sarnp	7
sarpullido	185
sarpullidos	31
sarro	15
sars	816
sart	3
sartén	6
sasm	3
sasq	2
sastre	4
sat	2
satisfacción	24
satisface	2
satisfacer	17
satisfactoria	114
satisfactoriamente	36
satisfactorias	21
satisfactorio	49
satisfactorios	19
satisfacían	2
satisfaga	4
satisfagan	3
satisfecho	3
satisfechos	6
satisficieron	2
sativa	2
sativex	54
sato	4
satralizumab	52
satralizumaben	2
satralizumabse	2
satterthwaite	2
satura	3
saturable	5
saturación	151
saturada	10
saturadas	33
saturados	2
saturar	3
saturn	2
save	3
savia	4
savor	17
saxa	6
saxagliptina	399
saxigliptina	3
saxophone	3
sayre	6
sb	13
sbb	24
sbi	2
sbirt	4
sbo	2
sbr	2
sbrcam	2
sc	271
sca	119
scabiei	3
scale	61
scalp	3
scan	12
scandinavian	5
scandinibsa	3
scanner	768
scape	4
scar	30
scars	48
scasest	3
scc	12
sccai	2
scd	2
scedosporium	9
scemblix	7
scenesse	10
scfv	4
sch	22
schack	2
scheie	2
schenckii	2
schistosoma	3
schmorl	5
schoenfeld	4
schoenlein	6
schonlein	3
schwannomas	4
schwannomatosis	5
schwartz	22
scintimun	16
scls	25
scn	2
sco	7
scolymus	3
scoop	2
scopulariopsis	6
scorad	13
score	80
scores	5
scoring	5
scout	4
scr	18
screen	2
screening	23
screens	11
scs	14
sculpture	2
sd	148
sdai	9
sdd	10
sde	5
sdl	3
sdr	8
sdra	123
sdrife	2
sds	80
se	145655
sea	2659
sean	748
seaquamat	2
search	3
seattle	3
sebelipasa	57
sebo	12
sebocitos	2
seborrea	34
seborreica	67
seborreico	15
seborreicos	2
seborréica	2
sebumselen	6
sebácea	3
sebáceas	14
sebácico	2
sec	6
seca	638
secaa	2
secac	3
secado	10
secadora	5
secadores	4
secak	2
secale	2
secalip	4
secan	2
secante	13
secar	26
secarla	7
secarlas	2
secarse	7
secará	2
secas	27
seccion	45
secciones	4290
sección	25706
secciónes	3
seción	6
secnidazol	10
seco	270
second	2
secos	57
secrección	7
secreciones	112
secreción	933
secrepat	2
secreta	3
secretada	9
secretadas	2
secretado	4
secretagogo	25
secretagogos	13
secretan	5
secretar	4
secretina	3
secreto	2
secretolíticas	2
secretolítico	3
secretor	27
secretora	17
secretoras	10
secretores	16
section	2
sector	6
sectoriales	5
secuela	12393
secuelas	195
secuencia	123
secuenciación	73
secuenciadas	4
secuenciados	2
secuencial	141
secuenciales	20
secuencialmente	26
secuencias	46
secuestradora	2
secuestradoras	5
secuestradores	9
secuestrante	5
secuestrantes	6
secuestro	27
secufén	17
secukinumab	242
secundaria	1274
secundariaa	2
secundariamente	12
secundarias	1109
secundariasa	2
secundario	572
secundarios	629
secure	3
sed	182
sedacion	3
sedación	533
sedada	3
sedado	6
sedados	16
sedales	2
sedante	111
sedantes	543
sedar	2
sedarlo	2
sedativa	3
sedativas	2
sedativo	7
sedativos	7
sedentaria	2
sedentario	7
sedentarismo	3
sedestación	46
sedf	2
sedimentación	80
sedimento	8
sedimentos	3
see	2
seegmiller	2
seg	29
segfin	2
segim	2
segluromet	29
segmentación	6
segmentados	2
segmentaria	588
segmentarias	8
segmentario	3
segmento	197
segmentos	21
segnn	2
segregación	2
segregado	2
segregan	10
seguida	529
seguidamente	32
seguidas	155
seguido	854
seguidos	264
seguimiento	3359
seguimientos	4
seguir	749
seguirse	64
seguirá	32
seguirán	15
seguirían	2
segun	6
segunda	1552
segundas	49
segundo	2315
segundos	334
segura	176
seguramente	3
seguras	38
seguridad	9964
seguro	208
seguros	90
seguía	10
seguían	108
según	5880
seip	2
seipa	3
seis	547
seiscientos	3
seladelpar	40
selecciona	8
seleccionada	52
seleccionadas	979
seleccionado	59
seleccionados	117
seleccionan	2
seleccionar	68
seleccionaron	35
seleccionarse	6
seleccionará	5
seleccione	2
seleccionó	27
selección	557
select	103
selectas	2
selectina	12
selection	8
selectiva	134
selectivamente	77
selectivas	7
selectividad	90
selectivo	358
selectivos	358
selegilina	51
selena	13
selenio	29
selenomonas	2
selexid	12
selexipag	55
self	2
selincro	55
selinexor	104
sella	2
sellada	3
selladas	3
sellado	24
selladores	7
sellados	2
sellante	4
sellantes	4
sellar	8
sellarlo	4
selle	2
sello	2
selpercatinib	129
selumetinib	57
sem	40
sema	3
semaglutida	195
semana	10442
semanal	425
semanales	169
semanalmente	174
semanas	16439
semanasa	13
semanasd	3
semejante	39
semejantes	28
semejanza	3
semen	130
semi	11
semia	2
semicirculares	5
semicuantificación	3
semicuantitativa	10
semicuantitativo	2
semicuantitativos	5
semidesintegración	2
semilla	8
semillas	41
semilunar	61
seminal	84
seminales	130
seminoma	4
seminomas	4
seminomatosos	2
semisintética	7
semisintético	16
semisintéticos	7
semisodio	3
semisódico	3
semisólido	3
semisólidos	2
semivida	229
semividas	47
sen	20
sencilla	4
sencillas	6
sencillo	3
sencillos	2
senderos	2
sendos	2
senescencia	2
senil	30
seniles	4
senioral	9
seno	978
senopulmonares	2
senos	200
sensacion	3
sensaciones	34
sensación	1029
senscis	10
senshio	5
sensibilidad	1617
sensibilidades	5
sensibiliza	5
sensibilizaciones	3
sensibilización	147
sensibilizadas	3
sensibilizado	3
sensibilizador	2
sensibilizadores	3
sensibilizados	38
sensibilizan	15
sensibilizante	10
sensibilizantes	21
sensibilizar	5
sensible	291
sensiblemente	2
sensibles	917
sensitiva	91
sensitivas	15
sensitivo	97
sensitivomotora	19
sensitivos	11
sensor	54
sensores	19
sensorial	200
sensoriales	97
sensorimotora	2
sensoriomotora	4
sentada	17
sentado	65
sentados	11
sentar	3
sentarse	73
sentará	3
sentido	128
sentidos	34
sentimiento	9
sentimientos	58
sentimos	4
sentir	214
sentirlas	2
sentirse	199
sentirte	8
sentirá	17
sentían	3
senósido	2
senósidos	10
sep	63
sepa	58
sepan	5
separa	11
separaciones	2
separación	296
separada	37
separadamente	11
separadas	99
separado	261
separados	97
separan	10
separando	4
separar	30
separaron	3
separarse	6
separe	15
sepp	27
sepr	155
sepsis	693
sepsisa	4
sepsisb	4
sepsisd	2
sept	2
septal	13
septanasal	3
septicemia	110
septicemias	2
septico	2
septicémica	3
septicémico	4
septiembre	41
septo	9
septolete	2
septostomía	11
septrin	33
seque	17
sequedad	878
sequencing	2
sequoia	15
ser	12124
seractil	3
seraphin	8
serenity	3
serenoa	6
seres	88
seretide	23
serevent	10
seria	73
seriada	3
seriadas	9
seriado	9
seriados	10
seriamente	19
serias	58
serico	2
serie	282
series	16
serin	2
serina	23
serio	67
serios	119
serle	2
serlo	11
serm	8
sero	5
seroconversion	2
seroconversiones	5
seroconversió	2
seroconversión	227
seroconvirtieron	7
serogrupo	11
serogrupos	14
serologia	4
serología	70
serologíae	2
serológica	220
serológicas	46
serológico	40
serológicos	18
seroma	55
seronegativa	6
seronegativas	15
seronegatividad	5
seronegativo	11
seronegativos	75
seropositiva	8
seropositivas	11
seropositividad	30
seropositivo	77
seropositivos	120
seroprevalencia	2
seroprotección	46
seroprotectora	2
seroprotectores	12
seroprotegido	4
seroprotegidos	8
seroquel	52
serorespuesta	7
serorreducción	2
serorrespuesta	145
serorrespuestad	3
serosa	151
serosas	3
serositis	7
seroso	73
serosos	2
serotipo	19
serotipos	21
serotonina	398
serotoninérgica	6
serotoninérgicas	15
serotoninérgico	264
serotoninérgicos	143
serotonérgico	2
serotonérgicos	2
serovar	2
serp	28
serpiente	142
serpientes	21
serpinas	2
serplulimab	100
serra	9
serrata	5
serratia	60
serrulata	4
sertaconazol	11
sertindol	74
sertoli	2
sertralina	100
serum	2
service	2
services	4
servicio	84
servicios	173
servidos	2
servir	32
servirá	2
será	294
serán	76
sería	75
serían	27
ses	35
sesamoideo	26
sesenta	54
sesgo	6
sesgos	4
sesiones	54
sesión	86
sesquiterpenoides	3
sest	2
sestamibi	8
set	20
setas	20
setecientos	3
setenta	36
setmelanotida	56
settle	4
seudoagujero	5
seudocoxalgia	4
seudoexfoliación	25
seudofracturas	9
seudogripal	29
seudogripales	25
seudohermafroditismo	4
seudolúpico	3
seudomembranosa	11
seudopapiledema	5
seudopterigion	5
seudoquiste	2
seudotumor	5
seudoviriones	2
seudovirus	18
sev	3
sevelámero	86
seven	2
severa	491
severamente	9
severas	108
severe	2
severidad	102
severity	45
severo	147
severos	125
sevoflurano	67
sevorane	2
sew	3
sexal	2
sexo	764
sexos	75
sexta	91
sextillizos	2
sexto	28
sexual	819
sexuales	521
sexualmente	51
señal	244
señala	15
señalada	5
señaladas	9
señalado	9
señalados	10
señalan	9
señalar	28
señalaron	2
señalarse	5
señale	2
señales	330
señalización	168
sf	156
sfb	2
sfc	37
sfq	5
sfs	8
sg	1948
sga	5
sgart	3
sgb	22
sge	2
sgi	2
sglt	13
sgntv	4
sgot	60
sgpt	59
sgrq	55
sgtp	3
sh	12
sham	5
sharp	63
shbg	54
she	73
shepherd	2
shf	2
shhnc	2
shift	20
shiga	6
shigella	14
shigelosis	8
shimoidei	2
shine	2
shingrix	92
sho	197
shock	1046
shocks	5
short	17
shr	5
shu	14
shua	118
shunt	11
shunts	4
shv	5
shwachman	3
si	24074
siadh	72
sialadenitis	6
sialiltransferasa	2
sialoadenitis	24
sialografía	13
sialomucinas	10
sialorrea	6
sib	3
sibilancia	44
sibilancias	152
sibilante	12
sibnayal	24
sibutramina	3
sic	18
sicca	7
sida	164
sided	2
sideroblastos	8
sideroblástica	29
siderosis	30
siderófora	2
sideróforos	4
sido	2188
sidoides	4
sidra	2
siempre	1133
siendo	701
sienes	4
sienta	492
sientan	10
siente	113
sienten	49
sientes	3
sierras	6
siestas	13
siete	298
siewert	4
sifilítica	29
sifilíticos	19
sifón	4
siga	167
sigan	52
sigla	45
siglas	1465
sigma	3
sigmoide	285
sigmoidoscopia	25
sigmoidoscopio	2
sigmoidoscopía	2
sign	2
significa	810
significación	228
significado	75
significan	129
significancia	38
significante	8
significantemente	6
significar	249
significativa	2445
significativamente	1484
significativas	968
significativo	967
significativos	400
significó	2
signifique	10
signifor	36
signify	4
signo	721
signos	3987
signs	4
sigue	235
siguen	123
siguentes	2
siguiendo	235
siguiente	2995
siguientes	4085
siguieran	4
siguieron	133
siguió	77
sihad	5
sii	19
siiltibc	2
siiltibcy	63
silbido	10
silbidos	4
sildenafilo	122
silencio	2
silenciosa	7
silente	24
silentes	2
silicio	4
silicona	8
silicosis	2
silimarina	9
silla	105
sillas	12
silodos	3
silodosina	34
silostar	12
siltuximab	45
silvederma	6
silvestre	28
silvestres	4
sim	2
simbléfaron	7
simbrinza	57
simbólicas	3
simdax	22
simeprevir	5
simes	4
simeticona	25
simetría	2
similar	1868
similares	1465
similiar	2
similitud	58
similitudes	8
simio	4
simon	2
simons	2
simpatectomía	3
simpaticolíticos	3
simpaticomimética	33
simpaticomiméticas	30
simpaticomimético	33
simpaticomiméticos	119
simpatomimética	3
simple	1009
simplea	2
simplemente	34
simples	53
simplex	32
simplificado	12
simplificar	4
simplify	6
simponi	166
simptomático	2
simpática	40
simpáticas	3
simpático	206
simpáticomiméticos	2
simpáticos	19
simula	4
simulaciones	14
simulación	41
simulada	6
simuladas	4
simulado	103
simulados	10
simulando	2
simular	6
simularse	2
simulect	23
simultanea	2
simultaneamente	2
simultaneo	5
simultánea	247
simultáneamente	331
simultáneas	15
simultáneo	165
simultáneos	18
simva	22
simvastatina	349
simétrica	6
simétricas	2
simétrico	10
simétricos	4
sin	24169
sinapsis	19
sinaptosomal	2
sinaptosomas	2
sincicial	11
sincitial	75
sincopal	7
sincopales	2
sincope	9
sincronización	6
sincronizada	11
sincronizado	7
sincronizar	2
sindactilia	2
sindrome	43
sindromes	2
sindrómico	3
sine	2
sinemet	53
sinequias	15
sinergia	21
sinergina	8
sinergismo	2
singapur	5
single	19
singletes	2
singulair	16
singular	3
singénico	28
singénicos	7
sinhogarismo	2
sino	186
sinoatrial	2
sinoauricular	42
sinogan	9
sinovectomía	3
sinovia	2
sinovial	300
sinoviales	8
sinoviocitos	5
sinoviortesis	12
sinovitis	186
sintasa	38
sintetasa	60
sintetiza	11
sintetizada	3
sintetizadas	3
sintetizados	5
sintetizan	3
sintetizar	9
sintiendo	2
sintió	2
sintoma	5
sintomas	67
sintomatico	3
sintomatología	151
sintomatologías	2
sintomática	913
sintomáticad	4
sintomáticamente	15
sintomáticas	105
sintomático	944
sintomáticoa	3
sintomáticos	134
sintonal	5
sintrom	9
sintética	20
sintéticamente	3
sintéticas	15
sintético	6342
sintéticos	160
sinuplastia	3
sinupret	8
sinus	43
sinusal	358
sinusales	11
sinusitis	294
sinusoidal	15
sinusvicks	15
sináptica	13
sinápticas	4
sinápticos	4
sinérgica	27
sinérgicamente	4
sinérgicas	2
sinérgico	33
sinérgicos	18
sinónimo	2
sinónimos	35
sipavibart	37
siponimod	141
siquiera	26
sirdalud	21
siri	22
siringomielia	7
sirius	5
sirna	3
sirolimus	176
sirrs	6
sirs	5
sirturo	64
sirva	4
sirve	34
sirven	18
sirólimus	6
sis	5
sish	7
sistema	12910
sistemas	1879
sistematica	4
sistematicas	6
sistemicas	3
sistemicos	5
sistemática	56
sistemáticamente	63
sistemáticas	7
sistemático	9
sistemáticos	8
sistetasa	2
sistémica	1343
sistémicamente	33
sistémicas	467
sistémico	1242
sistémicos	1443
sistémicosa	2
sistólica	480
sistólicas	2
sistólico	16
sitagliptina	365
sitagliptinae	2
sitagliptinag	2
sitio	339
sitios	156
sito	2
sitosterolemia	4
sits	8
situ	218
situaba	5
situaban	2
situacion	2
situacional	2
situacionales	4
situaciones	715
situación	1084
situada	17
situadas	15
situado	19
situados	15
situar	4
situaron	3
situarse	9
situó	21
sitémicos	2
sitúa	18
sitúe	4
sitúen	5
siu	2
sivextro	5
siwe	2
siálico	2
siéntese	4
sión	2
sj	80
sjogren	3
sjs	87
sk	22
skeletal	2
skindex	7
skyclarys	49
skylight	11
skyrizi	12
sla	7
slaud	3
slc	967
slca	4
slcolbl	2
sle	215
sledai	21
sleep	7
slei	36
slg	39
sli	18
slinda	46
slm	19
slmd	10
sln	12
sloan	7
slp	1856
slpa	15
slpe	3
slpinv	5
slpm	6
slpr	106
slr	74
slt	227
sly	2
sm	6
sma	8
smart	3
smartpractice	3
smd	219
smith	54
smle	8
smm	29
smmse	3
smn	11
smo	6
smoflipid	17
smog	2
smoothened	3
smp	25
smpc	13
smq	9
smr	8
smsl	3
sn	9
sna	32
snap	2
snapshot	59
snc	842
snca	2
snellen	9
snm	130
snmi	2
snmp	23
snmps	12
snot	21
snowboard	15
snp	2
snps	8
sob	4
sobrante	31
sobrantes	7
sobre	10555
sobreactivación	3
sobreactividad	2
sobrealimentación	4
sobrecarga	271
sobrecargado	2
sobrecargar	2
sobrecrecimiento	81
sobredosificacion	2
sobredosificación	44
sobredosis	470
sobreesfuerzo	28
sobreestimación	3
sobreestimar	3
sobreestimulación	6
sobreexcitación	2
sobreexposición	7
sobreexpresaban	3
sobreexpresada	2
sobreexpresado	3
sobreexpresan	24
sobreexpresen	5
sobreexpresión	54
sobrehidratación	7
sobreinfecciones	22
sobreinfección	63
sobreinfectadas	4
sobrellenado	4
sobrellevar	9
sobremedicación	3
sobrenutrición	2
sobrepasa	14
sobrepasada	2
sobrepasan	14
sobrepasar	114
sobrepasarse	3
sobrepase	6
sobrepasen	4
sobrepasó	3
sobrepeso	193
sobrepin	2
sobreproducción	9
sobrequelación	7
sobrerol	6
sobrerreacción	2
sobres	60
sobresale	6
sobresalen	3
sobresalir	4
sobresedación	2
sobrestimación	2
sobrestimada	2
sobretodo	10
sobretratamiento	3
sobrevaloración	2
sobrevenida	3
sobrevenir	6
sobreviven	8
sobrevivieron	26
sobrevivir	23
sobrevivían	2
sobria	2
soc	261
socavón	5
social	136
sociales	95
socialmente	2
sociedad	58
sociedades	2
society	20
société	2
socs	5
soct	18
sodio	4521
soemmering	5
sof	99
sofa	3
sofocación	49
sofoco	46
sofocos	300
sofosbuvir	382
soft	3
software	17
sofá	17
sogas	2
sogroya	9
soh	4
soi	6
soja	139
sokal	15
sol	260
sola	748
solamente	379
solapadas	2
solapado	3
solapados	2
solapamiento	13
solapan	3
solaparse	3
solapándose	2
solar	300
solares	72
solarium	4
solas	78
soldadura	8
soledad	2
solicita	20
solicitadas	11
solicitado	10
solicitados	2
solicitan	11
solicitar	370
solicitarle	5
solicitarlo	2
solicitaron	2
solicitarse	11
solicitará	25
solicite	52
soliciten	55
solicitud	11
solicitudes	12
solicitó	9
solid	10
solidez	3
solifenacina	26
solinitrina	8
soliris	202
solitarias	2
solitario	53
solium	5
solo	3318
solos	243
solostar	15
solriamfetol	40
soltar	2
solubalm	2
solubilidad	17
solubiliza	2
soluble	85
solubles	21
solucion	2
soluciona	8
solucionan	2
solucionar	8
solucionaron	6
solucione	2
soluciones	298
solución	2197
soluciónestá	2
solutos	6
solvent	2
solvente	8
solventes	4
solía	15
solían	12
somakit	3
somapacitán	88
somatizaciones	2
somatización	3
somatomorfo	2
somatomorfos	2
somatorelina	6
somatostatina	122
somatotropina	12
somatotrópica	4
somatrogón	62
somatropina	84
somatulina	8
somavert	29
sombra	6
sombras	2
sombreada	3
sombrero	7
sombreros	3
someta	16
sometan	40
somete	59
someten	61
someter	114
someterlos	3
someterse	262
someterá	6
someterán	2
sometida	9
sometidas	81
sometido	179
sometidos	970
sometiendo	4
sometieran	2
sometieron	177
sometiéndose	2
sometió	27
somnambulismo	5
somnolenci	4
somnolencia	1212
somnolenciaa	3
somnoliento	12
somníferos	3
somática	24
somáticas	18
somático	16
somáticos	7
son	9682
sonambulismo	24
sonar	4
sonarse	2
sonate	8
sonda	120
sondado	2
sondaje	6
sondajes	4
sondas	16
sonic	4
sonidegib	27
sonido	100
sonidos	78
sonnei	2
sonografía	6
sonogramas	2
sonoras	41
sonoridad	3
sonoro	2
sonovue	45
sonreír	12
soolantra	3
sop	32
sopesado	8
sopesar	99
sopesarse	40
sopesará	2
sopesarán	2
sopla	2
soplado	5
soplar	2
soplará	2
soplo	16
soplos	2
sopor	4
soportan	8
soporte	602
soportes	2
sorafenib	207
soravtansina	31
sorbitol	225
sorbos	2
sordas	3
sordellii	2
sordera	150
sordo	9
sordomudez	3
sorivudina	6
sorpresa	2
sos	40
sospecha	1651
sospechada	73
sospechadas	17
sospechado	50
sospechados	7
sospechan	10
sospechar	29
sospechara	2
sospecharse	19
sospechas	6523
sospechase	5
sospeche	112
sospechen	5
sospechosa	57
sospechosas	50
sospechoso	136
sospechosos	28
sospechó	6
sostener	15
sostenerse	5
sostenga	2
sostenible	3
sostenida	446
sostenidas	33
sostenido	82
sostenidos	18
sostiene	10
sostienen	2
sostén	3
sotalol	35
sotapor	19
sotatercept	86
soteria	4
sotorasib	11
sotrovimab	32
sotyktu	7
south	2
sovaldi	52
soya	7
soñodor	4
sp	28
spaax	6
spain	3
sparcc	16
sparcl	6
spartan	12
spasmo	3
spd	4
spe	3
speaker	2
species	2
specific	3
spect	38
spectracef	5
spectrila	29
spectrum	4
spedra	14
speech	4
spep	2
spesolimab	2
spevigo	8
spf	6
spga	100
sphingomyelin	2
sphingomyelinase	3
spi	9
spid	5
spike	15
spikevax	647
spinraza	84
spiraxin	2
spirit	24
spiriva	4
spm	5
spondylitis	15
spondyloarthritis	2
sporanox	17
sporothrix	5
spotlight	16
spotting	17
spp	461
spravato	151
spray	17
spring	18
sprinkle	3
sprint	10
sprout	3
sprute	5
spt	2
spw	4
sq	104
sqf	57
square	4
squares	9
sqv	3
sr	6
sra	17
sraa	196
sraas	2
src	15
sri	14
srif	3
sris	16
srp	2
srpv	6
srr	93
srrr	8
srs	3
srv	2
ss	44
ssa	15
ssbp	3
sse	15
ssf	4
ssi	4
ssiha	3
ssihad	2
ssj	410
ssp	79
ssrs	9
sstr	6
ssz	4
st	205
sta	7
stabilize	2
stada	31
staehli	4
stage	7
staging	6
stair	2
stamaril	21
stampede	7
standard	42
standardised	5
standards	2
staphylococci	3
staphylococcus	350
staphylococus	3
stapyhlococcus	2
star	2
starglo	8
starlix	6
start	16
startmrk	5
startrk	11
stat	17
state	3
states	2
static	8
statins	4
statpearls	2
stats	3
status	41
stb	34
stbnrms	3
std	2
ste	2
steadi	3
stec	7
steglatro	17
stelara	62
stellar	16
stemi	16
stenger	6
stenotrophomonas	25
stent	85
stents	10
step	12
steven	26
stevens	831
stgi	2
stieda	4
still	74
stilnox	9
stivarga	112
stl	2
stn	3
stokes	8
stool	2
storm	8
stp	4
str	5
strategy	5
strauss	7
stream	4
strefen	3
strensiq	8
strepsils	3
streptococci	12
streptococcus	308
streptococo	2
streptococos	3
streptomyces	13
stribild	134
stride	4
striiving	3
strive	4
striverdi	25
stroke	3
strokes	2
stromal	2
strongyloides	2
stst	7
stt	6
stuartii	8
student	37
study	73
stugeron	7
stui	9
su	21796
suave	105
suavemente	96
suaves	32
suavidad	2
suavizado	2
suavizante	3
sub	36
suba	9
subaguda	100
subagudas	7
subagudo	24
subagudos	7
suban	4
subanálisis	2
subapartado	5
subaracnoidea	148
subaracnoideo	27
subareolar	4
subaórtica	5
subcampo	7
subcapsular	48
subcapsulares	15
subcategoría	3
subcategorías	3
subcitrato	12
subclase	5
subclases	8
subclavia	825
subclínica	15
subclínico	17
subclínicos	3
subcohorte	2
subcomponente	2
subcondral	2
subconjuntival	4
subconjunto	80
subconjuntos	23
subcortical	7
subcorticales	8
subcrónica	2
subcultivos	2
subcutanea	6
subcutaneo	10
subcutánea	1304
subcutáneaa	9
subcutáneab	7
subcutáneac	3
subcutáneamente	20
subcutáneas	99
subcutáneo	3978
subcutáneos	36
subdominio	5
subdominios	3
subdural	91
subdurales	2
subdérmica	4
subdérmico	2
sube	204
suben	13
subendocardio	2
subendotelial	2
subendotelio	4
subepitelial	4
subescala	41
subescalas	17
subesp	2
subestadios	2
subestimación	6
subestimar	2
subestimarla	2
subestudio	114
subestudios	5
subfamilia	9
subflava	2
subfoveal	19
subfoveales	2
subfracciones	2
subgaleal	9
subgingival	2
subglotis	2
subglótica	2
subgrupo	939
subgrupos	946
subida	12
subidas	11
subiendo	2
subinvolución	3
subir	111
subjetiva	16
subjetivamente	7
subjetivas	26
subjetivo	7
subjetivos	7
sublingual	61
sublinguales	11
subluxación	1172
submandibular	8
submandibulares	14
submarino	2
submaxilar	38
submentoniana	10
submucosa	4
submucoso	3
submucosos	4
submuestra	2
subperióstico	6
subpoblaciones	48
subpoblación	51
subproductos	2
subpuntuaciones	12
subpuntuación	212
subrayar	2
subretinal	2
subretiniana	23
subretiniano	13
subretinianos	2
subrogada	4
subrogado	2
subrogados	5
subsahariana	2
subsalicilato	2
subsecciones	7
subsección	41
subsecuente	19
subsecuentemente	2
subsecuentes	4
subsiguiente	83
subsiguientes	47
substancia	2
substancial	2
substanciales	5
substancias	7
substituto	2
substitutos	2
substrato	3
substratos	5
subterapéutica	4
subterapéuticos	3
subterráneas	3
subterráneo	12
subtilis	3
subtilisina	3
subtipo	174
subtipos	220
subtotal	2
subtrocantérea	110
subtrocantéricas	17
subtropicales	5
subunidad	100
subunidades	20
subvalvular	6
subvariante	11
subvariantes	2
subyace	2
subyacente	655
subyacentes	280
subíleo	12
subíndice	18
subíndices	2
subóptima	21
subóptimo	3
subóptimos	2
succinato	39
succinil	5
succinilacetona	9
succinilcolina	11
succinimida	2
succinimidas	29
succionando	3
succión	21
succímero	3
succínico	2
suceda	18
sucede	234
suceden	15
suceder	147
sucederle	2
sucedido	3
sucediendo	2
sucediera	8
sucedieron	15
sucedió	15
sucedáneos	14
sucesiva	6
sucesivamente	8
sucesivas	34
sucesivo	22141
sucesivos	23
suceso	3
sucesos	15
sucia	2
sucias	12
suciedad	8
sucios	2
sucralfato	3
sucroférrico	18
suda	2
sudación	4
sudamérica	23
sudar	7
sudeste	14
sudomotor	3
sudor	194
sudoraciones	2
sudoración	414
sudores	91
sudorosa	3
sudorípara	2
sudoríparas	20
sudoríparo	2
sudoríparos	4
sudáfrica	30
suecia	5
suele	889
suelen	641
suelo	97
suelos	3
suelta	8
sueltas	16
suelte	2
suelto	13
sueltos	5
suena	5
suenan	3
suero	1043
sueroral	2
sueros	19
suerte	6
sueño	1241
sueñob	3
sueños	126
sufentanilo	44
suficiente	961
suficientemente	212
suficientes	471
sufra	15
sufran	48
sufre	92
sufren	169
sufrida	2
sufridas	2
sufrido	162
sufriendo	19
sufriera	5
sufrieran	2
sufrieron	143
sufriesen	3
sufrimiento	33
sufrir	645
sufrirla	2
sufrirlas	2
sufrió	52
sufría	9
sufrían	22
sugammadex	102
sugemalimab	155
sugerencias	31
sugerente	11
sugerentes	18
sugerida	2
sugerido	44
sugeridos	3
sugerir	64
sugerirle	35
sugerirá	4
sugerían	3
sugestiva	4
sugestivas	2
sugestivo	17
sugestivos	38
sugiera	36
sugieran	145
sugiere	160
sugieren	575
sugiriendo	9
sugiriera	2
sugirieran	2
sugirieron	14
sugiriesen	4
sugirió	23
suh	15
sui	2
suicida	367
suicidab	2
suicidabilidad	3
suicidarse	19
suicidas	333
suicidio	600
suicidios	10
suicido	4
suiza	2
sujeción	4
sujet	4
sujeta	70
sujetar	7
sujetas	8
sujete	13
sujeto	313
sujetos	4307
sulbactam	42
sulbutiamina	6
sulfadiazina	26
sulfadoxina	6
sulfaleno	2
sulfametoxazol	129
sulfamida	6
sulfamidas	77
sulfamido	2
sulfamidoterapia	2
sulfamídico	3
sulfapiridina	3
sulfasalacina	2
sulfasalazina	52
sulfatación	4
sulfatasa	14
sulfato	382
sulfatos	11
sulfhidrilo	8
sulfhidrilos	2
sulfidrilo	4
sulfinpirazona	3
sulfito	13
sulfitos	16
sulfoacetato	10
sulfobutil	7
sulfoguayacol	4
sulfoguayacolato	7
sulfohemoglobinemia	4
sulfonamida	114
sulfonamidas	109
sulfonato	17
sulfonilurea	458
sulfonilureaa	2
sulfonilureac	2
sulfonilureas	104
sulfosalicílico	3
sulfuro	51
sulfóxido	6
suliqua	80
sulmetin	2
sulodexida	8
sulpirida	53
sultiamo	39
sultoprida	5
suma	90
sumado	2
sumamente	14
suman	6
sumando	3
sumar	4
sumarse	6
sumará	2
sumatriptán	99
sumergir	2
sumersión	120
sumial	17
suministra	14
suministrada	4
suministradas	5
suministrado	22
suministrados	5
suministran	17
suministrar	10
suministrarle	4
suministrará	2
suministre	2
suministro	71
suministros	8
suministró	2
summary	6
summit	7
sumo	24
sun	32
sunbeam	10
sunct	3
sunfish	12
sunitinib	310
sunlenca	34
sunlight	10
sunosi	27
supar	7
supeditada	18
supender	2
supensión	3
supera	136
superaba	4
superaban	2
superación	2
superado	11
superan	83
superando	14
superar	316
superara	2
superaran	3
superarlo	5
superaron	9
superarse	33
superará	4
superarán	2
superase	3
superdotadas	2
supere	84
superen	96
superfamilia	2
superficial	1734
superficiales	247
superficialmente	3
superficie	1198
superficies	139
superfície	3
superinfecciones	2
superinfección	12
superior	10688
superiora	16
superiorb	2
superiorc	3
superiord	2
superiores	996
superioridad	309
supermercado	3
supernova	2
supernumeraria	15
supernumerario	4
superovulación	11
superponen	10
superponibles	2
superposición	52
superpuesta	3
superpuestas	9
superpuestos	6
superrelajado	2
superscan	3
supersónicas	6
supervicencia	4
supervisa	4
supervisada	13
supervisadas	8
supervisado	151
supervisados	36
supervisando	2
supervisar	250
supervisarlo	12
supervisarlos	2
supervisarse	47
supervisará	4
supervisarán	2
supervise	4
supervision	8
supervisión	3287
supervisores	2
supervisó	3
supervivencia	3097
superviviencia	4
supervivientes	6
superó	27
superóxido	10
supina	65
supino	40
suplecal	4
suplementación	45
suplementado	3
suplementar	6
suplementaria	33
suplementarias	9
suplementario	61
suplementarios	8
suplementarlo	2
suplemento	5505
suplementos	532
suplir	3
supondrá	2
supondría	2
supone	76
suponen	17
suponer	90
suponga	13
supongan	17
suponiendo	8
suponía	6
supositorio	3
supositorios	9
supportive	5
suppression	2
supra	8
supracelíaco	2
supracervical	6
supraciliar	2
supraclavicular	4
supraclaviculares	6
supracondílea	311
supradrenal	2
supraespinales	4
suprafisiológicas	2
suprafisiológicos	3
supragingivales	3
supraglotitis	3
suprane	2
supranormales	2
supranuclear	22
suprapúbico	2
suprarrenal	676
suprarrenalectomizados	2
suprarrenalectomía	2
suprarrenales	259
supratentorial	6
supraterapéutica	25
supraterapéuticas	34
supraterapéutico	2
supraventicular	3
supraventricular	102
supraventriculard	3
supraventriculares	55
suprefact	2
supresiva	2
supresivo	2
supresión	778
supresor	33
supresora	3
supresoras	4
supresores	44
suprime	45
suprimen	20
suprimida	5
suprimidas	4
suprimido	11
suprimidos	117
suprimiendo	11
suprimieron	2
suprimir	101
suprimirse	13
suprimirá	2
suprimió	6
supuestamente	4
supuesto	20
supuestos	5
supuraciones	2
supuración	12
supuran	2
supurante	2
supurantes	3
supurativa	146
supurativas	4
supusieron	5
supuso	28
sur	39
surco	21
surcos	7
sure	15
surface	7
surfactante	17
surfactantes	2
surfer	4
surg	2
surge	5
surgen	29
surgida	7
surgidas	52
surgido	17
surgidos	41
surgieran	4
surgieron	33
surgiesen	3
surgir	21
surgió	5
surja	3
surjan	5
surmontil	6
surmount	27
suroeste	2
surpass	23
surtan	2
surten	2
survey	7
surveyor	18
survival	34
survive	4
sus	6821
susceptibilidad	259
susceptibilidades	2
susceptibility	42
susceptible	65
susceptibles	344
susoctocog	2
suspenda	106
suspendan	20
suspende	82
suspenden	11
suspender	2600
suspenderla	2
suspenderlo	9
suspenderse	498
suspenderá	96
suspenderán	2
suspendida	16
suspendido	119
suspendiendo	21
suspendiera	2
suspendieron	112
suspendiéndola	2
suspendió	201
suspension	3
suspensiones	29
suspensión	1771
suspicacia	2
sustain	58
sustancia	1196
sustancial	76
sustanciales	16
sustancialmente	80
sustancias	1261
sustenta	2
sustenten	2
sustituciones	374
sustitución	4291
sustitucióna	2
sustituida	4
sustituidas	4
sustituido	9
sustituidos	10
sustituir	60
sustituirlo	6
sustituirse	16
sustituta	3
sustitutas	2
sustitutiva	128
sustitutivas	6
sustitutivo	93
sustitutivos	54
sustituto	17268
sustitutos	106
sustituya	5
sustituyan	2
sustituye	51
sustituyen	31
sustituyendo	3
sustracción	55
sustrae	2
sustrato	145
sustratos	143
sutiles	2
sutimlimab	7
sutura	32
suturas	35
suv	2
suvexx	18
suvr	8
suxametonio	64
suya	4
suyo	6
suyos	7
suéter	2
sv	6
sva	2
svcr	52
svd	51
svm	30
swat	6
sweet	18
swift	28
switch	2
swog	8
sword	17
sycrest	29
sydenham	19
syk	2
sylvant	19
sym	7
symbicort	51
symbol	4
symkevi	64
symptom	12
symptomatic	2
symptoms	11
symtuza	76
synagis	10
synalotic	6
synarel	21
sync	11
syndrome	10
synjardy	19
syntocinon	15
system	31
sábado	2
sábana	2
sábanas	12
sé	8
séptica	31
sépticas	4
séptico	132
sépticoa	3
sépticob	2
sépticos	6
séptima	76
séptimo	8
séquard	59
séquelas	11
sérica	1359
séricas	445
sérico	840
séricos	667
sésamo	7
sézary	20
sí	727
sífilis	182
sílaba	2
sílice	14
símbolo	14
símbolos	9
símica	6
síncope	622
síncopea	3
síncopeb	2
síncopes	9
síndrome	7764
síndromes	375
sínfisis	22
síntesis	732
síntoma	726
síntomas	14338
síntomático	2
sístema	3
sístole	3
sódica	209
sódicas	2
sódico	307
sódio	2
sóftbol	6
sóla	3
sóleo	4
sólida	58
sólidas	15
sólido	82
sólidos	446
sólidosf	2
sólo	1649
sóntomas	2
sórbico	3
sótano	2
súbita	215
súbitamente	6
súbitas	7
súbito	26
súbitos	6
t	1844
ta	21
taan	69
tab	37
tabaco	219
tabaquica	2
tabaquismo	142
tabelecleucel	6
tabes	2
tabique	232
tabiques	2
tabla	11127
tablas	271
table	10
tableta	3
tabletas	10
tablets	3
tabrecta	75
tabulada	152
tabuladas	3
tabulado	107
tabulados	2
tabulan	12
tabular	6
tabáquica	22
tabáquico	19
tabéticas	2
tac	147
tacalcitol	4
tachosil	35
tackle	5
tacm	38
tacmh	12
tacr	5
tacrolimus	103
tacrólimus	113
tacs	4
tactiles	3
tactipen	2
tacto	34
tad	9
tadalafilo	170
tae	3
taenia	6
taf	159
tafamidis	47
tafasitamab	105
tafluprost	44
tag	3
tagraxofusp	10
tagrisso	181
tags	7
tah	6
tai	2
taic	4
tail	3
tailandesa	6
tailandeses	4
tailandia	4
tailandés	4
taipán	17
taiwán	8
tajantemente	2
takayasu	5
takhzyro	31
takipril	14
takotsubo	11
tal	1277
tala	2
talapro	10
talasemia	203
talasemias	6
talasémicos	18
talazoparib	57
talco	6
tales	2114
talidomida	183
talimogén	16
talio	59
talipes	13
talla	41
taller	3
tallo	70
talon	3
talones	8
talquetamab	14
taltz	53
talvey	103
talzenna	49
talón	119
tam	4
tamaño	827
tamaños	24
tambien	7
también	9224
tambor	4
tamiento	2
tamiflu	40
tamo	2
tamoxifeno	182
tampoco	154
tamponadora	3
tamponamiento	3
tamponando	2
tampones	12
tampón	20
tams	7
tamsulosina	126
tan	859
tanagel	3
tanato	6
tanda	2
tandemact	24
tangencial	2
tango	3
taniborbactam	2
taninos	4
tanner	27
tanque	15
tanques	3
tanta	16
tantas	6
tanto	4548
tantos	9
taoh	2
tap	55
tapa	56
tapada	7
tapadas	2
tapados	2
tapan	2
tapar	11
tapd	19
tape	14
tapentadol	14
taper	3
tapetes	2
taph	95
tapistry	5
tapizan	5
taponamiento	192
tapones	9
taps	3
taptiqom	8
tapón	57
taqman	15
taquiarritmia	51
taquiarritmias	43
taquicardia	1370
taquicardiai	2
taquicardias	29
taquicininas	14
taquifilaxia	40
taquifilaxias	2
taquifilaxis	3
taquipnea	57
tar	156
tarbis	35
tarc	167
tarda	67
tardan	22
tardanza	2
tardar	106
tardaron	3
tarde	278
tarden	3
tardia	2
tardieu	4
tardis	2
tardía	358
tardías	57
tardío	127
tardíos	36
tardó	7
tarea	3
tareas	74
targa	20
target	27
targeted	2
targin	20
targocid	4
tarias	3
tarjeta	150
tarka	36
tarlatamab	31
tarlodix	21
tarmed	7
tarsiano	5
tarso	578
tarsometatarsiana	321
tarsometatarsiano	13
tartamudean	2
tartamudeando	2
tartamudear	3
tartamudeo	5
tartamudez	22
tartracina	4
tartrato	11
tartrazina	25
tartárico	5
tarántula	17
tas	23
tasa	5180
tasac	4
tasad	2
tasas	1338
task	2
tasmar	70
tasonermina	14
tass	2
tat	4
tatuador	2
tatuaje	3
tatuajes	15
tau	26
taucor	27
tauroselcólico	5
taussig	3
tav	3
tavanic	13
tavlesse	5
tavneos	4
tavonin	3
tax	22
taxano	57
taxanos	77
tay	11
taza	16
tazas	7
tazobactam	95
tazón	2
tb	183
tbc	8
tbg	36
tbh	8
tbi	2
tbili	4
tbo	80
tbos	2
tbr	2
tbrca	17
tbrcam	19
tbrcawt	5
tc	1119
tca	35
tcar	20
tcb	3
tcc	7
tce	48
tced	2
tcf	14
tch	22
tci	30
tcis	6
tcm	23
tcmh	244
tco	76
tcp	3
tcph	46
tcr	15
tcs	6
tcu	23
tcz	21
td	8
tda	76
tdah	255
tdap	7
tdc	19
tdf	277
tdha	2
tdi	5
tdm	24
tdp	7
tdpm	2
tdr	18
tdt	30
tdv	2
tdx	8
tdy	4
te	91
tea	168
teae	6
teaes	18
teaf	23
teatro	2
tebentafusp	36
tebg	2
tec	37
teca	3
tecartus	100
tecentriq	88
teceos	2
technegas	9
technology	2
techo	63
teclado	4
teclistamab	10
tecnecio	245
tecnica	4
tecnicas	2
tecnigen	20
tecnología	462
tecnologías	9
tecos	8
tecvayli	98
tediprima	15
tedizolid	41
tedriprima	2
teduglutida	63
teen	4
tegafur	71
tegi	65
tegomil	38
tegretol	43
tegsedi	7
tegumentaria	12
tegumentario	205
tegumento	3
teicoplanina	44
tejado	6
tejido	19121
tejidos	1438
tel	2
tela	5
telangiectasia	42
telangiectasias	22
telaprevir	25
telarañas	2
telas	3
telavancina	2
telbivudina	6
telearrastre	6
telecast	2
telediastólica	3
telefonica	2
teleférico	6
telefónica	5
telemedicina	5
telemetría	6
telesalud	18
telescopio	4
telesistólico	2
telestar	3
televisión	14
televisor	9
telfast	3
telitromicina	47
telmisartan	50
telmisartán	251
telopéptido	8
telopéptidos	3
telotristat	44
telzir	41
teléfono	27
teléfonos	9
tem	12
tema	9
temas	8
temblor	577
temblorb	2
temblores	220
temblorosas	3
temblorosos	2
teme	3
temen	2
temeroso	3
temocilina	7
temodal	5
temoporfina	4
temor	16
temozolomida	20
temperatura	385
temperaturas	32
templada	23
templado	3
temple	2
tempo	14
temporada	100
temporadas	13
temporal	1150
temporalb	2
temporales	137
temporalmente	493
temporalmenteb	9
temporo	2
temporomandibular	411
temporomandibulares	18
temprana	409
tempranamente	6
tempranas	88
temprano	315
tempranos	82
temsavir	39
temsirolimus	194
temso	5
ten	31
tenaya	14
tenca	2
tendencia	360
tendencias	60
tendentes	2
tender	3
tenderse	19
tendieron	23
tendinitis	137
tendinopatía	12
tendinosa	34
tendinosas	50
tendinoso	7
tendinosos	14
tendió	13
tendones	632
tendrá	124
tendrán	30
tendré	2
tendría	6
tendrían	4
tendía	4
tendían	8
tendón	4004
tenecteplasa	34
tenedor	4
tenedores	2
tenemos	3
tener	5284
teneren	2
tenerla	24
tenerle	2
tenerlo	19
tenerlos	5
tenerse	759
tenesmo	22
tenga	967
tengan	446
tengas	3
tengo	18
tenia	2
tenian	13
teniasis	3
tenidas	2
tenido	578
tenidos	4
teniendo	431
tenipósido	2
tenis	10
tenkasi	4
tenmo	119
tenofovir	1912
tenonitis	5
tenor	2
tenoretic	14
tenosinovial	3
tenosinovitis	114
tenosinovitisau	2
tenoxicam	9
tens	3
tensar	5
tensilón	2
tensina	2
tension	2
tensional	29
tensionales	4
tensiones	4
tensión	568
tenso	4
tentativa	2
tentempié	4
tentin	11
tenue	4
tenía	991
tenían	2659
teobromina	2
teofarma	6
teofilina	91
teoría	10
tep	17
tepezza	5
tepkinly	13
tepmetko	23
tepotinib	24
teprotumumab	44
tept	39
ter	6
terapeuta	14
terapeutas	9
terapeutica	3
terapeuticos	2
terapeútica	2
terapeúticas	3
terapia	4889
terapias	380
terapéu	3
terapéutica	727
terapéuticamente	18
terapéuticas	638
terapéutico	847
terapéuticos	520
teratogenicidad	25
teratogénica	2
teratogénico	31
teratogénicos	12
teratoide	2
teratología	7
teratoma	2
teratógena	2
teratógeno	22
terazosina	18
terbasmin	6
terbinafina	11
terbutalina	16
terbutilamina	9
terc	2
tercer	2041
tercera	404
terceras	11
tercero	13
terceros	9
terciaria	4
terciarias	3
terciario	5
tercil	4
terciles	2
tercio	184
tercios	25
terfenadina	45
teriflunomida	212
terikids	2
teriparatida	60
terlipresina	40
term	7
termalgin	3
termina	22
terminaciones	43
terminación	37
terminada	4
terminado	24
terminador	4
terminados	3
terminal	532
terminales	17
terminan	7
terminando	6
terminar	91
terminarlo	2
terminaron	8
terminarse	2
terminasa	2
termine	42
terminen	3
termino	5
terminology	39
terminología	124
terminológico	3
terminológicos	59
terminó	8
termolisis	2
termorregulación	16
termorregulador	2
termorreguladora	3
terms	4
teromol	5
terpeno	2
terpenos	6
terpineno	2
terpineol	2
terpinoleno	2
terpénicos	5
terracortril	6
terrain	3
terramicina	6
terraplén	5
terremoto	18
terremotos	5
terrestre	13
terreus	7
territorio	32
territorios	7
terrores	4
terrorismo	155
terrorista	38
tertensif	2
tes	28
tesd	4
tesec	28
tesirina	13
tesla	2
test	639
testados	6
testex	14
testicular	109
testiculares	7
testigo	2
testing	49
testorena	2
testosterona	321
testosteronas	2
testotoxicosis	3
tests	58
testículo	277
testículos	237
tet	8
tetani	6
tetania	32
tetina	2
tetra	70
tetraamniótico	5
tetrabenazina	34
tetracaina	2
tetracaína	30
tetracicilinas	3
tetraciclina	34
tetraciclinas	139
tetracloroetileno	18
tetracloruro	18
tetracoriónico	5
tetracosactida	12
tetracíclico	3
tetracíclicos	36
tetradecilsulfato	5
tetrahidrobiopterina	3
tetrahidrofolato	12
tetrahidrofólico	3
tetrahidrozolina	2
tetralogía	4
tetramérica	2
tetraparesia	4
tetrapirrol	4
tetraplejia	10
tetraplejía	2
tetrasacáridos	3
tetravalente	24
tetravalentes	4
tetraxetán	4
tetrazol	4
tetridar	11
tetrizolina	14
tetrofosmina	11
tetrámero	9
tetrámeros	3
tetánica	2
tetánicas	3
tetánico	20
tev	891
teva	163
tevagen	30
teveten	2
tevetens	18
tevimbra	50
tevs	11
texcaps	3
text	3
texto	45
textura	25
teysuno	113
tez	201
tezacaftor	198
tezepelumab	53
tezspire	17
teñidas	10
teñido	4
teñidos	4
teórica	13
teóricamente	21
teórico	59
tfa	2
tfd	10
tfdc	2
tfdv	5
tffs	2
tfg	338
tfge	810
tfgecg	7
tfi	2
tfpi	15
tfst	18
tft	8
tg	186
tgab	2
tgb	3
tgct	7
tgf	3
tgns	3
tgr	11
th	31
tha	4
thai	3
thal	13
thc	112
the	88
therakos	4
therapy	29
therascreen	6
theta	48
thetaiotaomicron	2
thf	7
thickness	4
thiogamma	5
thl	9
thn	7
thoracic	2
thp	3
thr	13
thrive	17
thrombosis	5
ths	885
thuringiensis	3
thw	3
thxid	5
thymus	10
thyrogen	48
ti	105
tia	8
tiae	6
tiagabina	24
tiamazol	32
tiamina	104
tianeptina	19
tiaprida	24
tiaprizal	3
tiazepinas	3
tiazida	26
tiazidas	229
tiazol	2
tiazolidinadionas	7
tiazolidindiona	53
tiazolidindionas	8
tiazolidinediona	2
tiazolidinedionas	6
tiazídica	3
tiazídico	65
tiazídicos	193
tibc	3
tibia	2277
tibial	1068
tibio	32
tibolona	30
tibsovo	41
tiburón	17
tic	7
tica	9
ticagrelor	317
ticarcilina	6
tice	4
ticial	2
ticlopidina	41
tico	6
ticos	13
tics	61
tid	16
tiempo	7171
tiempos	139
tienda	6
tiendas	2
tiende	70
tienden	99
tiene	5537
tienen	2514
tienes	10
tienopiridina	12
tienopiridinas	19
tierra	55
tierras	2
tiflitis	9
tifoidea	24
tifus	10
tig	2
tigeciclina	80
tih	65
tijera	3
tijeras	8
tildrakizumab	42
tilmanocept	32
timbres	2
time	26
timectomía	6
timed	3
timi	92
timidez	2
timidilato	7
timidina	42
timidílico	2
timina	7
timo	153
timoftol	32
timoglobulina	44
timol	3
timolol	256
timoma	3
timomas	2
timotaxina	2
timpanoesclerosis	5
timpanometría	5
timpanostomía	5
timpanómetro	12
timpánica	265
tina	6
tinales	4
tinciones	2
tinción	99
tinea	91
tinidazol	3
tinitus	20
tinnitus	229
tinta	2
tintas	3
tinte	34
tintes	24
tintura	6
tinzaparina	37
tio	33
tioamida	3
tiocianato	8
tiocolchicósido	11
tioconazol	7
tioguanina	25
tiol	6
tiomersal	7
tiopental	29
tiopentona	5
tiopurina	14
tiopurinas	4
tiopurinol	2
tiorfan	3
tioridazina	15
tiosulfato	47
tiotepa	68
tiotixeno	26
tiotropio	92
tioxantenos	3
tiparvovec	2
tipiracilo	15
tipo	15063
tipos	3438
tipranavir	139
tira	63
tiramina	8
tirando	8
tirante	4
tirantez	27
tirar	12
tiras	22
tiratricol	19
tirbanibulina	30
tire	5
tirita	5
tiritas	2
tiritona	3
tirocalcitonina	2
tirodril	2
tirofibán	4
tiroglobulina	79
tiroidea	690
tiroideas	134
tiroidectomizados	6
tiroidectomía	13
tiroideo	60
tiroideos	102
tiroides	898
tiroiditis	168
tiroiditisk	3
tiroiditism	2
tirones	2
tirosin	17
tirosina	196
tirosinas	2
tirosinasa	3
tirosinemia	9
tirosinquinasa	2
tirotoxicosis	100
tirotricina	6
tirotropina	44
tirotóxica	24
tirotóxicas	8
tiroxina	104
tirzepatida	191
tis	42
tisagenlecleucel	25
tisana	2
tisanas	2
tislelizumab	186
tisotumab	28
tissue	4
tisular	253
tisulares	48
titan	24
titanio	10
titration	5
titubeo	2
titulaciones	5
titulación	104
titulada	12
titulado	3
titulados	7
titulando	3
titular	551
titularon	3
titularse	8
titulará	2
tituló	3
tiuram	2
tiuxetan	6
tivdak	17
tivicay	17
tivozanib	83
tixagevimab	43
tiz	2
tiza	6
tizanidina	14
tiña	50
tiñas	2
tiñe	3
tiñen	3
tióctico	19
tk	13
tkd	7
tki	106
tkis	4
tl	41
tlc	5
tld	9
tlei	2
tlf	2
tllc	2
tlovr	26
tlpt	26
tlr	2
tlzm	2
tm	3
tma	2
tmao	2
tmd	2
tme	7
tmi	35
tmo	14
tmp	3
tmr	4
tmx	2
tmz	69
tmáx	3
tn	44
tnbc	9
tnct	4
tne	45
tneep	10
tnep	10
tnes	11
tnf	555
tnfa	3
tnfalfa	2
tnfb	7
tnfr	5
tnfs	2
tnlt	4
tnm	7
tnss	2
tnt	2
tntc	3
to	89
toalla	10
toallas	24
toallita	46
toallitas	4
tobillo	2845
tobillos	56
tobogán	6
tobradex	4
tobramicina	50
tobrex	4
toc	109
toca	42
tocado	4
tocan	8
tocar	113
tocarlo	2
tocarse	24
tocilizumab	531
tocilizumabb	2
tocilizumabc	6
tocilizumabd	4
tocoferol	20
tocofersolán	4
tocolisis	4
tocolítica	3
tocolítico	10
toctino	32
tod	2
toda	357
todacitan	14
todas	1864
todavía	544
todo	1348
todos	5886
todoterreno	154
tof	2
tofacitinib	537
tofacitinibc	2
tofersen	2
tofersén	56
tofos	248
tofranil	22
tofu	2
tofácea	4
toga	3
toi	8
tolcapona	18
tolebrutinib	61
tolera	191
toleraba	18
toleraban	23
tolerabilidad	552
tolerable	15
tolerables	11
tolerada	250
toleradas	38
tolerado	124
tolerados	17
toleran	114
tolerance	2
tolerancia	598
tolerando	8
tolerantes	5
tolerar	82
tolerara	3
toleraran	3
tolerarlo	3
tolerarlos	2
toleraron	17
tolerase	2
tolere	37
toleren	53
toleró	16
toll	2
tolnaftato	7
tolterodina	19
toluendiamina	10
tolvaptán	102
toma	1504
tomaba	33
tomaban	225
tomada	62
tomadas	77
tomado	211
tomados	76
tomamos	3
toman	678
tomando	778
tomar	4031
tomara	2
tomaran	10
tomarla	43
tomarlas	9
tomarle	4
tomarlo	24
tomarlos	55
tomaron	119
tomarse	551
tomará	133
tomarán	46
tomaría	2
tomas	271
tomate	3
tomates	2
tome	195
tomen	219
tomillo	3
tomo	3
tomogammagrafía	2
tomografia	3
tomografía	1030
tomografías	19
tomográfica	171
tomudex	5
tomándolos	2
tomársela	5
tomó	33
tonalidades	2
tonicidad	16
tonicoclónica	3
tonicoclónicas	38
tono	163
tonografía	3
tonometría	18
tonos	10
tonsilectomía	11
tonsilitis	7
tonsurans	4
tookad	48
tool	7
tooth	8
top	4
topamat	2
topamax	15
topaz	7
tope	4
topenia	2
topic	5
topionic	2
topiramato	126
topo	2
topoisomerasa	51
topoisomerasas	2
topotecan	11
topotecán	113
toque	41
toquen	3
tor	3
toracentesis	2
toracicos	2
toraco	2
toracoabdominal	10
toracocentesis	7
toracolumbar	4
toracotomía	4
toracógena	4
toradol	35
torasemi	2
torasemida	40
torcedura	10
torceduras	27
torcer	2
torcerse	2
torcimiento	6
toremifeno	26
torio	2
toripalimab	102
torisel	8
tormenta	47
tormentas	16
torna	4
tornado	9
tornados	5
tornan	2
tornarse	3
tornillos	3
torniquete	9
torno	94
toro	14
torpedo	18
torpes	2
torpeza	16
torre	6
torrente	233
torsade	178
torsades	125
torsiones	2
torsión	58
torso	3
torticolis	2
tortillas	2
tortuga	16
tortugas	2
tortícolis	50
torulopsis	2
torunda	3
torácica	1268
torácicas	40
torácico	827
torácicos	1295
tos	2044
tosa	23
tose	16
toser	68
toserlo	3
tosferina	6
tosiendo	3
toso	2
tostadora	6
total	6717
totala	3
totalb	5
totald	10
totales	276
totalidad	83
totalmente	234
totem	2
touch	2
tourette	34
tovedeso	7
tower	8
toxemia	8
toxica	8
toxicidad	2827
toxicidada	4
toxicidades	324
toxicity	6
toxicología	5
toxicológico	8
toxicológicos	10
toxicomanía	2
toxigénico	3
toxina	118
toxinas	101
toxoide	46
toxoides	4
toxoplasma	15
toxoplasmosis	33
toxoplásmica	3
tozinamerán	74
tp	153
tpa	4
tpasa	3
tpc	11
tpe	2
tpf	10
tpgs	2
tph	73
tpi	22
tpmt	35
tpo	45
tpoab	3
tpp	3
tppa	3
tpr	4
tps	150
tpsv	2
tpt	43
tpta	6
tpv	9
tqh	3
tqol	4
tqt	10
tr	70
tra	71
trab	2
trabaja	54
trabajado	7
trabajador	17
trabajadores	22
trabajan	39
trabajando	17
trabajar	70
trabajará	10
trabajarán	6
trabaje	19
trabajen	9
trabajo	657
trabajos	18
trabectedina	89
trabecular	22
trabeculares	3
trabeculotomía	2
tracción	340
trace	2
trachomatis	29
tración	2
tracoma	9
tracrium	30
tracto	2701
tractos	7
tradicional	190
tradicionales	22
tradicionalmente	8
tradición	8
traducción	14
traduce	46
traducen	2
traducida	3
traducirse	4
tradujo	16
traduzca	4
trae	3
traer	6
traga	24
tragada	2
tragado	4
tragados	5
tragan	2
tragando	4
tragar	495
tragarla	7
tragarlas	3
tragarlo	4
tragarlos	12
tragarse	129
tragarán	4
trago	8
tragos	15
trague	9
traguen	12
tragándolo	2
tragándolos	3
tragándose	2
trailblazer	8
trajenta	5
trali	6
tralokinumab	133
tramadol	195
tramazolina	8
trametinib	391
trametininb	2
tramo	12
tramos	3
trampolín	7
tranalex	4
trandate	31
trandolapril	54
tranexámico	38
tranilcipromina	44
trankimazin	17
tranquila	3
tranquilas	3
tranquility	4
tranquilización	2
tranquilizador	2
tranquilizante	5
tranquilizantes	19
tranquilizar	2
tranquilo	6
trans	19
transabdominal	2
transaminación	4
transaminasa	126
transaminasas	1074
transaminasasa	3
transaminasasg	2
transaminitis	9
transapical	17
transarterial	17
transaxial	3
transaxiales	3
transcarbamilasa	2
transcarbamoilasa	2
transcelular	3
transcend	41
transcervical	2
transcetolasa	2
transcobalamina	3
transcondílea	49
transcraneal	5
transcripcional	2
transcripciones	5
transcripción	114
transcriptasa	192
transcritos	23
transcrocetinato	5
transcurran	16
transcurre	5
transcurren	10
transcurrida	8
transcurridas	71
transcurrido	576
transcurridos	83
transcurrieran	2
transcurrieron	4
transcurrir	54
transcurso	146
transcutánea	6
transducción	36
transducen	4
transducidas	4
transducir	2
transductor	14
transductora	2
transductoras	5
transductores	4
transdérmica	5
transdérmico	72
transdérmicos	7
transepidérmica	3
transesfenoidal	6
transesofágica	3
transesofágico	10
transeúnte	118
transfalángica	110
transfección	5
transfectadas	5
transferasa	114
transferencia	1030
transferible	3
transferida	2
transferidas	2
transferido	5
transferidos	23
transferir	9
transferirla	2
transferirlo	3
transferirse	2
transferrina	20
transfiera	2
transfiere	5
transfieren	3
transfigure	2
transfirieron	4
transform	12
transforma	39
transformaciones	6
transformación	87
transformada	9
transformadas	6
transformado	33
transformados	27
transforman	22
transformante	2
transformar	3
transformarla	2
transforms	3
transformándose	3
transfundida	2
transfundidas	9
transfundidos	6
transfundir	3
transfusional	66
transfusionales	9
transfusiones	429
transfusionesc	3
transfusión	539
transglutaminasa	5
transgén	13
transgénicos	3
transicional	8
transicionales	12
transiciones	2
transición	79
transilíaca	4
transition	2
transito	3
transitoria	613
transitoriamente	18
transitorias	269
transitorio	481
transitorios	406
translarna	9
translocaciones	15
translocación	37
translocasa	2
translportan	2
translumbar	2
transluminal	8
transmembrana	50
transmembranaria	2
transmembranario	2
transmenbrana	2
transmetacarpiana	27
transmigración	2
transmisibles	35
transmisiones	4
transmisión	464
transmisor	5
transmisores	2
transmita	7
transmitan	3
transmite	71
transmiten	59
transmitida	24
transmitidas	30
transmitido	10
transmitidos	4
transmitir	104
transmitirla	7
transmitirle	5
transmitirlo	3
transmitirlos	2
transmitirse	50
transmitirá	2
transmitírselo	2
transmural	6
transparente	52
transparentes	9
transpeptidación	3
transpeptidasa	6
transpeptidasas	5
transperinealmente	2
transpirables	3
transpiración	23
transpirar	7
transplacentaria	3
transplantados	5
transplantation	12
transplante	40
transplantes	3
transporta	90
transportada	7
transportado	13
transportador	90
transportadora	34
transportadoras	52
transportadores	60
transportados	4
transportan	59
transportar	28
transporte	2189
transposición	3
transposones	4
transpulmonar	5
transrectal	3
transtelefónicos	2
transtiretina	49
transtirretina	4
transtorno	4
transtornos	40
transtorácica	2
transuretral	23
transvaginal	7
transversa	332
transversal	497
transversales	17
transversao	2
transversaq	2
transverso	310
tranvía	82
tranxilium	4
trapecio	51
trapezoide	25
trapezoides	24
traps	27
traqueal	33
traqueales	4
traqueitis	2
traqueo	3
traqueobronquial	173
traqueobronquitis	10
traqueoesofágica	7
traqueoesofágicas	2
traqueostomía	30
traqueotomía	21
traqueítis	11
tras	10608
trascendencia	6
trascendente	2
trascripción	2
trascurridas	2
trascurrido	7
trascurso	2
trasdérmico	2
trasera	7
trasfusional	12
trasfusiones	4
trasfusión	2
traslación	11
traslada	4
trasladados	2
trasladan	10
trasladar	4
trasladarse	2
traslado	2
traslocación	4
trasmisión	6
trasmiten	2
trasmitidos	2
traspasa	2
traspasar	2
traspié	60
traspiés	6
trasplanta	2
trasplantadas	2
trasplantado	49
trasplantados	93
trasplantaron	2
trasplante	1860
trasplantes	125
trasportadora	3
trasposones	2
trastomos	2
trastonos	4
trastornes	2
trastorno	3955
trastornos	28827
trastuzumab	749
trasudado	3
trat	19
trata	386
trataba	12
trataban	2
tratable	10
tratables	17
tratada	369
tratadas	712
tratado	1384
tratados	14607
tratameinto	2
tratamiendo	5
tratamieno	3
tratamient	2
tratamiento	73024
tratamientoa	30
tratamientob	11
tratamientoc	13
tratamientod	12
tratamientoe	3
tratamientos	3426
tratamientosa	4
tratan	143
tratando	64
tratante	12
tratar	2417
tratara	3
trataran	2
tratarla	39
tratarlas	11
tratarle	3
tratarlo	23
tratarlos	59
trataron	191
tratarse	252
tratará	36
tratarán	7
trate	101
tratemos	2
traten	53
trato	3
tratornos	3
tratos	31
tratramiento	3
tratándose	2
trató	146
trauma	85
traumas	15
traumatismo	5731
traumatismos	393
traumatizada	2
traumatizantes	2
traumatología	2
traumatológica	2
traumática	2240
traumáticas	316
traumáticasl	2
traumático	235
traumáticos	27
traverse	7
traves	10
travoprost	72
través	3660
trayecto	4
trayectoria	5
trayectos	15
traza	3
trazabilidad	663
trazado	2
trazador	26
trazados	5
trazas	47
trazodona	45
trc	14
trd	6
tre	11
treat	13
treated	2
treatment	40
trece	29
treclinac	31
treede	2
treet	32
treinta	90
trelegy	55
trematodos	3
tremelimumab	192
tremens	17
trementina	8
tremfya	23
tremor	3
tren	642
trendelenburg	2
trenes	2
trenibotulínica	2
treonina	11
treosulfano	37
trepanación	2
trepar	3
treponema	11
treprostinilo	37
tres	4357
trescientos	6
tresiba	84
tretinoína	28
trg	351
trga	3
trgb	7
trgd	3
trgi	2
trh	10
tri	14
triac	8
triada	3
triaje	3
trial	193
trials	8
triamcinolona	49
triamniótico	5
triamtereno	20
triangle	11
triantenario	2
triapin	15
triazol	5
triazolam	47
triazólico	3
triazólicos	17
tributaria	17
tributarias	4
tributarios	2
trichomonas	20
trichophyton	20
trichopyton	2
trichosporon	2
trichuriasis	2
tricloroacético	2
tricloroetileno	21
tricodérmico	2
tricoleucemia	28
tricomonas	4
tricomoniasis	67
tricoriónico	5
tricorrexis	2
tricotilomanía	2
tricual	19
tricuspídea	9
tricálcico	2
tricíclico	17
tricíclicos	212
tricúspide	102
tridimensional	4
tridimensionales	6
trientina	31
trietanolamina	2
trifaroteno	7
trifascicular	3
trifenatato	3
trifeniletileno	3
trifenilmetano	2
trifluorometil	3
trifluridina	17
triflusal	24
trifosfato	109
trifosfatos	3
trifuncional	2
trig	2
trigeminal	3
trigger	14
triglicérido	5
triglicéridos	752
trigo	53
trigon	16
trigonitis	5
trigémino	146
trihexifenidilo	3
trihidrato	2
triiodotironina	4
trilaciclib	2
trileptal	52
trillizos	10
trilogy	7
trimaleolar	103
trimaran	9
trimbow	19
trimebutina	2
trimestral	13
trimestrales	7
trimestralmente	5
trimestre	1988
trimestres	33
trimetazidina	10
trimetil	5
trimetilamina	6
trimetoprim	27
trimetoprima	200
trimetrexato	13
trimipramina	11
trimoxazol	8
trimérica	2
trincheras	2
trineo	14
trinitrato	7
trinity	3
trinomia	29
tripanofobia	4
tripanosomiasis	7
tripanosomicidas	2
tripelenamina	6
tripeptidil	3
triple	279
triples	11
triplica	7
triplicado	5
triplicó	2
triprolidina	4
tripsina	7
triptamina	2
triptanes	32
triptanos	9
triptasa	8
triptorelina	50
triptán	4
triptófano	23
tripéptido	2
tripéptidos	2
triquiasis	15
trisequens	9
trismo	20
trismus	9
trisodio	2
trisomía	78
trisomías	4
triste	20
tristes	5
tristeza	29
tritamlo	7
triticum	2
triton	11
trituración	3
triturado	7
triturados	15
triturar	102
triturarlas	2
triturarlo	7
triturarlos	10
triturarse	19
triture	4
triumeq	49
triumph	2
trivalente	18
trivalentes	2
trivial	4
trixeo	29
triyodotironina	41
trizivir	51
trióxido	98
trk	21
trka	5
trkb	4
trkc	4
trm	7
trna	6
tro	600
troa	2
trob	5
trocantérea	4
troclear	120
trocánter	281
trod	3
trodelvy	3
trofalgon	2
trofile	5
trofismo	4
trofoblástica	5
trofozoítos	2
trog	2
trombastenia	8
trombectomía	3
trombina	141
trombo	31
tromboangeitis	2
tromboangeítis	5
tromboangitis	2
trombocitemia	58
trombocito	4
trombocitopenia	2417
trombocitopeniaa	18
trombocitopeniab	11
trombocitopeniac	3
trombocitopeniad	7
trombocitopeniae	3
trombocitopeniaf	2
trombocitopeniah	3
trombocitopenias	12
trombocitopé	2
trombocitopénica	128
trombocitopénicas	2
trombocitopénicos	16
trombocitos	55
trombocitosis	53
trombocitosisc	3
tromboembo	2
tromboembolia	62
tromboembolias	7
tromboembolis	2
tromboembolismo	671
tromboembolismos	5
tromboembólica	88
tromboembólicas	108
tromboembólico	68
tromboembólicos	470
tromboembólicosa	2
trombofilia	18
trombofilias	2
tromboflebitis	241
trombofílica	9
trombofílicas	5
trombofílico	12
trombofílicos	43
trombogenicidad	2
trombogénicas	5
trombohemorrágicos	3
trombolisa	2
trombolisis	24
trombolítica	18
trombolítico	94
trombolíticos	61
trombopenia	17
tromboplastina	117
trombopoyetina	13
trombopoyéticas	2
tromboprofilaxis	23
trombos	32
trombosis	1519
trombosisa	2
trombospondina	3
trombotica	2
tromboxano	50
tromboxanos	3
trombólisis	6
trombótica	162
trombóticac	2
trombóticas	35
trombótico	44
trombóticos	190
trometamol	5
tromoboxano	2
trompa	750
trompas	185
troncal	30
troncales	2
tronco	857
troncos	13
tronoxal	31
trop	5
tropezar	11
tropezón	7
tropic	3
tropica	2
tropical	8
tropicales	17
tropicalis	16
tropicamida	23
tropiezo	59
tropiezos	8
tropismo	52
tropomiosina	2
troponina	107
troponinas	3
trosid	4
trospio	22
trotadora	3
trotar	2
trouble	3
troxerutina	6
trozo	10
trozos	6
trrc	17
trs	26
trstornos	2
trt	7
trtd	2
trueno	14
truenorth	16
trulicity	48
truncada	2
truncado	3
trunculares	2
truqap	103
trusopt	9
truth	3
trychophyton	4
tryngolza	5
trypanosoma	9
tryphaena	32
tryptizol	6
tráfico	5017
trágico	2
tránscritos	21
tránsito	74
tráquea	458
trás	2
trátela	2
trébol	2
tríada	12
tríceps	58
trígono	3
tróficas	5
tróficos	2
ts	30
tsat	4
tsc	36
tse	74
tsec	6
tsg	2
tsh	186
tshus	4
tsi	4
tslp	7
tsmr	5
tsn	27
tsp	3
tsqm	2
tsr	13
tsrc	2
tss	70
tsst	5
tst	4
tsunami	6
tsunamis	2
tsutsugamushi	2
tsv	2
tsvc	2
tsvi	53
tt	116
tta	3
ttas	4
ttcw	2
ttd	13
ttg	8
ttis	6
tto	11
ttp	57
ttpa	153
ttr	139
ttransform	3
tts	5
ttstand	6
tty	5
tu	49
tube	3
tuberculina	51
tuberculoide	2
tuberculoma	2
tuberculosa	48
tuberculosas	17
tuberculosis	909
tuberculoso	7
tuberculosos	22
tuberculostáticos	4
tuberculínica	4
tuberosa	11
tuberosidad	300
tuberosos	2
tubería	7
tuberías	13
tubo	657
tubocurarina	3
tubos	69
tubotimpánica	4
tubular	205
tubulares	15
tubulina	26
tubuloglomerular	4
tubulointersticial	61
tubulopatía	69
tubárica	11
tubáricas	2
tubárico	13
tubérculo	5
tucatinib	63
tuds	2
tuerza	3
tug	6
tukysa	16
tularemia	15
tulip	2
tulipa	8
tumbada	3
tumbado	5
tumbados	2
tumbar	3
tumbarse	10
tumbe	3
tumefacciones	4
tumefacción	99
tumefación	3
tumefactas	4
tumor	1263
tumoración	2
tumoral	1139
tumorala	4
tumorales	465
tumoralg	3
tumorectomía	2
tumores	1896
tumors	6
tumour	2
tumours	6
tunelizado	39
tuo	49
tuod	8
turbia	33
turbidez	13
turbiedad	3
turbio	21
turbuhaler	29
turca	13
turcotte	16
turgencia	8
turner	56
turno	8
turnos	8
turoctocog	8
turquoise	20
tus	26
tuselín	2
tusígeno	2
tutor	6
tutores	5
tuviera	22
tuvieran	66
tuviere	2
tuvieron	1103
tuviesen	6
tuvo	598
tv	19
tvd	5
tve	2
tvm	9
tvp	311
tvr	2
tvs	3
twilev	11
twilight	2
twinrix	25
twstrs	9
tybost	22
tylenol	6
type	88
typhi	13
typhim	13
tyrosine	2
tysabri	14
tzd	4
táctil	9
táctiles	21
tálamo	35
tándem	5
tánico	9
té	21
técnica	939
técnicamente	5
técnicas	343
técnico	27
técnicos	5
téngase	2
térmica	653
térmicas	11
término	691
términos	635
tés	2
tétanos	112
tímica	2
tímico	12
tímpano	214
tínitus	3
típica	26
típicamente	53
típicas	29
típico	32
típicos	61
título	298
títulos	540
tónica	10
tónicas	9
tónico	82
tónicos	5
tópica	233
tópicamente	25
tópicas	21
tópico	395
tópicos	454
tóraco	11
tórax	1563
tóxica	864
tóxicaa	7
tóxicab	6
tóxicas	62
tóxicasa	2
tóxico	2508
tóxicos	170
túbulo	63
túbulointersticial	4
túbulos	26
túnel	72
túneles	4
túnica	169
u	3781
ua	7
uacr	6
ub	29
ubica	8
ubicación	64
ubicada	20
ubicadas	9
ubicado	18
ubicados	17
ubican	4
ubicó	2
ubiquen	2
ubiquitinación	4
ublituximab	50
uc	120
ucd	2
uce	48
uci	63
ucis	2
udca	2
udp	4
udysrs	2
ue	67
ufc	2
ufp	17
uft	2
uganda	2
uge	30
ugt	8
ui	1645
uicc	9
uk	9
ukpds	8
ulcera	17
ulceraciones	42
ulceración	391
ulcerada	4
ulceraiva	2
ulcerantes	2
ulceras	7
ulcerativa	86
ulcerativas	7
ulcerogénico	2
ulcerosa	583
ulcerosas	9
ulipristal	36
ullanlinna	3
uln	104
ult	13
ulterior	6
ulteriores	3
ultibro	94
ultima	14
ultimate	12
ultimma	23
ultimo	4
ultiva	104
ultomiris	22
ultra	35
ultracain	7
ultracorta	3
ultracorto	2
ultradistal	2
ultrafiltración	5
ultraligero	36
ultrarrápida	2
ultrarrápido	6
ultrarrápidos	11
ultrasensible	8
ultrasonido	81
ultrasonidos	35
ultrasonografia	2
ultrasonografía	18
ultrasónica	3
ultrasónicas	3
ultrasónico	63
ultravioleta	107
ultravioletas	3
ultravist	19
umbilical	154
umbral	292
umbrales	24
umec	36
umeclidinio	96
un	82448
una	71294
unamediana	2
unan	4
unas	385
unciforme	147
uncover	29
une	444
unen	94
unensayo	2
ungueal	104
ungueales	21
unguinum	2
unguium	4
ungüeal	2
ungüento	12
ungüentos	11
uni	2
unica	4
unicamente	4
unicelular	2
unicelulares	6
unico	2
unicondilar	24
unicéntrico	14
unida	44
unidad	249
unidades	740
unidas	19
unidireccional	97
unido	141
unidos	367
unidosis	26
unifamiliar	11
unifi	23
unificada	5
unifocal	2
uniforme	79
uniformemente	11
uniformes	13
unilateral	479
unilateralb	12
unilaterald	2
unilaterales	5
union	5
uniones	5
unir	9
unirse	63
unirá	2
unitaria	7
unitarias	5
united	3
uniti	26
unitérmica	2
univariante	2
universal	16
universidad	17
universitario	5
universitarios	2
uniéndose	21
unió	3
unión	3583
unlimmited	12
uno	2242
unos	763
uns	6
unta	2
uníndice	3
uor	4
up	40
upa	56
upadacitinib	372
upcr	14
updated	2
updrs	17
uplizna	8
upper	6
upsa	2
upsit	11
upstaza	14
uptake	3
uptravi	26
uracilo	26
uraco	2
uralyt	6
uranio	7
urapidil	7
urato	50
uratos	19
uraturia	2
urbana	2
urbason	16
urea	323
urealyticum	13
ureaplasma	13
ureasa	9
ureico	124
uremia	23
ureteral	39
ureterales	8
ureteritis	4
ureterografía	5
ureteroscopias	2
uretra	513
uretral	109
uretrales	6
uretritis	41
uretrolitiasis	2
uretroprostáticos	6
urg	12
urgencia	309
urgencias	96
urgenin	3
urgente	189
urgentemente	17
urgentes	15
uricemia	7
uricostáticos	3
uricosúrico	10
uricosúricos	6
uridil	2
uridina	7
urinae	2
urinalysis	2
urinaria	949
urinarias	204
urinario	1146
urinarioa	4
urinariob	2
urinarioc	4
urinarioj	2
urinarios	1102
urinorm	4
uro	3
uroangiográficos	2
uroanálisis	41
urobilinógeno	34
urodinámica	4
urodinámicas	3
urodinámico	3
urodinámicos	4
urogenital	36
urogenitales	16
urografin	15
urografía	70
urograma	2
urokinase	6
urolitiasis	26
urología	8
urológica	9
urológicas	3
urológico	4
urológicos	30
uronid	3
uropatía	7
uroquinasa	23
urosepsis	35
urosonografía	3
urotelial	128
urotelio	7
urotoxicidad	5
urotóxicos	2
ursi	3
ursingii	3
ursobilane	4
ursodeoxicólico	2
ursodesoxicólico	12
urtica	2
urticaria	1876
urticariaa	4
urticariab	8
urticariac	2
urticarial	21
urticarias	5
urticariforme	9
urticariformes	2
uréico	8
urémica	4
urémico	101
urémicos	4
uréter	742
uréteres	156
us	391
usa	849
usaba	7
usaban	25
usada	61
usadas	26
usado	225
usados	114
usan	433
usando	558
usar	1710
usaran	2
usarla	27
usarlas	3
usarlo	23
usarlos	15
usaron	40
usarse	533
usará	47
usarán	2
usas	4
use	215
usen	53
usher	4
using	50
uso	15629
usos	25
usp	3
ussing	3
usted	3160
ustedes	4
ustekinumab	234
usual	56
usuales	18
usualmente	199
usuaria	88
usuarias	285
usuario	37
usuarios	32
usándolo	2
usó	68
utefos	7
utensilio	6
utensilios	20
uterina	155
uterinas	45
uterino	509
uterinos	114
utero	49
uterosacro	12
uterosacros	3
uteroscopia	2
uterotónicos	6
uterovaginal	5
uticaria	2
utilice	304
utilicen	214
utilidad	104
utilitario	45
utiliza	1194
utilizaba	23
utilizaban	40
utilizable	5
utilización	811
utilizada	280
utilizadas	142
utilizado	717
utilizados	311
utilizan	610
utilizando	1521
utilizandoel	2
utilizar	2940
utilizara	7
utilizaran	2
utilizarla	7
utilizarlo	19
utilizarlos	10
utilizaron	131
utilizarse	1510
utilizará	111
utilizarán	10
utilizase	7
utilizándolos	3
utilizándose	6
utilizó	308
utilícelo	2
utilícelos	3
utrastornos	3
utv	2
uu	141
uv	134
uva	58
uvadex	24
uvas	3
uvb	22
uvd	6
uveal	27
uveitis	7
uveoescleral	6
uveoscleral	2
uveítis	217
uveítisas	2
uveítise	3
uvi	2
uña	1556
uñas	532
v	1350
va	338
vaborbactam	31
vaborem	20
vabysmo	5
vac	2
vaca	33
vacaciones	8
vacas	4
vaccinia	12
vaccinium	2
vaciado	92
vaciamiento	58
vaciar	36
vaciarse	6
vacilación	4
vacio	2
vacuna	2495
vacunaciones	38
vacunación	1828
vacunacióna	2
vacunad	6
vacunada	7
vacunadas	63
vacunado	45
vacunados	273
vacunae	6
vacunal	84
vacunales	34
vacunar	29
vacunarlo	2
vacunarme	2
vacunarse	57
vacunas	1115
vacune	2
vacunen	4
vacuno	2
vacunoide	34
vacunándose	4
vacunó	7
vacuola	2
vacuolas	3
vacuum	2
vacía	44
vacías	6
vacíe	11
vacíen	5
vacío	69
vacíos	3
vacúnese	2
vad	5
vaf	5
vaga	3
vagal	15
vagales	13
vagina	600
vaginal	817
vaginalb	4
vaginales	149
vaginalis	29
vaginismo	2
vaginitis	74
vaginosis	55
vago	113
vagolítico	2
vagolíticos	2
vagos	3
vagotomía	3
vagotonía	4
vagotónicos	4
vahído	3
vaie	5
vaina	53
vainas	2
vainilla	4
vainillilmandélico	8
vainillina	2
val	3
valaciclovir	48
valcyte	17
valdecoxib	20
valence	4
valencias	2
valent	3
valente	11
valerato	30
valeriana	32
valga	3
valganciclovir	67
valgo	19
valgus	6
validación	22
validada	72
validadas	5
validado	103
validados	18
validaron	4
validez	7
valina	7
valiosa	6
valium	17
valle	164
valoctocogén	30
valomindo	13
valor	6699
valora	5
valorable	6
valoraciones	34
valoración	1317
valorada	47
valoradas	6
valorado	42
valorados	9
valorando	21
valorar	345
valoraron	15
valorarse	112
valorará	18
valore	15
valoren	4
valores	2765
valorp	2
valoró	30
valproato	188
valproico	39
valpromida	3
valsalva	26
valsaros	22
valsartan	62
valsartán	601
valtrex	22
valuación	2
value	18
valvular	125
valvulares	12
valvulopatía	34
valvulopatías	5
vam	5
vamorolona	72
van	196
vancomicina	152
vancouver	2
vandetanib	128
vanflyta	51
vanguard	5
vanililmandélico	2
vanilmandélico	2
vaniqa	21
vanzacaftor	9
vapear	8
vapor	58
vapores	91
vaporizador	11
vaporizadores	6
vaporub	2
var	110
vara	3
vardenafilo	103
vareniclina	155
varenicline	2
varia	4
variaba	4
variaban	2
variabilidad	139
variable	3119
variablea	6
variables	1870
variablesa	2
variaciones	132
variació	2
variación	547
variada	10
variadas	15
variados	4
variando	6
variante	270
variantes	364
varianza	21
varianzas	5
variar	412
variaron	39
variarse	4
variará	17
variarán	7
varias	760
varicela	525
variceliforme	3
varicelosa	3
varices	111
varicocele	2
varicosa	5
varicosas	133
varicoso	2
varidasa	7
variedad	159
variedades	2
variegata	10
varilla	5
varilrix	44
variola	2
varioliforme	2
varios	1135
varita	6
varió	100
varo	27
varolio	30
varones	733
vars	3
varus	4
varía	207
varían	115
varíe	5
varón	36
vas	31
vasa	19
vasc	2
vascular	1022
vasculares	1682
vascularidad	5
vascularización	25
vascularizadas	6
vascularizados	3
vasculatura	15
vasculitis	486
vasculopatía	24
vasculopatías	7
vasculoprotector	3
vasculorrenal	7
vasculítica	2
vasculíticas	5
vasculítico	2
vascuqol	5
vasectomizados	4
vasectomía	28
vaselina	11
vasito	10
vaso	928
vasoactiva	7
vasoactivas	5
vasoactivo	2
vasoactivos	3
vasoconstricción	153
vasoconstrictor	51
vasoconstrictora	64
vasoconstrictoras	17
vasoconstrictores	42
vasodepresor	4
vasodilación	3
vasodilatación	184
vasodilatador	63
vasodilatadora	27
vasodilatadoras	30
vasodilatadores	143
vasoespasmo	48
vasoespasmos	5
vasoespástica	13
vasoespástico	5
vasoespásticos	2
vasogénico	4
vasokinox	6
vasomotor	3
vasomotora	11
vasomotoras	3
vasomotores	9
vasooclusivas	11
vasooclusión	2
vasopresina	93
vasopresor	38
vasopresora	8
vasopresoras	2
vasopresores	92
vasoprotector	3
vasoprotectores	3
vasorum	7
vasos	982
vasovagal	25
vasovagales	62
vater	123
vatios	3
vaughan	8
vax	10
vaxzevria	74
vaya	81
vayan	53
vazkepa	4
vb	10
vc	5
vca	13
vcam	9
vcd	37
vcda	2
vce	2
vcis	3
vcm	22
vcn	2
vcr	13
vcte	2
vd	62
vddx	8
vdh	18
vdhmtss	2
vdp	3
ve	410
vea	58
vean	25
veb	71
veces	6951
vecesc	2
vecinas	2
vecindad	3
vecindario	5
vecinos	3
vectibix	78
vector	66
vectores	7
vectoriales	2
vectorización	2
vecuronio	35
vedolizumab	168
vedotina	258
vedrop	14
vefg	3
vegetal	10
vegetales	48
vegetante	2
vegetariana	14
vegetarianas	11
vegetarianos	3
vegetativa	2
vegetativamente	7
vegetativas	10
vegetativo	2
vegetativos	8
vegf	167
vegfr	61
vehicle	4
vehículo	5040
vehículos	578
veillonella	3
veinfibro	7
veinte	26
veinticinco	5
veinticuatro	10
veintidós	9
veintinueve	5
veintiocho	9
veintisiete	5
veintiséis	11
veintitrés	5
veintiuno	5
veintiún	11
veionella	2
vej	29
vejez	5
vejiga	1178
veklury	2
vel	29
vela	20
velaglucerasa	50
velamentosa	5
velero	97
vello	61
vellonodular	32
vellosa	3
vellosidades	64
velloso	2
velmanasa	41
velocidad	1161
velocidades	77
velpatasvir	142
velphoro	36
velsipity	3
veltassa	11
velyntra	6
vem	16
vemlidy	4
vemp	2
vems	8
vemurafenib	273
ven	60
vena	8121
venas	761
vencimiento	5
venclyxto	16
venda	9
vendaje	129
vendajes	63
vendar	3
vendas	6
venden	10
vender	2
vendrá	3
veneno	493
venenos	14
venenosa	67
venenosas	27
venenoso	502
venenosos	112
venetoclax	298
venir	8
venlafaxina	63
veno	52
venoclusiva	4
venoconstricción	2
venodilatación	3
venofer	21
venografía	6
venooclusiva	54
venopunción	9
venosa	925
venosac	2
venosas	56
venosmil	3
venoso	1398
venosoa	4
venosos	203
venotromboembólicos	2
venotónica	2
venotónico	5
venovenosa	10
venta	96
ventaja	49
ventajas	43
ventajosa	2
ventana	219
ventanas	21
ventilación	400
ventiladas	3
ventilador	44
ventiladores	3
ventilados	11
ventilar	3
ventilatoria	6
ventilatorio	6
ventoduo	8
ventosa	4
ventral	7
ventricular	942
ventriculares	215
ventriculo	8
ventriculografía	20
ventriculoperitoneal	2
ventrículo	762
ventrículos	16
venture	11
venturi	13
venéreas	8
venéreo	4
venían	2
veoza	13
vepesid	35
ver	29600
vera	63
verano	12
verapamilo	132
verbal	70
verbales	2
verborrea	2
verdad	8
verdadera	17
verdaderamente	6
verdaderas	3
verdadero	18
verdaderos	5
verde	162
verdes	12
verdosa	10
verdoso	7
verduras	56
verdye	10
veregen	33
vergüenza	12
vericiguat	46
verifica	38
verificación	24
verificada	13
verificadas	2
verificado	6
verificados	3
verifican	25
verificando	4
verificar	218
verificarlo	4
verificarse	10
verificará	5
verificó	5
verifique	15
verifiquen	2
veris	2
verlas	4
verle	2
vernakalant	66
vernal	10
vero	17
verosimilitud	7
verquvo	5
verruga	16
verrugas	134
verse	299
versección	2
versicolor	29
version	7
versiones	7
versión	284
versus	350
vertebral	2441
vertebrales	177
verteporfina	23
verter	17
vertical	71
verticales	5
verticalmente	4
verticillata	8
vertido	4
vertiginoso	4
vertiginosos	5
vertis	30
verzenios	36
verá	11
verán	4
ves	2
vesca	2
vesical	107
vesicales	18
vesicante	14
vesicantes	2
vesicare	16
vesicoampollar	2
vesicoureteral	16
vesiculación	13
vesicular	61
vesiculares	19
vesiculobullosa	4
vesiculobulloso	2
vesiculobulosa	2
vesiculosa	4
vesiculosus	7
vesikari	5
vesomni	37
vespertina	5
vespula	39
vestibular	149
vestibulares	12
vestidores	2
vestir	18
vestirse	33
vestronidasa	41
vestuario	2
vestuarios	2
vestíbulo	6
vesícula	478
vesículas	212
vesículo	5
veterano	3
veteranos	30
veterans	52
veterinario	2
vez	7422
vf	5
vfg	5
vfge	7
vfq	18
vfs	2
vg	21
vgcv	8
vgpr	6
vh	35
vha	48
vhb	950
vhba	2
vhc	954
vhd	33
vhe	15
vhh	2
vhit	4
vhl	37
vhr	6
vhs	151
vi	196
via	37
viabilidad	30
viable	52
viables	72
viacoram	31
viacorlix	35
viaflo	32
viaja	35
viajado	17
viajan	30
viajar	33
viajaron	2
viaje	41
viajen	7
viajero	16
viajeros	7
viajes	29
viajó	2
vial	620
viale	16
viales	181
vias	3
viatris	5
vibegrón	25
vibra	3
vibracina	3
vibraciones	32
vibración	16
vibran	8
vibrant	9
vibrar	4
vibratoria	4
vibratorio	2
vibre	4
vibren	2
vibrio	17
vibriocidas	2
viceversa	24
viciosa	10
vicleucel	3
victoria	18
victoriad	2
victorias	4
vid	3
vida	2349
vidagliptina	2
vidarabina	3
vidas	37
vide	2
video	31
videoconferencia	2
videofluoroscopia	2
videofluoroscópico	4
videojuegos	3
videonistagmografía	13
videos	3
vidprevtyn	38
vidrio	83
vieja	4
viejas	13
viejos	15
viekirax	139
viendo	5
viene	46
vienen	34
viento	6
vientos	8
vientre	38
viernes	11
vieron	41
vierta	2
view	3
viga	11
vigabatrina	56
vigamox	7
vigente	13
vigentes	60
vigila	3
vigilada	8
vigiladas	21
vigilado	21
vigilados	128
vigilan	2
vigilancia	806
vigilanciac	38
vigilando	11
vigilante	5
vigilantes	6
vigilar	978
vigilarles	7
vigilarlos	13
vigilaron	2
vigilarse	154
vigilará	25
vigilarán	2
vigile	23
vigilen	7
vigilia	62
vigiló	9
vigor	11
vigorosa	3
vigorosamente	3
vigoroso	7
vigorosos	9
vih	3605
vihbal	2
vii	60
viia	14
viii	837
viiia	2
viiib	2
viking	11
vilanterol	158
vilardell	3
vildagliptina	290
vim	5
vimizim	19
vimkunya	40
vimovo	30
vimseltinib	27
vinagre	3
vinblastina	88
vinca	36
vincamina	7
vincent	3
vinchucas	2
vincristina	111
vinculación	2
vinculada	56
vinculadas	14
vinculado	14
vinculados	7
vinculante	2
vindesina	41
vinflunina	57
vinifera	3
vino	102
vinorelbina	46
vinpocetina	4
vio	66
violaciones	2
violación	14
violencia	44
violenta	5
violentamente	2
violentas	2
violento	5
violentos	8
violet	2
violeta	3
violáceas	3
viomicina	2
vip	9
vipdomet	34
vipidia	9
vipivotida	4
vipomas	3
viraje	4
viral	889
virales	262
viremia	48
virginiana	2
viridans	35
virilismo	2
virilización	3
viriones	7
virión	2
virológica	309
virológicamente	112
virológicas	16
virológico	341
virológicoc	5
virológicod	4
virológicos	178
virostática	2
virostáticos	3
virr	2
virt	2
virtual	23
virtualmente	2
virtud	2
virucida	3
viruela	117
virulencia	3
virus	2726
virémica	5
visannette	46
visceral	175
viscerales	45
viscerotrópica	3
viscoelastometría	2
viscosa	3
viscosidad	61
viscoso	4
viscosos	2
visibilidad	5
visible	54
visibles	36
vision	23
visipaque	15
visita	777
visitan	3
visitar	15
visitas	261
visite	10
visión	1708
visióne	2
vismodegib	11
viso	2
vispring	2
vista	270
vistadme	15
vistas	6
visto	74
vistos	6
visual	1132
visuala	2
visuale	3
visuales	696
visualesf	2
visualice	3
visualiza	2
visualización	68
visualizadas	2
visualizado	2
visualizados	2
visualizar	17
visualizarse	6
visualmente	46
visudyne	57
visuoespacial	6
vit	9
vitadoron	5
vital	128
vitales	103
vitalidad	7
vitalipid	6
vitamin	13
vitamina	1741
vitaminas	264
vitamins	2
vitamínica	2
vitamínico	7
vitamínicos	8
vitex	5
vitiligo	16
vitis	3
vitrakvi	40
vitrales	4
vitrectomía	26
vitreo	6
vitreomacular	14
vitreorretiniana	7
vitritis	8
vitro	1060
vitulia	6
vitíligo	32
viuda	18
viva	36
vivan	3
vivas	151
vivax	16
vive	54
viven	82
vivid	25
vividdme	15
vivido	8
vividos	2
vivienda	19
viviendo	15
vivir	57
vivirán	2
vivo	398
vivos	359
vivían	5
vizamyl	20
vizibim	3
vizimpro	27
vió	5
vjc	85
vkh	3
vl	2
vldl	110
vlp	12
vlps	2
vlv	3
vmat	3
vmi	2
vmp	52
vn	4
vna	4
vng	13
vni	3
vnz	50
vo	5
vocabria	38
vocacional	7
vocacionales	19
vocal	167
vocales	47
voces	10
voclosporina	77
vod	2
vogt	23
voi	3
vokanamet	43
vol	3
volanesorsén	41
volantes	9
volar	6
volcán	4
volcánica	13
volcánicas	2
voleibol	6
volemia	37
volet	9
voltaje	29
volteados	2
voltearse	4
volume	2
volumen	1653
volumenb	2
voluminosa	24
voluminoso	3
voluminosos	2
volumétrica	3
volumétricas	2
volumétrico	5
voluntad	4
voluntaria	21
voluntariado	2
voluntariamente	33
voluntarias	6
voluntario	7
voluntarios	262
voluven	7
volver	453
volverla	2
volverse	61
volverá	17
volverán	4
volviendo	12
volvieran	2
volvieron	142
volviéndose	4
volvió	76
volvérselas	2
volvían	3
volátil	7
volátiles	16
volúmenes	89
vomita	73
vomitan	6
vomitar	12
vomitos	10
von	152
vorapaxar	2
voraxaze	3
voretigén	29
vorhialuronidasa	3
voriconazol	200
vorinostat	17
vortioxetina	99
vosevi	44
vosoritida	43
vox	22
voxelotor	53
voxilaprevir	83
voxzogo	23
voyage	76
voyager	5
voydeya	4
voz	118
vp	5
vpg	2
vph	425
vpi	3
vpih	6
vpm	18
vpn	18
vpp	14
vppb	4
vpriv	14
vr	2
vrd	117
vrs	363
vrt	10
vs	1292
vsaq	2
vse	2
vsg	44
vsr	9
vt	8
vtd	28
vte	14
vtp	49
vtt	45
vu	3
vuelco	46
vuelo	8
vuelta	32
vueltas	7
vuelto	68
vuelva	132
vuelvan	94
vuelve	207
vuelven	142
vulgar	112
vulgare	3
vulgaris	41
vulnerabilidad	2
vulnerable	4
vulnerables	34
vulnificus	2
vulva	215
vulvar	27
vulvares	16
vulvitis	13
vulvodinia	6
vulvovaginal	133
vulvovaginalb	2
vulvovaginales	10
vulvovaginitis	55
vumerity	21
vus	10
vutrisirán	14
vvz	61
vvzv	2
vwd	2
vwf	4
vxld	4
vydura	12
vyepti	49
vyjuvek	32
vyloy	2
vyndaqel	12
vytorin	2
vyvgart	8
vyxeos	75
vzv	10
válida	23
válidas	16
válido	15
válidos	47
válvula	779
válvulas	164
várices	14
vástago	7
véanse	13
véase	198
vénulas	6
vértebra	1452
vértebras	314
vértice	6
vértigo	614
vértigoa	2
vértigos	43
vía	5798
vías	1436
víctima	42
víctimas	18
vídeo	8
vínculo	15
vínculos	9
vírgenes	3
vírica	212
víricas	210
víricasa	2
vírico	24
víricos	5
vísceras	15
vístase	2
vítrea	21
vítreas	7
vítreo	118
vítreos	2
vívidas	3
vívidos	2
vóleibol	2
vómito	122
vómitos	3567
vómitosa	6
vómitosb	2
vómitosd	9
vómitosh	2
vómitosn	2
w	83
wa	2
wainzua	19
wakix	5
wald	37
waldenstr	23
waldenstrom	4
waldestrom	2
walk	5
warfarina	353
warneri	2
waso	8
watson	2
waxler	2
waylivra	11
waypoint	8
wbc	7
wd	3
web	27
weber	2
website	59
weeks	5
wegener	18
weighted	2
weiss	2
welchii	3
welireg	10
wells	5
wellvone	16
wenckebach	3
werdnig	2
wernicke	22
west	9
western	3
wet	2
wfirs	3
wg	5
whi	133
whipple	3
white	23
whitney	12
who	10
wi	32
wieberdink	2
wih	2
wilcoxon	32
wild	34
willebrand	136
willfact	22
willi	23
williams	11
wilms	13
wilson	43
wilzin	11
wingerchuk	2
winlevi	11
winrevair	11
winther	2
wisdom	2
with	87
wk	2
wlq	4
wolf	5
wolff	18
womac	5
womacb	2
women	24
work	5
working	26
workshop	5
world	10
worst	13
worthy	4
woscops	2
wpai	6
wr	3
wrc	3
wrinkle	2
ws	2
wt	31
wtvna	2
wuhan	53
www	1540
x	2129
xa	230
xalacom	22
xalatan	20
xalkori	36
xantelasma	9
xantina	26
xantinas	23
xantinoxidasa	6
xantogranuloma	3
xantoma	3
xantomas	5
xantomatosis	3
xantopsia	16
xantínico	2
xantínicos	4
xbb	174
xct	10
xdp	2
xdr	11
xe	4
xeliri	32
xelox	55
xenetix	12
xenográficos	3
xenoinjerto	11
xenoinjertos	19
xenopi	3
xenotransplantes	2
xenotrasplante	2
xenpozyme	51
xenón	4
xerava	7
xermelo	9
xeroderma	6
xerodermia	18
xeroftalmia	17
xeroftalmía	3
xerosis	22
xerostomia	2
xerostomía	17
xevudy	10
xfg	15
xi	5
xia	7
xifoides	8
xigduo	20
xii	3
xiia	2
xiii	16
xiiia	3
xilitol	2
xilocaína	2
xilometazolina	19
xilonibsa	7
xilosa	51
xipamida	13
xlh	35
xlsx	28
xo	4
xofigo	86
xofluza	12
xolair	24
xomolix	3
xospata	20
xq	2
xr	23
xt	3
xtandi	17
xten	4
xtend	5
xultophy	124
xx	7
xxy	3
xy	14
xylonor	2
xylosoxidans	3
xyntha	4
xánticas	3
y	220719
ya	3696
yahr	2
yale	3
yamagata	10
yanimo	23
yasmin	33
yatapoxvirus	3
yatrogénica	2
yatrogénico	3
ye	2
yel	27
yelasomerán	2
yema	21
yemas	8
yersinia	15
yervoy	47
yes	2
yescarta	131
yeso	6
yeyuno	384
ygtss	6
ymrs	8
yodada	34
yodado	3
yodados	38
yodafar	2
yodo	443
yoduk	2
yoduro	23
yoduros	5
yoga	12
yogur	24
yogurt	3
york	104
yorvipath	60
yosemite	14
young	6
your	2
ypsopump	2
yra	6
ysecreciones	2
yselty	77
yte	4
ytrio	11
yttriga	9
yugular	502
yugulares	42
yurelax	6
yuvanci	78
yuxtagingival	2
yuxtapapilar	5
yuxtarrenal	2
z	173
zabdeno	46
zaire	7
zak	3
zalaín	2
zalcitabina	6
zaldiar	20
zamba	5
zambo	6
zamikeracel	8
zanamivir	8
zancudos	2
zanidatamab	3
zanidip	8
zanosar	21
zanubrutinib	91
zanzíbar	2
zapatilla	12
zapatos	36
zarandeado	6
zarator	16
zasten	4
zavicefta	38
zayasel	9
zbpi	2
zdc	2
zdv	44
zeffix	5
zejula	80
zellweger	2
zenavan	2
zenith	21
zepatier	58
zeposia	5
zerbaxa	31
zestoretic	8
zestril	74
zeta	102
zevalin	88
zevtera	7
ziconotida	71
zidovudina	321
zigomicosis	2
zigotos	2
zika	71
zilbrysq	6
zilucoplán	33
zimmerman	2
zimógeno	2
zinc	92
zincation	2
zineryt	3
zinnat	3
zinosal	2
zinplava	37
ziprasidona	58
zirconio	22
zitromax	14
zl	2
zlatkis	3
zocor	15
zoe	65
zoely	44
zofenil	54
zofenopril	38
zofran	7
zoladex	41
zolbetuximab	78
zoledrónico	103
zolgensma	3
zollinger	20
zolmitriptán	26
zolpidem	48
zomig	13
zona	1814
zonas	458
zonda	2
zonisamida	69
zonular	5
zoológicos	2
zoonosis	2
zoonóticas	2
zooplástico	332
zopiclona	44
zorac	10
zostavax	6
zoster	175
zosterd	2
zou	6
zoviduo	11
zovirax	8
ztalmy	21
zuclopentixol	16
zuma	82
zumaque	4
zumaques	2
zumbido	17
zumbidos	14
zumo	115
zumos	6
zung	2
zydelig	27
zygis	3
zykadia	5
zyloric	17
zynlonta	52
zyntabac	38
zynyz	16
zyvoxid	12
zóster	406
zósterb	2
á	2
ácaro	5
ácaros	32
ácida	99
ácidas	8
ácido	3673
ácidos	484
ácigos	109
ácreta	5
áfrica	55
álcalis	36
ámbar	4
ámbito	81
ámbitos	9
ángulo	685
ángulos	11
ánimo	438
ánimoa	3
ántrax	62
ápices	3
árbol	189
árboles	6
área	996
áreas	451
áspera	4
áspero	6
ática	5
ático	5
átomo	10
átomos	8
ávidamente	2
ávido	3
ébola	47
él	79
émbolo	31
émbolos	4
énfasis	6
época	14
épocas	8
épsilon	4
ésta	373
éstas	158
éste	245
éster	44
ésteres	47
ésto	11
éstos	204
éter	10
éteres	4
éticas	4
éticos	2
étnica	6
étnicas	44
étnico	35
étnicos	34
éxito	259
éxitos	3
éxtasis	24
íleo	205
íleon	429
íncreta	5
índice	2047
índices	135
índigo	21
índole	2
ínsula	2
íntegra	3
íntegramente	3
íntegro	4
íntima	12
íntimamente	6
íntimo	3
íntomas	2
ítem	29
ítems	33
ó	596
óculo	4
óculomotora	2
ómicron	289
ón	6
óptica	293
ópticas	22
óptico	273
ópticos	4
óptima	239
óptimas	24
óptimo	109
óptimos	13
órbita	288
órbitas	5
órdenes	14
órgano	843
órganos	4001
órtesis	241
ósea	2008
óseah	2
óseas	274
óseo	585
óseos	105
ósmosis	2
ótica	25
óticas	20
ótico	21
óvulo	74
óvulos	72
óxido	225
óxidos	18
ú	3
úlcera	1371
úlceración	3
úlceras	512
última	1221
últimas	124
último	467
últimos	265
única	1388
únicamente	959
únicas	164
único	668
únicos	31
úrica	5
úrico	486
útero	923
útil	242
útiles	72
úveo	2
úvula	53
