node.exe : (node:24456) ExperimentalWarning: VM Modules is an experimental feature and might change at any time
En C:\nvm4w\nodejs\yarn.ps1: 16 Carácter: 5
+     & "$basedir/node$exe"  "$basedir/node_modules/corepack/dist/yarn. ...
+     ~~~~~~~~~~~~~~~~~~~~~~~~~~~~~~~~~~~~~~~~~~~~~~~~~~~~~~~~~~~~~~~~~
    + CategoryInfo          : NotSpecified: ((node:24456) Ex...nge at any time:String) [], RemoteException
    + FullyQualifiedErrorId : NativeCommandError
 
(Use `node --trace-warnings ...` to show where the warning was created)
[BABEL] Note: The code generator has deoptimised the styling of 
C:\Users\Usuario\Downloads\Entrypoint-GitHUb\alovida\mantra-core-health-api\src\common\constants\concepts.ts as it 
exceeds the max of 500KB.
Jest: importing JSON without an import attribute is deprecated and will be a hard error in the next major. Update the 
import of "C:\Users\Usuario\Downloads\Entrypoint-GitHUb\alovida\mantra-core-health-api\src\common\seed\data\vademecum\v
ademecum.dataset.json" (from C:\Users\Usuario\Downloads\Entrypoint-GitHUb\alovida\mantra-core-health-api\src\common\see
d\vademecum-seed.service.ts): use `with { type: 'json' }` for static imports, or pass `{ with: { type: 'json' } }` as 
the second argument to dynamic `import()`.
Jest: importing JSON without an import attribute is deprecated and will be a hard error in the next major. Update the 
import of "C:\Users\Usuario\Downloads\Entrypoint-GitHUb\alovida\mantra-core-health-api\src\common\seed\data\bolivia\hea
lth-facilities.dataset.json" (from C:\Users\Usuario\Downloads\Entrypoint-GitHUb\alovida\mantra-core-health-api\src\comm
on\seed\bolivia-facilities.catalog.ts): use `with { type: 'json' }` for static imports, or pass `{ with: { type: 
'json' } }` as the second argument to dynamic `import()`.
Jest: importing JSON without an import attribute is deprecated and will be a hard error in the next major. Update the 
import of "C:\Users\Usuario\Downloads\Entrypoint-GitHUb\alovida\mantra-core-health-api\src\common\seed\data\bolivia\fee
-schedule.dataset.json" (from C:\Users\Usuario\Downloads\Entrypoint-GitHUb\alovida\mantra-core-health-api\src\common\se
ed\bolivia-fee-schedule.catalog.ts): use `with { type: 'json' }` for static imports, or pass `{ with: { type: 'json' } 
}` as the second argument to dynamic `import()`.
Jest: importing JSON without an import attribute is deprecated and will be a hard error in the next major. Update the 
import of "C:\Users\Usuario\Downloads\Entrypoint-GitHUb\alovida\mantra-core-health-api\src\common\seed\data\bolivia\ins
urance-carriers.dataset.json" (from C:\Users\Usuario\Downloads\Entrypoint-GitHUb\alovida\mantra-core-health-api\src\com
mon\seed\bolivia-insurance.catalog.ts): use `with { type: 'json' }` for static imports, or pass `{ with: { type: 
'json' } }` as the second argument to dynamic `import()`.
Jest: importing JSON without an import attribute is deprecated and will be a hard error in the next major. Update the 
import of "C:\Users\Usuario\Downloads\Entrypoint-GitHUb\alovida\mantra-core-health-api\src\common\seed\data\bolivia\ins
urance-carrier-contact-channels.dataset.json" (from C:\Users\Usuario\Downloads\Entrypoint-GitHUb\alovida\mantra-core-he
alth-api\src\common\seed\bolivia-insurance.catalog.ts): use `with { type: 'json' }` for static imports, or pass `{ 
with: { type: 'json' } }` as the second argument to dynamic `import()`.
Jest: importing JSON without an import attribute is deprecated and will be a hard error in the next major. Update the 
import of "C:\Users\Usuario\Downloads\Entrypoint-GitHUb\alovida\mantra-core-health-api\src\common\seed\data\clinical-fo
rms\transversal\anamnesis-historia-clinica-general.json" (from C:\Users\Usuario\Downloads\Entrypoint-GitHUb\alovida\man
tra-core-health-api\src\common\seed\data\clinical-forms\catalog.ts): use `with { type: 'json' }` for static imports, 
or pass `{ with: { type: 'json' } }` as the second argument to dynamic `import()`.
Jest: importing JSON without an import attribute is deprecated and will be a hard error in the next major. Update the 
import of "C:\Users\Usuario\Downloads\Entrypoint-GitHUb\alovida\mantra-core-health-api\src\common\seed\data\clinical-fo
rms\transversal\examen-fisico-general.json" (from C:\Users\Usuario\Downloads\Entrypoint-GitHUb\alovida\mantra-core-heal
th-api\src\common\seed\data\clinical-forms\catalog.ts): use `with { type: 'json' }` for static imports, or pass `{ 
with: { type: 'json' } }` as the second argument to dynamic `import()`.
Jest: importing JSON without an import attribute is deprecated and will be a hard error in the next major. Update the 
import of "C:\Users\Usuario\Downloads\Entrypoint-GitHUb\alovida\mantra-core-health-api\src\common\seed\data\clinical-fo
rms\transversal\consentimiento-informado.json" (from C:\Users\Usuario\Downloads\Entrypoint-GitHUb\alovida\mantra-core-h
ealth-api\src\common\seed\data\clinical-forms\catalog.ts): use `with { type: 'json' }` for static imports, or pass `{ 
with: { type: 'json' } }` as the second argument to dynamic `import()`.
Jest: importing JSON without an import attribute is deprecated and will be a hard error in the next major. Update the 
import of "C:\Users\Usuario\Downloads\Entrypoint-GitHUb\alovida\mantra-core-health-api\src\common\seed\data\clinical-fo
rms\transversal\epicrisis-resumen-de-egreso.json" (from C:\Users\Usuario\Downloads\Entrypoint-GitHUb\alovida\mantra-cor
e-health-api\src\common\seed\data\clinical-forms\catalog.ts): use `with { type: 'json' }` for static imports, or pass 
`{ with: { type: 'json' } }` as the second argument to dynamic `import()`.
Jest: importing JSON without an import attribute is deprecated and will be a hard error in the next major. Update the 
import of "C:\Users\Usuario\Downloads\Entrypoint-GitHUb\alovida\mantra-core-health-api\src\common\seed\data\clinical-fo
rms\cardiologia\ficha-cardiologica-base.json" (from C:\Users\Usuario\Downloads\Entrypoint-GitHUb\alovida\mantra-core-he
alth-api\src\common\seed\data\clinical-forms\catalog.ts): use `with { type: 'json' }` for static imports, or pass `{ 
with: { type: 'json' } }` as the second argument to dynamic `import()`.
Jest: importing JSON without an import attribute is deprecated and will be a hard error in the next major. Update the 
import of "C:\Users\Usuario\Downloads\Entrypoint-GitHUb\alovida\mantra-core-health-api\src\common\seed\data\clinical-fo
rms\cardiologia\riesgo-cardiovascular-oms.json" (from C:\Users\Usuario\Downloads\Entrypoint-GitHUb\alovida\mantra-core-
health-api\src\common\seed\data\clinical-forms\catalog.ts): use `with { type: 'json' }` for static imports, or pass `{ 
with: { type: 'json' } }` as the second argument to dynamic `import()`.
Jest: importing JSON without an import attribute is deprecated and will be a hard error in the next major. Update the 
import of "C:\Users\Usuario\Downloads\Entrypoint-GitHUb\alovida\mantra-core-health-api\src\common\seed\data\clinical-fo
rms\pediatria\control-de-nino-sano.json" (from C:\Users\Usuario\Downloads\Entrypoint-GitHUb\alovida\mantra-core-health-
api\src\common\seed\data\clinical-forms\catalog.ts): use `with { type: 'json' }` for static imports, or pass `{ with: 
{ type: 'json' } }` as the second argument to dynamic `import()`.
Jest: importing JSON without an import attribute is deprecated and will be a hard error in the next major. Update the 
import of "C:\Users\Usuario\Downloads\Entrypoint-GitHUb\alovida\mantra-core-health-api\src\common\seed\data\clinical-fo
rms\pediatria\curvas-de-crecimiento-oms.json" (from C:\Users\Usuario\Downloads\Entrypoint-GitHUb\alovida\mantra-core-he
alth-api\src\common\seed\data\clinical-forms\catalog.ts): use `with { type: 'json' }` for static imports, or pass `{ 
with: { type: 'json' } }` as the second argument to dynamic `import()`.
Jest: importing JSON without an import attribute is deprecated and will be a hard error in the next major. Update the 
import of "C:\Users\Usuario\Downloads\Entrypoint-GitHUb\alovida\mantra-core-health-api\src\common\seed\data\clinical-fo
rms\ginecologia-obstetricia\control-prenatal-hcp.json" (from C:\Users\Usuario\Downloads\Entrypoint-GitHUb\alovida\mantr
a-core-health-api\src\common\seed\data\clinical-forms\catalog.ts): use `with { type: 'json' }` for static imports, or 
pass `{ with: { type: 'json' } }` as the second argument to dynamic `import()`.
Jest: importing JSON without an import attribute is deprecated and will be a hard error in the next major. Update the 
import of "C:\Users\Usuario\Downloads\Entrypoint-GitHUb\alovida\mantra-core-health-api\src\common\seed\data\clinical-fo
rms\traumatologia\evaluacion-musculoesqueletica.json" (from C:\Users\Usuario\Downloads\Entrypoint-GitHUb\alovida\mantra
-core-health-api\src\common\seed\data\clinical-forms\catalog.ts): use `with { type: 'json' }` for static imports, or 
pass `{ with: { type: 'json' } }` as the second argument to dynamic `import()`.
Jest: importing JSON without an import attribute is deprecated and will be a hard error in the next major. Update the 
import of "C:\Users\Usuario\Downloads\Entrypoint-GitHUb\alovida\mantra-core-health-api\src\common\seed\data\clinical-fo
rms\oftalmologia\examen-oftalmologico-basico.json" (from C:\Users\Usuario\Downloads\Entrypoint-GitHUb\alovida\mantra-co
re-health-api\src\common\seed\data\clinical-forms\catalog.ts): use `with { type: 'json' }` for static imports, or pass 
`{ with: { type: 'json' } }` as the second argument to dynamic `import()`.
Jest: importing JSON without an import attribute is deprecated and will be a hard error in the next major. Update the 
import of "C:\Users\Usuario\Downloads\Entrypoint-GitHUb\alovida\mantra-core-health-api\src\common\seed\data\clinical-fo
rms\odontologia\odontograma-oms.json" (from C:\Users\Usuario\Downloads\Entrypoint-GitHUb\alovida\mantra-core-health-api
\src\common\seed\data\clinical-forms\catalog.ts): use `with { type: 'json' }` for static imports, or pass `{ with: { 
type: 'json' } }` as the second argument to dynamic `import()`.
Jest: importing JSON without an import attribute is deprecated and will be a hard error in the next major. Update the 
import of "C:\Users\Usuario\Downloads\Entrypoint-GitHUb\alovida\mantra-core-health-api\src\common\seed\data\clinical-fo
rms\psiquiatria\evaluacion-de-salud-mental.json" (from C:\Users\Usuario\Downloads\Entrypoint-GitHUb\alovida\mantra-core
-health-api\src\common\seed\data\clinical-forms\catalog.ts): use `with { type: 'json' }` for static imports, or pass 
`{ with: { type: 'json' } }` as the second argument to dynamic `import()`.
Jest: importing JSON without an import attribute is deprecated and will be a hard error in the next major. Update the 
import of "C:\Users\Usuario\Downloads\Entrypoint-GitHUb\alovida\mantra-core-health-api\src\common\seed\data\clinical-fo
rms\dermatologia\examen-dermatologico.json" (from C:\Users\Usuario\Downloads\Entrypoint-GitHUb\alovida\mantra-core-heal
th-api\src\common\seed\data\clinical-forms\catalog.ts): use `with { type: 'json' }` for static imports, or pass `{ 
with: { type: 'json' } }` as the second argument to dynamic `import()`.
Jest: importing JSON without an import attribute is deprecated and will be a hard error in the next major. Update the 
import of "C:\Users\Usuario\Downloads\Entrypoint-GitHUb\alovida\mantra-core-health-api\src\common\seed\data\clinical-fo
rms\medicina-interna\evaluacion-de-medicina-interna.json" (from C:\Users\Usuario\Downloads\Entrypoint-GitHUb\alovida\ma
ntra-core-health-api\src\common\seed\data\clinical-forms\catalog.ts): use `with { type: 'json' }` for static imports, 
or pass `{ with: { type: 'json' } }` as the second argument to dynamic `import()`.
Jest: importing JSON without an import attribute is deprecated and will be a hard error in the next major. Update the 
import of "C:\Users\Usuario\Downloads\Entrypoint-GitHUb\alovida\mantra-core-health-api\src\common\seed\data\clinical-fo
rms\medicina-general\consulta-de-medicina-general.json" (from C:\Users\Usuario\Downloads\Entrypoint-GitHUb\alovida\mant
ra-core-health-api\src\common\seed\data\clinical-forms\catalog.ts): use `with { type: 'json' }` for static imports, or 
pass `{ with: { type: 'json' } }` as the second argument to dynamic `import()`.
Jest: importing JSON without an import attribute is deprecated and will be a hard error in the next major. Update the 
import of "C:\Users\Usuario\Downloads\Entrypoint-GitHUb\alovida\mantra-core-health-api\src\common\seed\data\clinical-fo
rms\medicina-familiar\consulta-de-medicina-familiar.json" (from C:\Users\Usuario\Downloads\Entrypoint-GitHUb\alovida\ma
ntra-core-health-api\src\common\seed\data\clinical-forms\catalog.ts): use `with { type: 'json' }` for static imports, 
or pass `{ with: { type: 'json' } }` as the second argument to dynamic `import()`.
Jest: importing JSON without an import attribute is deprecated and will be a hard error in the next major. Update the 
import of "C:\Users\Usuario\Downloads\Entrypoint-GitHUb\alovida\mantra-core-health-api\src\common\seed\data\clinical-fo
rms\neurologia\evaluacion-neurologica.json" (from C:\Users\Usuario\Downloads\Entrypoint-GitHUb\alovida\mantra-core-heal
th-api\src\common\seed\data\clinical-forms\catalog.ts): use `with { type: 'json' }` for static imports, or pass `{ 
with: { type: 'json' } }` as the second argument to dynamic `import()`.
Jest: importing JSON without an import attribute is deprecated and will be a hard error in the next major. Update the 
import of "C:\Users\Usuario\Downloads\Entrypoint-GitHUb\alovida\mantra-core-health-api\src\common\seed\data\clinical-fo
rms\endocrinologia\evaluacion-endocrinologica.json" (from C:\Users\Usuario\Downloads\Entrypoint-GitHUb\alovida\mantra-c
ore-health-api\src\common\seed\data\clinical-forms\catalog.ts): use `with { type: 'json' }` for static imports, or 
pass `{ with: { type: 'json' } }` as the second argument to dynamic `import()`.
Jest: importing JSON without an import attribute is deprecated and will be a hard error in the next major. Update the 
import of "C:\Users\Usuario\Downloads\Entrypoint-GitHUb\alovida\mantra-core-health-api\src\common\seed\data\clinical-fo
rms\gastroenterologia\evaluacion-gastroenterologica.json" (from C:\Users\Usuario\Downloads\Entrypoint-GitHUb\alovida\ma
ntra-core-health-api\src\common\seed\data\clinical-forms\catalog.ts): use `with { type: 'json' }` for static imports, 
or pass `{ with: { type: 'json' } }` as the second argument to dynamic `import()`.
Jest: importing JSON without an import attribute is deprecated and will be a hard error in the next major. Update the 
import of "C:\Users\Usuario\Downloads\Entrypoint-GitHUb\alovida\mantra-core-health-api\src\common\seed\data\clinical-fo
rms\neumologia\evaluacion-neumologica.json" (from C:\Users\Usuario\Downloads\Entrypoint-GitHUb\alovida\mantra-core-heal
th-api\src\common\seed\data\clinical-forms\catalog.ts): use `with { type: 'json' }` for static imports, or pass `{ 
with: { type: 'json' } }` as the second argument to dynamic `import()`.
Jest: importing JSON without an import attribute is deprecated and will be a hard error in the next major. Update the 
import of "C:\Users\Usuario\Downloads\Entrypoint-GitHUb\alovida\mantra-core-health-api\src\common\seed\data\clinical-fo
rms\nefrologia\evaluacion-nefrologica.json" (from C:\Users\Usuario\Downloads\Entrypoint-GitHUb\alovida\mantra-core-heal
th-api\src\common\seed\data\clinical-forms\catalog.ts): use `with { type: 'json' }` for static imports, or pass `{ 
with: { type: 'json' } }` as the second argument to dynamic `import()`.
Jest: importing JSON without an import attribute is deprecated and will be a hard error in the next major. Update the 
import of "C:\Users\Usuario\Downloads\Entrypoint-GitHUb\alovida\mantra-core-health-api\src\common\seed\data\clinical-fo
rms\reumatologia\evaluacion-reumatologica.json" (from C:\Users\Usuario\Downloads\Entrypoint-GitHUb\alovida\mantra-core-
health-api\src\common\seed\data\clinical-forms\catalog.ts): use `with { type: 'json' }` for static imports, or pass `{ 
with: { type: 'json' } }` as the second argument to dynamic `import()`.
Jest: importing JSON without an import attribute is deprecated and will be a hard error in the next major. Update the 
import of "C:\Users\Usuario\Downloads\Entrypoint-GitHUb\alovida\mantra-core-health-api\src\common\seed\data\clinical-fo
rms\infectologia\evaluacion-infectologica.json" (from C:\Users\Usuario\Downloads\Entrypoint-GitHUb\alovida\mantra-core-
health-api\src\common\seed\data\clinical-forms\catalog.ts): use `with { type: 'json' }` for static imports, or pass `{ 
with: { type: 'json' } }` as the second argument to dynamic `import()`.
Jest: importing JSON without an import attribute is deprecated and will be a hard error in the next major. Update the 
import of "C:\Users\Usuario\Downloads\Entrypoint-GitHUb\alovida\mantra-core-health-api\src\common\seed\data\clinical-fo
rms\geriatria\valoracion-geriatrica.json" (from C:\Users\Usuario\Downloads\Entrypoint-GitHUb\alovida\mantra-core-health
-api\src\common\seed\data\clinical-forms\catalog.ts): use `with { type: 'json' }` for static imports, or pass `{ with: 
{ type: 'json' } }` as the second argument to dynamic `import()`.
Jest: importing JSON without an import attribute is deprecated and will be a hard error in the next major. Update the 
import of "C:\Users\Usuario\Downloads\Entrypoint-GitHUb\alovida\mantra-core-health-api\src\common\seed\data\clinical-fo
rms\oncologia\evaluacion-oncologica.json" (from C:\Users\Usuario\Downloads\Entrypoint-GitHUb\alovida\mantra-core-health
-api\src\common\seed\data\clinical-forms\catalog.ts): use `with { type: 'json' }` for static imports, or pass `{ with: 
{ type: 'json' } }` as the second argument to dynamic `import()`.
Jest: importing JSON without an import attribute is deprecated and will be a hard error in the next major. Update the 
import of "C:\Users\Usuario\Downloads\Entrypoint-GitHUb\alovida\mantra-core-health-api\src\common\seed\data\clinical-fo
rms\hematologia\evaluacion-hematologica.json" (from C:\Users\Usuario\Downloads\Entrypoint-GitHUb\alovida\mantra-core-he
alth-api\src\common\seed\data\clinical-forms\catalog.ts): use `with { type: 'json' }` for static imports, or pass `{ 
with: { type: 'json' } }` as the second argument to dynamic `import()`.
Jest: importing JSON without an import attribute is deprecated and will be a hard error in the next major. Update the 
import of "C:\Users\Usuario\Downloads\Entrypoint-GitHUb\alovida\mantra-core-health-api\src\common\seed\data\clinical-fo
rms\medicina-intensiva\evaluacion-en-medicina-intensiva.json" (from C:\Users\Usuario\Downloads\Entrypoint-GitHUb\alovid
a\mantra-core-health-api\src\common\seed\data\clinical-forms\catalog.ts): use `with { type: 'json' }` for static 
imports, or pass `{ with: { type: 'json' } }` as the second argument to dynamic `import()`.
Jest: importing JSON without an import attribute is deprecated and will be a hard error in the next major. Update the 
import of "C:\Users\Usuario\Downloads\Entrypoint-GitHUb\alovida\mantra-core-health-api\src\common\seed\data\clinical-fo
rms\medicina-emergencia\atencion-en-emergencia.json" (from C:\Users\Usuario\Downloads\Entrypoint-GitHUb\alovida\mantra-
core-health-api\src\common\seed\data\clinical-forms\catalog.ts): use `with { type: 'json' }` for static imports, or 
pass `{ with: { type: 'json' } }` as the second argument to dynamic `import()`.
Jest: importing JSON without an import attribute is deprecated and will be a hard error in the next major. Update the 
import of "C:\Users\Usuario\Downloads\Entrypoint-GitHUb\alovida\mantra-core-health-api\src\common\seed\data\clinical-fo
rms\cirugia-general\evaluacion-de-cirugia-general.json" (from C:\Users\Usuario\Downloads\Entrypoint-GitHUb\alovida\mant
ra-core-health-api\src\common\seed\data\clinical-forms\catalog.ts): use `with { type: 'json' }` for static imports, or 
pass `{ with: { type: 'json' } }` as the second argument to dynamic `import()`.
Jest: importing JSON without an import attribute is deprecated and will be a hard error in the next major. Update the 
import of "C:\Users\Usuario\Downloads\Entrypoint-GitHUb\alovida\mantra-core-health-api\src\common\seed\data\clinical-fo
rms\urologia\evaluacion-urologica.json" (from C:\Users\Usuario\Downloads\Entrypoint-GitHUb\alovida\mantra-core-health-a
pi\src\common\seed\data\clinical-forms\catalog.ts): use `with { type: 'json' }` for static imports, or pass `{ with: { 
type: 'json' } }` as the second argument to dynamic `import()`.
Jest: importing JSON without an import attribute is deprecated and will be a hard error in the next major. Update the 
import of "C:\Users\Usuario\Downloads\Entrypoint-GitHUb\alovida\mantra-core-health-api\src\common\seed\data\clinical-fo
rms\otorrinolaringologia\evaluacion-otorrinolaringologica.json" (from C:\Users\Usuario\Downloads\Entrypoint-GitHUb\alov
ida\mantra-core-health-api\src\common\seed\data\clinical-forms\catalog.ts): use `with { type: 'json' }` for static 
imports, or pass `{ with: { type: 'json' } }` as the second argument to dynamic `import()`.
Jest: importing JSON without an import attribute is deprecated and will be a hard error in the next major. Update the 
import of "C:\Users\Usuario\Downloads\Entrypoint-GitHUb\alovida\mantra-core-health-api\src\common\seed\data\clinical-fo
rms\anestesiologia\valoracion-preanestesica.json" (from C:\Users\Usuario\Downloads\Entrypoint-GitHUb\alovida\mantra-cor
e-health-api\src\common\seed\data\clinical-forms\catalog.ts): use `with { type: 'json' }` for static imports, or pass 
`{ with: { type: 'json' } }` as the second argument to dynamic `import()`.
Jest: importing JSON without an import attribute is deprecated and will be a hard error in the next major. Update the 
import of "C:\Users\Usuario\Downloads\Entrypoint-GitHUb\alovida\mantra-core-health-api\src\common\seed\data\clinical-fo
rms\radiologia\informe-de-estudio-por-imagenes.json" (from C:\Users\Usuario\Downloads\Entrypoint-GitHUb\alovida\mantra-
core-health-api\src\common\seed\data\clinical-forms\catalog.ts): use `with { type: 'json' }` for static imports, or 
pass `{ with: { type: 'json' } }` as the second argument to dynamic `import()`.
Jest: importing JSON without an import attribute is deprecated and will be a hard error in the next major. Update the 
import of "C:\Users\Usuario\Downloads\Entrypoint-GitHUb\alovida\mantra-core-health-api\src\common\seed\data\clinical-fo
rms\patologia-clinica\informe-de-patologia.json" (from C:\Users\Usuario\Downloads\Entrypoint-GitHUb\alovida\mantra-core
-health-api\src\common\seed\data\clinical-forms\catalog.ts): use `with { type: 'json' }` for static imports, or pass 
`{ with: { type: 'json' } }` as the second argument to dynamic `import()`.
Jest: importing JSON without an import attribute is deprecated and will be a hard error in the next major. Update the 
import of "C:\Users\Usuario\Downloads\Entrypoint-GitHUb\alovida\mantra-core-health-api\src\common\seed\data\clinical-fo
rms\bioquimica-clinica\informe-de-laboratorio.json" (from C:\Users\Usuario\Downloads\Entrypoint-GitHUb\alovida\mantra-c
ore-health-api\src\common\seed\data\clinical-forms\catalog.ts): use `with { type: 'json' }` for static imports, or 
pass `{ with: { type: 'json' } }` as the second argument to dynamic `import()`.
Jest: importing JSON without an import attribute is deprecated and will be a hard error in the next major. Update the 
import of "C:\Users\Usuario\Downloads\Entrypoint-GitHUb\alovida\mantra-core-health-api\src\common\seed\data\clinical-fo
rms\medicina-deportiva\evaluacion-de-medicina-deportiva.json" (from C:\Users\Usuario\Downloads\Entrypoint-GitHUb\alovid
a\mantra-core-health-api\src\common\seed\data\clinical-forms\catalog.ts): use `with { type: 'json' }` for static 
imports, or pass `{ with: { type: 'json' } }` as the second argument to dynamic `import()`.
Jest: importing JSON without an import attribute is deprecated and will be a hard error in the next major. Update the 
import of "C:\Users\Usuario\Downloads\Entrypoint-GitHUb\alovida\mantra-core-health-api\src\common\seed\data\clinical-fo
rms\psicologia-clinica\evaluacion-psicologica.json" (from C:\Users\Usuario\Downloads\Entrypoint-GitHUb\alovida\mantra-c
ore-health-api\src\common\seed\data\clinical-forms\catalog.ts): use `with { type: 'json' }` for static imports, or 
pass `{ with: { type: 'json' } }` as the second argument to dynamic `import()`.
Jest: importing JSON without an import attribute is deprecated and will be a hard error in the next major. Update the 
import of "C:\Users\Usuario\Downloads\Entrypoint-GitHUb\alovida\mantra-core-health-api\src\common\seed\data\clinical-fo
rms\nutricion\evaluacion-nutricional.json" (from C:\Users\Usuario\Downloads\Entrypoint-GitHUb\alovida\mantra-core-healt
h-api\src\common\seed\data\clinical-forms\catalog.ts): use `with { type: 'json' }` for static imports, or pass `{ 
with: { type: 'json' } }` as the second argument to dynamic `import()`.
Jest: importing JSON without an import attribute is deprecated and will be a hard error in the next major. Update the 
import of "C:\Users\Usuario\Downloads\Entrypoint-GitHUb\alovida\mantra-core-health-api\src\common\seed\data\clinical-fo
rms\fisioterapia\evaluacion-kinesiologica.json" (from C:\Users\Usuario\Downloads\Entrypoint-GitHUb\alovida\mantra-core-
health-api\src\common\seed\data\clinical-forms\catalog.ts): use `with { type: 'json' }` for static imports, or pass `{ 
with: { type: 'json' } }` as the second argument to dynamic `import()`.
Jest: importing JSON without an import attribute is deprecated and will be a hard error in the next major. Update the 
import of "C:\Users\Usuario\Downloads\Entrypoint-GitHUb\alovida\mantra-core-health-api\src\common\seed\data\clinical-fo
rms\enfermeria\valoracion-de-enfermeria.json" (from C:\Users\Usuario\Downloads\Entrypoint-GitHUb\alovida\mantra-core-he
alth-api\src\common\seed\data\clinical-forms\catalog.ts): use `with { type: 'json' }` for static imports, or pass `{ 
with: { type: 'json' } }` as the second argument to dynamic `import()`.
Jest: importing JSON without an import attribute is deprecated and will be a hard error in the next major. Update the 
import of "C:\Users\Usuario\Downloads\Entrypoint-GitHUb\alovida\mantra-core-health-api\src\common\seed\data\clinical-fo
rms\obstetricia\control-obstetrico.json" (from C:\Users\Usuario\Downloads\Entrypoint-GitHUb\alovida\mantra-core-health-
api\src\common\seed\data\clinical-forms\catalog.ts): use `with { type: 'json' }` for static imports, or pass `{ with: 
{ type: 'json' } }` as the second argument to dynamic `import()`.
Jest: importing JSON without an import attribute is deprecated and will be a hard error in the next major. Update the 
import of "C:\Users\Usuario\Downloads\Entrypoint-GitHUb\alovida\mantra-core-health-api\src\common\seed\data\clinical-fo
rms\odontologia\anamnesis-odontologica.json" (from C:\Users\Usuario\Downloads\Entrypoint-GitHUb\alovida\mantra-core-hea
lth-api\src\common\seed\data\clinical-forms\catalog.ts): use `with { type: 'json' }` for static imports, or pass `{ 
with: { type: 'json' } }` as the second argument to dynamic `import()`.
(node:15148) ExperimentalWarning: VM Modules is an experimental feature and might change at any time
(Use `node --trace-warnings ...` to show where the warning was created)
(node:36632) ExperimentalWarning: VM Modules is an experimental feature and might change at any time
(Use `node --trace-warnings ...` to show where the warning was created)
Jest: importing JSON without an import attribute is deprecated and will be a hard error in the next major. Update the 
import of "C:\Users\Usuario\Downloads\Entrypoint-GitHUb\alovida\mantra-core-health-api\src\common\seed\data\bolivia\hea
lth-facilities.dataset.json" (from C:\Users\Usuario\Downloads\Entrypoint-GitHUb\alovida\mantra-core-health-api\src\comm
on\seed\bolivia-facilities.catalog.ts): use `with { type: 'json' }` for static imports, or pass `{ with: { type: 
'json' } }` as the second argument to dynamic `import()`.
Jest: importing JSON without an import attribute is deprecated and will be a hard error in the next major. Update the 
import of "C:\Users\Usuario\Downloads\Entrypoint-GitHUb\alovida\mantra-core-health-api\src\common\seed\data\bolivia\ins
urance-carriers.dataset.json" (from C:\Users\Usuario\Downloads\Entrypoint-GitHUb\alovida\mantra-core-health-api\src\com
mon\seed\bolivia-insurance.catalog.ts): use `with { type: 'json' }` for static imports, or pass `{ with: { type: 
'json' } }` as the second argument to dynamic `import()`.
Jest: importing JSON without an import attribute is deprecated and will be a hard error in the next major. Update the 
import of "C:\Users\Usuario\Downloads\Entrypoint-GitHUb\alovida\mantra-core-health-api\src\common\seed\data\bolivia\ins
urance-carrier-contact-channels.dataset.json" (from C:\Users\Usuario\Downloads\Entrypoint-GitHUb\alovida\mantra-core-he
alth-api\src\common\seed\bolivia-insurance.catalog.ts): use `with { type: 'json' }` for static imports, or pass `{ 
with: { type: 'json' } }` as the second argument to dynamic `import()`.
(node:18080) ExperimentalWarning: VM Modules is an experimental feature and might change at any time
(Use `node --trace-warnings ...` to show where the warning was created)
(node:19132) ExperimentalWarning: VM Modules is an experimental feature and might change at any time
(Use `node --trace-warnings ...` to show where the warning was created)
Jest: importing JSON without an import attribute is deprecated and will be a hard error in the next major. Update the 
import of "C:\Users\Usuario\Downloads\Entrypoint-GitHUb\alovida\mantra-core-health-api\src\common\seed\data\vademecum\v
ademecum.dataset.json" (from C:\Users\Usuario\Downloads\Entrypoint-GitHUb\alovida\mantra-core-health-api\src\common\see
d\vademecum-seed.service.ts): use `with { type: 'json' }` for static imports, or pass `{ with: { type: 'json' } }` as 
the second argument to dynamic `import()`.
Jest: importing JSON without an import attribute is deprecated and will be a hard error in the next major. Update the 
import of "C:\Users\Usuario\Downloads\Entrypoint-GitHUb\alovida\mantra-core-health-api\src\common\seed\data\bolivia\hea
lth-facilities.dataset.json" (from C:\Users\Usuario\Downloads\Entrypoint-GitHUb\alovida\mantra-core-health-api\src\comm
on\seed\bolivia-facilities.catalog.ts): use `with { type: 'json' }` for static imports, or pass `{ with: { type: 
'json' } }` as the second argument to dynamic `import()`.
Jest: importing JSON without an import attribute is deprecated and will be a hard error in the next major. Update the 
import of "C:\Users\Usuario\Downloads\Entrypoint-GitHUb\alovida\mantra-core-health-api\src\common\seed\data\bolivia\fee
-schedule.dataset.json" (from C:\Users\Usuario\Downloads\Entrypoint-GitHUb\alovida\mantra-core-health-api\src\common\se
ed\bolivia-fee-schedule.catalog.ts): use `with { type: 'json' }` for static imports, or pass `{ with: { type: 'json' } 
}` as the second argument to dynamic `import()`.
Jest: importing JSON without an import attribute is deprecated and will be a hard error in the next major. Update the 
import of "C:\Users\Usuario\Downloads\Entrypoint-GitHUb\alovida\mantra-core-health-api\src\common\seed\data\bolivia\ins
urance-carriers.dataset.json" (from C:\Users\Usuario\Downloads\Entrypoint-GitHUb\alovida\mantra-core-health-api\src\com
mon\seed\bolivia-insurance.catalog.ts): use `with { type: 'json' }` for static imports, or pass `{ with: { type: 
'json' } }` as the second argument to dynamic `import()`.
Jest: importing JSON without an import attribute is deprecated and will be a hard error in the next major. Update the 
import of "C:\Users\Usuario\Downloads\Entrypoint-GitHUb\alovida\mantra-core-health-api\src\common\seed\data\bolivia\ins
urance-carrier-contact-channels.dataset.json" (from C:\Users\Usuario\Downloads\Entrypoint-GitHUb\alovida\mantra-core-he
alth-api\src\common\seed\bolivia-insurance.catalog.ts): use `with { type: 'json' }` for static imports, or pass `{ 
with: { type: 'json' } }` as the second argument to dynamic `import()`.
Jest: importing JSON without an import attribute is deprecated and will be a hard error in the next major. Update the 
import of "C:\Users\Usuario\Downloads\Entrypoint-GitHUb\alovida\mantra-core-health-api\src\common\seed\data\clinical-fo
rms\transversal\anamnesis-historia-clinica-general.json" (from C:\Users\Usuario\Downloads\Entrypoint-GitHUb\alovida\man
tra-core-health-api\src\common\seed\data\clinical-forms\catalog.ts): use `with { type: 'json' }` for static imports, 
or pass `{ with: { type: 'json' } }` as the second argument to dynamic `import()`.
Jest: importing JSON without an import attribute is deprecated and will be a hard error in the next major. Update the 
import of "C:\Users\Usuario\Downloads\Entrypoint-GitHUb\alovida\mantra-core-health-api\src\common\seed\data\clinical-fo
rms\transversal\examen-fisico-general.json" (from C:\Users\Usuario\Downloads\Entrypoint-GitHUb\alovida\mantra-core-heal
th-api\src\common\seed\data\clinical-forms\catalog.ts): use `with { type: 'json' }` for static imports, or pass `{ 
with: { type: 'json' } }` as the second argument to dynamic `import()`.
Jest: importing JSON without an import attribute is deprecated and will be a hard error in the next major. Update the 
import of "C:\Users\Usuario\Downloads\Entrypoint-GitHUb\alovida\mantra-core-health-api\src\common\seed\data\clinical-fo
rms\transversal\consentimiento-informado.json" (from C:\Users\Usuario\Downloads\Entrypoint-GitHUb\alovida\mantra-core-h
ealth-api\src\common\seed\data\clinical-forms\catalog.ts): use `with { type: 'json' }` for static imports, or pass `{ 
with: { type: 'json' } }` as the second argument to dynamic `import()`.
Jest: importing JSON without an import attribute is deprecated and will be a hard error in the next major. Update the 
import of "C:\Users\Usuario\Downloads\Entrypoint-GitHUb\alovida\mantra-core-health-api\src\common\seed\data\clinical-fo
rms\transversal\epicrisis-resumen-de-egreso.json" (from C:\Users\Usuario\Downloads\Entrypoint-GitHUb\alovida\mantra-cor
e-health-api\src\common\seed\data\clinical-forms\catalog.ts): use `with { type: 'json' }` for static imports, or pass 
`{ with: { type: 'json' } }` as the second argument to dynamic `import()`.
Jest: importing JSON without an import attribute is deprecated and will be a hard error in the next major. Update the 
import of "C:\Users\Usuario\Downloads\Entrypoint-GitHUb\alovida\mantra-core-health-api\src\common\seed\data\clinical-fo
rms\cardiologia\ficha-cardiologica-base.json" (from C:\Users\Usuario\Downloads\Entrypoint-GitHUb\alovida\mantra-core-he
alth-api\src\common\seed\data\clinical-forms\catalog.ts): use `with { type: 'json' }` for static imports, or pass `{ 
with: { type: 'json' } }` as the second argument to dynamic `import()`.
Jest: importing JSON without an import attribute is deprecated and will be a hard error in the next major. Update the 
import of "C:\Users\Usuario\Downloads\Entrypoint-GitHUb\alovida\mantra-core-health-api\src\common\seed\data\clinical-fo
rms\cardiologia\riesgo-cardiovascular-oms.json" (from C:\Users\Usuario\Downloads\Entrypoint-GitHUb\alovida\mantra-core-
health-api\src\common\seed\data\clinical-forms\catalog.ts): use `with { type: 'json' }` for static imports, or pass `{ 
with: { type: 'json' } }` as the second argument to dynamic `import()`.
Jest: importing JSON without an import attribute is deprecated and will be a hard error in the next major. Update the 
import of "C:\Users\Usuario\Downloads\Entrypoint-GitHUb\alovida\mantra-core-health-api\src\common\seed\data\clinical-fo
rms\pediatria\control-de-nino-sano.json" (from C:\Users\Usuario\Downloads\Entrypoint-GitHUb\alovida\mantra-core-health-
api\src\common\seed\data\clinical-forms\catalog.ts): use `with { type: 'json' }` for static imports, or pass `{ with: 
{ type: 'json' } }` as the second argument to dynamic `import()`.
Jest: importing JSON without an import attribute is deprecated and will be a hard error in the next major. Update the 
import of "C:\Users\Usuario\Downloads\Entrypoint-GitHUb\alovida\mantra-core-health-api\src\common\seed\data\clinical-fo
rms\pediatria\curvas-de-crecimiento-oms.json" (from C:\Users\Usuario\Downloads\Entrypoint-GitHUb\alovida\mantra-core-he
alth-api\src\common\seed\data\clinical-forms\catalog.ts): use `with { type: 'json' }` for static imports, or pass `{ 
with: { type: 'json' } }` as the second argument to dynamic `import()`.
Jest: importing JSON without an import attribute is deprecated and will be a hard error in the next major. Update the 
import of "C:\Users\Usuario\Downloads\Entrypoint-GitHUb\alovida\mantra-core-health-api\src\common\seed\data\clinical-fo
rms\ginecologia-obstetricia\control-prenatal-hcp.json" (from C:\Users\Usuario\Downloads\Entrypoint-GitHUb\alovida\mantr
a-core-health-api\src\common\seed\data\clinical-forms\catalog.ts): use `with { type: 'json' }` for static imports, or 
pass `{ with: { type: 'json' } }` as the second argument to dynamic `import()`.
Jest: importing JSON without an import attribute is deprecated and will be a hard error in the next major. Update the 
import of "C:\Users\Usuario\Downloads\Entrypoint-GitHUb\alovida\mantra-core-health-api\src\common\seed\data\clinical-fo
rms\traumatologia\evaluacion-musculoesqueletica.json" (from C:\Users\Usuario\Downloads\Entrypoint-GitHUb\alovida\mantra
-core-health-api\src\common\seed\data\clinical-forms\catalog.ts): use `with { type: 'json' }` for static imports, or 
pass `{ with: { type: 'json' } }` as the second argument to dynamic `import()`.
Jest: importing JSON without an import attribute is deprecated and will be a hard error in the next major. Update the 
import of "C:\Users\Usuario\Downloads\Entrypoint-GitHUb\alovida\mantra-core-health-api\src\common\seed\data\clinical-fo
rms\oftalmologia\examen-oftalmologico-basico.json" (from C:\Users\Usuario\Downloads\Entrypoint-GitHUb\alovida\mantra-co
re-health-api\src\common\seed\data\clinical-forms\catalog.ts): use `with { type: 'json' }` for static imports, or pass 
`{ with: { type: 'json' } }` as the second argument to dynamic `import()`.
Jest: importing JSON without an import attribute is deprecated and will be a hard error in the next major. Update the 
import of "C:\Users\Usuario\Downloads\Entrypoint-GitHUb\alovida\mantra-core-health-api\src\common\seed\data\clinical-fo
rms\odontologia\odontograma-oms.json" (from C:\Users\Usuario\Downloads\Entrypoint-GitHUb\alovida\mantra-core-health-api
\src\common\seed\data\clinical-forms\catalog.ts): use `with { type: 'json' }` for static imports, or pass `{ with: { 
type: 'json' } }` as the second argument to dynamic `import()`.
Jest: importing JSON without an import attribute is deprecated and will be a hard error in the next major. Update the 
import of "C:\Users\Usuario\Downloads\Entrypoint-GitHUb\alovida\mantra-core-health-api\src\common\seed\data\clinical-fo
rms\psiquiatria\evaluacion-de-salud-mental.json" (from C:\Users\Usuario\Downloads\Entrypoint-GitHUb\alovida\mantra-core
-health-api\src\common\seed\data\clinical-forms\catalog.ts): use `with { type: 'json' }` for static imports, or pass 
`{ with: { type: 'json' } }` as the second argument to dynamic `import()`.
Jest: importing JSON without an import attribute is deprecated and will be a hard error in the next major. Update the 
import of "C:\Users\Usuario\Downloads\Entrypoint-GitHUb\alovida\mantra-core-health-api\src\common\seed\data\clinical-fo
rms\dermatologia\examen-dermatologico.json" (from C:\Users\Usuario\Downloads\Entrypoint-GitHUb\alovida\mantra-core-heal
th-api\src\common\seed\data\clinical-forms\catalog.ts): use `with { type: 'json' }` for static imports, or pass `{ 
with: { type: 'json' } }` as the second argument to dynamic `import()`.
Jest: importing JSON without an import attribute is deprecated and will be a hard error in the next major. Update the 
import of "C:\Users\Usuario\Downloads\Entrypoint-GitHUb\alovida\mantra-core-health-api\src\common\seed\data\clinical-fo
rms\medicina-interna\evaluacion-de-medicina-interna.json" (from C:\Users\Usuario\Downloads\Entrypoint-GitHUb\alovida\ma
ntra-core-health-api\src\common\seed\data\clinical-forms\catalog.ts): use `with { type: 'json' }` for static imports, 
or pass `{ with: { type: 'json' } }` as the second argument to dynamic `import()`.
Jest: importing JSON without an import attribute is deprecated and will be a hard error in the next major. Update the 
import of "C:\Users\Usuario\Downloads\Entrypoint-GitHUb\alovida\mantra-core-health-api\src\common\seed\data\clinical-fo
rms\medicina-general\consulta-de-medicina-general.json" (from C:\Users\Usuario\Downloads\Entrypoint-GitHUb\alovida\mant
ra-core-health-api\src\common\seed\data\clinical-forms\catalog.ts): use `with { type: 'json' }` for static imports, or 
pass `{ with: { type: 'json' } }` as the second argument to dynamic `import()`.
Jest: importing JSON without an import attribute is deprecated and will be a hard error in the next major. Update the 
import of "C:\Users\Usuario\Downloads\Entrypoint-GitHUb\alovida\mantra-core-health-api\src\common\seed\data\clinical-fo
rms\medicina-familiar\consulta-de-medicina-familiar.json" (from C:\Users\Usuario\Downloads\Entrypoint-GitHUb\alovida\ma
ntra-core-health-api\src\common\seed\data\clinical-forms\catalog.ts): use `with { type: 'json' }` for static imports, 
or pass `{ with: { type: 'json' } }` as the second argument to dynamic `import()`.
Jest: importing JSON without an import attribute is deprecated and will be a hard error in the next major. Update the 
import of "C:\Users\Usuario\Downloads\Entrypoint-GitHUb\alovida\mantra-core-health-api\src\common\seed\data\clinical-fo
rms\neurologia\evaluacion-neurologica.json" (from C:\Users\Usuario\Downloads\Entrypoint-GitHUb\alovida\mantra-core-heal
th-api\src\common\seed\data\clinical-forms\catalog.ts): use `with { type: 'json' }` for static imports, or pass `{ 
with: { type: 'json' } }` as the second argument to dynamic `import()`.
Jest: importing JSON without an import attribute is deprecated and will be a hard error in the next major. Update the 
import of "C:\Users\Usuario\Downloads\Entrypoint-GitHUb\alovida\mantra-core-health-api\src\common\seed\data\clinical-fo
rms\endocrinologia\evaluacion-endocrinologica.json" (from C:\Users\Usuario\Downloads\Entrypoint-GitHUb\alovida\mantra-c
ore-health-api\src\common\seed\data\clinical-forms\catalog.ts): use `with { type: 'json' }` for static imports, or 
pass `{ with: { type: 'json' } }` as the second argument to dynamic `import()`.
Jest: importing JSON without an import attribute is deprecated and will be a hard error in the next major. Update the 
import of "C:\Users\Usuario\Downloads\Entrypoint-GitHUb\alovida\mantra-core-health-api\src\common\seed\data\clinical-fo
rms\gastroenterologia\evaluacion-gastroenterologica.json" (from C:\Users\Usuario\Downloads\Entrypoint-GitHUb\alovida\ma
ntra-core-health-api\src\common\seed\data\clinical-forms\catalog.ts): use `with { type: 'json' }` for static imports, 
or pass `{ with: { type: 'json' } }` as the second argument to dynamic `import()`.
Jest: importing JSON without an import attribute is deprecated and will be a hard error in the next major. Update the 
import of "C:\Users\Usuario\Downloads\Entrypoint-GitHUb\alovida\mantra-core-health-api\src\common\seed\data\clinical-fo
rms\neumologia\evaluacion-neumologica.json" (from C:\Users\Usuario\Downloads\Entrypoint-GitHUb\alovida\mantra-core-heal
th-api\src\common\seed\data\clinical-forms\catalog.ts): use `with { type: 'json' }` for static imports, or pass `{ 
with: { type: 'json' } }` as the second argument to dynamic `import()`.
Jest: importing JSON without an import attribute is deprecated and will be a hard error in the next major. Update the 
import of "C:\Users\Usuario\Downloads\Entrypoint-GitHUb\alovida\mantra-core-health-api\src\common\seed\data\clinical-fo
rms\nefrologia\evaluacion-nefrologica.json" (from C:\Users\Usuario\Downloads\Entrypoint-GitHUb\alovida\mantra-core-heal
th-api\src\common\seed\data\clinical-forms\catalog.ts): use `with { type: 'json' }` for static imports, or pass `{ 
with: { type: 'json' } }` as the second argument to dynamic `import()`.
Jest: importing JSON without an import attribute is deprecated and will be a hard error in the next major. Update the 
import of "C:\Users\Usuario\Downloads\Entrypoint-GitHUb\alovida\mantra-core-health-api\src\common\seed\data\clinical-fo
rms\reumatologia\evaluacion-reumatologica.json" (from C:\Users\Usuario\Downloads\Entrypoint-GitHUb\alovida\mantra-core-
health-api\src\common\seed\data\clinical-forms\catalog.ts): use `with { type: 'json' }` for static imports, or pass `{ 
with: { type: 'json' } }` as the second argument to dynamic `import()`.
Jest: importing JSON without an import attribute is deprecated and will be a hard error in the next major. Update the 
import of "C:\Users\Usuario\Downloads\Entrypoint-GitHUb\alovida\mantra-core-health-api\src\common\seed\data\clinical-fo
rms\infectologia\evaluacion-infectologica.json" (from C:\Users\Usuario\Downloads\Entrypoint-GitHUb\alovida\mantra-core-
health-api\src\common\seed\data\clinical-forms\catalog.ts): use `with { type: 'json' }` for static imports, or pass `{ 
with: { type: 'json' } }` as the second argument to dynamic `import()`.
Jest: importing JSON without an import attribute is deprecated and will be a hard error in the next major. Update the 
import of "C:\Users\Usuario\Downloads\Entrypoint-GitHUb\alovida\mantra-core-health-api\src\common\seed\data\clinical-fo
rms\geriatria\valoracion-geriatrica.json" (from C:\Users\Usuario\Downloads\Entrypoint-GitHUb\alovida\mantra-core-health
-api\src\common\seed\data\clinical-forms\catalog.ts): use `with { type: 'json' }` for static imports, or pass `{ with: 
{ type: 'json' } }` as the second argument to dynamic `import()`.
Jest: importing JSON without an import attribute is deprecated and will be a hard error in the next major. Update the 
import of "C:\Users\Usuario\Downloads\Entrypoint-GitHUb\alovida\mantra-core-health-api\src\common\seed\data\clinical-fo
rms\oncologia\evaluacion-oncologica.json" (from C:\Users\Usuario\Downloads\Entrypoint-GitHUb\alovida\mantra-core-health
-api\src\common\seed\data\clinical-forms\catalog.ts): use `with { type: 'json' }` for static imports, or pass `{ with: 
{ type: 'json' } }` as the second argument to dynamic `import()`.
Jest: importing JSON without an import attribute is deprecated and will be a hard error in the next major. Update the 
import of "C:\Users\Usuario\Downloads\Entrypoint-GitHUb\alovida\mantra-core-health-api\src\common\seed\data\clinical-fo
rms\hematologia\evaluacion-hematologica.json" (from C:\Users\Usuario\Downloads\Entrypoint-GitHUb\alovida\mantra-core-he
alth-api\src\common\seed\data\clinical-forms\catalog.ts): use `with { type: 'json' }` for static imports, or pass `{ 
with: { type: 'json' } }` as the second argument to dynamic `import()`.
Jest: importing JSON without an import attribute is deprecated and will be a hard error in the next major. Update the 
import of "C:\Users\Usuario\Downloads\Entrypoint-GitHUb\alovida\mantra-core-health-api\src\common\seed\data\clinical-fo
rms\medicina-intensiva\evaluacion-en-medicina-intensiva.json" (from C:\Users\Usuario\Downloads\Entrypoint-GitHUb\alovid
a\mantra-core-health-api\src\common\seed\data\clinical-forms\catalog.ts): use `with { type: 'json' }` for static 
imports, or pass `{ with: { type: 'json' } }` as the second argument to dynamic `import()`.
Jest: importing JSON without an import attribute is deprecated and will be a hard error in the next major. Update the 
import of "C:\Users\Usuario\Downloads\Entrypoint-GitHUb\alovida\mantra-core-health-api\src\common\seed\data\clinical-fo
rms\medicina-emergencia\atencion-en-emergencia.json" (from C:\Users\Usuario\Downloads\Entrypoint-GitHUb\alovida\mantra-
core-health-api\src\common\seed\data\clinical-forms\catalog.ts): use `with { type: 'json' }` for static imports, or 
pass `{ with: { type: 'json' } }` as the second argument to dynamic `import()`.
Jest: importing JSON without an import attribute is deprecated and will be a hard error in the next major. Update the 
import of "C:\Users\Usuario\Downloads\Entrypoint-GitHUb\alovida\mantra-core-health-api\src\common\seed\data\clinical-fo
rms\cirugia-general\evaluacion-de-cirugia-general.json" (from C:\Users\Usuario\Downloads\Entrypoint-GitHUb\alovida\mant
ra-core-health-api\src\common\seed\data\clinical-forms\catalog.ts): use `with { type: 'json' }` for static imports, or 
pass `{ with: { type: 'json' } }` as the second argument to dynamic `import()`.
Jest: importing JSON without an import attribute is deprecated and will be a hard error in the next major. Update the 
import of "C:\Users\Usuario\Downloads\Entrypoint-GitHUb\alovida\mantra-core-health-api\src\common\seed\data\clinical-fo
rms\urologia\evaluacion-urologica.json" (from C:\Users\Usuario\Downloads\Entrypoint-GitHUb\alovida\mantra-core-health-a
pi\src\common\seed\data\clinical-forms\catalog.ts): use `with { type: 'json' }` for static imports, or pass `{ with: { 
type: 'json' } }` as the second argument to dynamic `import()`.
Jest: importing JSON without an import attribute is deprecated and will be a hard error in the next major. Update the 
import of "C:\Users\Usuario\Downloads\Entrypoint-GitHUb\alovida\mantra-core-health-api\src\common\seed\data\clinical-fo
rms\otorrinolaringologia\evaluacion-otorrinolaringologica.json" (from C:\Users\Usuario\Downloads\Entrypoint-GitHUb\alov
ida\mantra-core-health-api\src\common\seed\data\clinical-forms\catalog.ts): use `with { type: 'json' }` for static 
imports, or pass `{ with: { type: 'json' } }` as the second argument to dynamic `import()`.
Jest: importing JSON without an import attribute is deprecated and will be a hard error in the next major. Update the 
import of "C:\Users\Usuario\Downloads\Entrypoint-GitHUb\alovida\mantra-core-health-api\src\common\seed\data\clinical-fo
rms\anestesiologia\valoracion-preanestesica.json" (from C:\Users\Usuario\Downloads\Entrypoint-GitHUb\alovida\mantra-cor
e-health-api\src\common\seed\data\clinical-forms\catalog.ts): use `with { type: 'json' }` for static imports, or pass 
`{ with: { type: 'json' } }` as the second argument to dynamic `import()`.
Jest: importing JSON without an import attribute is deprecated and will be a hard error in the next major. Update the 
import of "C:\Users\Usuario\Downloads\Entrypoint-GitHUb\alovida\mantra-core-health-api\src\common\seed\data\clinical-fo
rms\radiologia\informe-de-estudio-por-imagenes.json" (from C:\Users\Usuario\Downloads\Entrypoint-GitHUb\alovida\mantra-
core-health-api\src\common\seed\data\clinical-forms\catalog.ts): use `with { type: 'json' }` for static imports, or 
pass `{ with: { type: 'json' } }` as the second argument to dynamic `import()`.
Jest: importing JSON without an import attribute is deprecated and will be a hard error in the next major. Update the 
import of "C:\Users\Usuario\Downloads\Entrypoint-GitHUb\alovida\mantra-core-health-api\src\common\seed\data\clinical-fo
rms\patologia-clinica\informe-de-patologia.json" (from C:\Users\Usuario\Downloads\Entrypoint-GitHUb\alovida\mantra-core
-health-api\src\common\seed\data\clinical-forms\catalog.ts): use `with { type: 'json' }` for static imports, or pass 
`{ with: { type: 'json' } }` as the second argument to dynamic `import()`.
Jest: importing JSON without an import attribute is deprecated and will be a hard error in the next major. Update the 
import of "C:\Users\Usuario\Downloads\Entrypoint-GitHUb\alovida\mantra-core-health-api\src\common\seed\data\clinical-fo
rms\bioquimica-clinica\informe-de-laboratorio.json" (from C:\Users\Usuario\Downloads\Entrypoint-GitHUb\alovida\mantra-c
ore-health-api\src\common\seed\data\clinical-forms\catalog.ts): use `with { type: 'json' }` for static imports, or 
pass `{ with: { type: 'json' } }` as the second argument to dynamic `import()`.
Jest: importing JSON without an import attribute is deprecated and will be a hard error in the next major. Update the 
import of "C:\Users\Usuario\Downloads\Entrypoint-GitHUb\alovida\mantra-core-health-api\src\common\seed\data\clinical-fo
rms\medicina-deportiva\evaluacion-de-medicina-deportiva.json" (from C:\Users\Usuario\Downloads\Entrypoint-GitHUb\alovid
a\mantra-core-health-api\src\common\seed\data\clinical-forms\catalog.ts): use `with { type: 'json' }` for static 
imports, or pass `{ with: { type: 'json' } }` as the second argument to dynamic `import()`.
Jest: importing JSON without an import attribute is deprecated and will be a hard error in the next major. Update the 
import of "C:\Users\Usuario\Downloads\Entrypoint-GitHUb\alovida\mantra-core-health-api\src\common\seed\data\clinical-fo
rms\psicologia-clinica\evaluacion-psicologica.json" (from C:\Users\Usuario\Downloads\Entrypoint-GitHUb\alovida\mantra-c
ore-health-api\src\common\seed\data\clinical-forms\catalog.ts): use `with { type: 'json' }` for static imports, or 
pass `{ with: { type: 'json' } }` as the second argument to dynamic `import()`.
Jest: importing JSON without an import attribute is deprecated and will be a hard error in the next major. Update the 
import of "C:\Users\Usuario\Downloads\Entrypoint-GitHUb\alovida\mantra-core-health-api\src\common\seed\data\clinical-fo
rms\nutricion\evaluacion-nutricional.json" (from C:\Users\Usuario\Downloads\Entrypoint-GitHUb\alovida\mantra-core-healt
h-api\src\common\seed\data\clinical-forms\catalog.ts): use `with { type: 'json' }` for static imports, or pass `{ 
with: { type: 'json' } }` as the second argument to dynamic `import()`.
Jest: importing JSON without an import attribute is deprecated and will be a hard error in the next major. Update the 
import of "C:\Users\Usuario\Downloads\Entrypoint-GitHUb\alovida\mantra-core-health-api\src\common\seed\data\clinical-fo
rms\fisioterapia\evaluacion-kinesiologica.json" (from C:\Users\Usuario\Downloads\Entrypoint-GitHUb\alovida\mantra-core-
health-api\src\common\seed\data\clinical-forms\catalog.ts): use `with { type: 'json' }` for static imports, or pass `{ 
with: { type: 'json' } }` as the second argument to dynamic `import()`.
Jest: importing JSON without an import attribute is deprecated and will be a hard error in the next major. Update the 
import of "C:\Users\Usuario\Downloads\Entrypoint-GitHUb\alovida\mantra-core-health-api\src\common\seed\data\clinical-fo
rms\enfermeria\valoracion-de-enfermeria.json" (from C:\Users\Usuario\Downloads\Entrypoint-GitHUb\alovida\mantra-core-he
alth-api\src\common\seed\data\clinical-forms\catalog.ts): use `with { type: 'json' }` for static imports, or pass `{ 
with: { type: 'json' } }` as the second argument to dynamic `import()`.
Jest: importing JSON without an import attribute is deprecated and will be a hard error in the next major. Update the 
import of "C:\Users\Usuario\Downloads\Entrypoint-GitHUb\alovida\mantra-core-health-api\src\common\seed\data\clinical-fo
rms\obstetricia\control-obstetrico.json" (from C:\Users\Usuario\Downloads\Entrypoint-GitHUb\alovida\mantra-core-health-
api\src\common\seed\data\clinical-forms\catalog.ts): use `with { type: 'json' }` for static imports, or pass `{ with: 
{ type: 'json' } }` as the second argument to dynamic `import()`.
Jest: importing JSON without an import attribute is deprecated and will be a hard error in the next major. Update the 
import of "C:\Users\Usuario\Downloads\Entrypoint-GitHUb\alovida\mantra-core-health-api\src\common\seed\data\clinical-fo
rms\odontologia\anamnesis-odontologica.json" (from C:\Users\Usuario\Downloads\Entrypoint-GitHUb\alovida\mantra-core-hea
lth-api\src\common\seed\data\clinical-forms\catalog.ts): use `with { type: 'json' }` for static imports, or pass `{ 
with: { type: 'json' } }` as the second argument to dynamic `import()`.
Jest: importing JSON without an import attribute is deprecated and will be a hard error in the next major. Update the 
import of "C:\Users\Usuario\Downloads\Entrypoint-GitHUb\alovida\mantra-core-health-api\src\common\seed\data\bolivia\ins
urance-carriers.dataset.json" (from C:\Users\Usuario\Downloads\Entrypoint-GitHUb\alovida\mantra-core-health-api\src\com
mon\seed\bolivia-insurance.catalog.ts): use `with { type: 'json' }` for static imports, or pass `{ with: { type: 
'json' } }` as the second argument to dynamic `import()`.
Jest: importing JSON without an import attribute is deprecated and will be a hard error in the next major. Update the 
import of "C:\Users\Usuario\Downloads\Entrypoint-GitHUb\alovida\mantra-core-health-api\src\common\seed\data\bolivia\ins
urance-carrier-contact-channels.dataset.json" (from C:\Users\Usuario\Downloads\Entrypoint-GitHUb\alovida\mantra-core-he
alth-api\src\common\seed\bolivia-insurance.catalog.ts): use `with { type: 'json' }` for static imports, or pass `{ 
with: { type: 'json' } }` as the second argument to dynamic `import()`.
(node:6100) ExperimentalWarning: VM Modules is an experimental feature and might change at any time
(Use `node --trace-warnings ...` to show where the warning was created)
[Nest] 6100  - 25/09/2026, 8:56:22 p. m.    WARN [DeclaredCoverage] Cobertura ya registrada para el documento y plan declarados; se omite (perfil person-1)
Jest: importing JSON without an import attribute is deprecated and will be a hard error in the next major. Update the 
import of "C:\Users\Usuario\Downloads\Entrypoint-GitHUb\alovida\mantra-core-health-api\src\common\seed\data\bolivia\hea
lth-facilities.dataset.json" (from C:\Users\Usuario\Downloads\Entrypoint-GitHUb\alovida\mantra-core-health-api\src\comm
on\seed\bolivia-facilities.catalog.ts): use `with { type: 'json' }` for static imports, or pass `{ with: { type: 
'json' } }` as the second argument to dynamic `import()`.
Jest: importing JSON without an import attribute is deprecated and will be a hard error in the next major. Update the 
import of "C:\Users\Usuario\Downloads\Entrypoint-GitHUb\alovida\mantra-core-health-api\src\common\seed\data\bolivia\ins
urance-carriers.dataset.json" (from C:\Users\Usuario\Downloads\Entrypoint-GitHUb\alovida\mantra-core-health-api\src\com
mon\seed\bolivia-insurance.catalog.ts): use `with { type: 'json' }` for static imports, or pass `{ with: { type: 
'json' } }` as the second argument to dynamic `import()`.
Jest: importing JSON without an import attribute is deprecated and will be a hard error in the next major. Update the 
import of "C:\Users\Usuario\Downloads\Entrypoint-GitHUb\alovida\mantra-core-health-api\src\common\seed\data\bolivia\ins
urance-carrier-contact-channels.dataset.json" (from C:\Users\Usuario\Downloads\Entrypoint-GitHUb\alovida\mantra-core-he
alth-api\src\common\seed\bolivia-insurance.catalog.ts): use `with { type: 'json' }` for static imports, or pass `{ 
with: { type: 'json' } }` as the second argument to dynamic `import()`.
(node:36824) ExperimentalWarning: VM Modules is an experimental feature and might change at any time
(Use `node --trace-warnings ...` to show where the warning was created)
Jest: importing JSON without an import attribute is deprecated and will be a hard error in the next major. Update the 
import of "C:\Users\Usuario\Downloads\Entrypoint-GitHUb\alovida\mantra-core-health-api\src\common\seed\data\bolivia\ins
urance-carriers.dataset.json" (from C:\Users\Usuario\Downloads\Entrypoint-GitHUb\alovida\mantra-core-health-api\src\com
mon\seed\bolivia-insurance.catalog.ts): use `with { type: 'json' }` for static imports, or pass `{ with: { type: 
'json' } }` as the second argument to dynamic `import()`.
Jest: importing JSON without an import attribute is deprecated and will be a hard error in the next major. Update the 
import of "C:\Users\Usuario\Downloads\Entrypoint-GitHUb\alovida\mantra-core-health-api\src\common\seed\data\bolivia\ins
urance-carrier-contact-channels.dataset.json" (from C:\Users\Usuario\Downloads\Entrypoint-GitHUb\alovida\mantra-core-he
alth-api\src\common\seed\bolivia-insurance.catalog.ts): use `with { type: 'json' }` for static imports, or pass `{ 
with: { type: 'json' } }` as the second argument to dynamic `import()`.
Jest: importing JSON without an import attribute is deprecated and will be a hard error in the next major. Update the 
import of "C:\Users\Usuario\Downloads\Entrypoint-GitHUb\alovida\mantra-core-health-api\src\common\seed\data\bolivia\hea
lth-facilities.dataset.json" (from C:\Users\Usuario\Downloads\Entrypoint-GitHUb\alovida\mantra-core-health-api\src\comm
on\seed\bolivia-facilities.catalog.ts): use `with { type: 'json' }` for static imports, or pass `{ with: { type: 
'json' } }` as the second argument to dynamic `import()`.
(node:31096) ExperimentalWarning: VM Modules is an experimental feature and might change at any time
(Use `node --trace-warnings ...` to show where the warning was created)
(node:27828) ExperimentalWarning: VM Modules is an experimental feature and might change at any time
(Use `node --trace-warnings ...` to show where the warning was created)
Jest: importing JSON without an import attribute is deprecated and will be a hard error in the next major. Update the 
import of "C:\Users\Usuario\Downloads\Entrypoint-GitHUb\alovida\mantra-core-health-api\src\common\seed\data\bolivia\ins
urance-carriers.dataset.json" (from C:\Users\Usuario\Downloads\Entrypoint-GitHUb\alovida\mantra-core-health-api\src\com
mon\seed\bolivia-insurance.catalog.ts): use `with { type: 'json' }` for static imports, or pass `{ with: { type: 
'json' } }` as the second argument to dynamic `import()`.
Jest: importing JSON without an import attribute is deprecated and will be a hard error in the next major. Update the 
import of "C:\Users\Usuario\Downloads\Entrypoint-GitHUb\alovida\mantra-core-health-api\src\common\seed\data\bolivia\ins
urance-carrier-contact-channels.dataset.json" (from C:\Users\Usuario\Downloads\Entrypoint-GitHUb\alovida\mantra-core-he
alth-api\src\common\seed\bolivia-insurance.catalog.ts): use `with { type: 'json' }` for static imports, or pass `{ 
with: { type: 'json' } }` as the second argument to dynamic `import()`.
Jest: importing JSON without an import attribute is deprecated and will be a hard error in the next major. Update the 
import of "C:\Users\Usuario\Downloads\Entrypoint-GitHUb\alovida\mantra-core-health-api\src\common\seed\data\bolivia\ins
urance-carriers.dataset.json" (from C:\Users\Usuario\Downloads\Entrypoint-GitHUb\alovida\mantra-core-health-api\src\com
mon\seed\bolivia-insurance.catalog.ts): use `with { type: 'json' }` for static imports, or pass `{ with: { type: 
'json' } }` as the second argument to dynamic `import()`.
Jest: importing JSON without an import attribute is deprecated and will be a hard error in the next major. Update the 
import of "C:\Users\Usuario\Downloads\Entrypoint-GitHUb\alovida\mantra-core-health-api\src\common\seed\data\bolivia\ins
urance-carrier-contact-channels.dataset.json" (from C:\Users\Usuario\Downloads\Entrypoint-GitHUb\alovida\mantra-core-he
alth-api\src\common\seed\bolivia-insurance.catalog.ts): use `with { type: 'json' }` for static imports, or pass `{ 
with: { type: 'json' } }` as the second argument to dynamic `import()`.
(node:12692) ExperimentalWarning: VM Modules is an experimental feature and might change at any time
(Use `node --trace-warnings ...` to show where the warning was created)
Jest: importing JSON without an import attribute is deprecated and will be a hard error in the next major. Update the 
import of "C:\Users\Usuario\Downloads\Entrypoint-GitHUb\alovida\mantra-core-health-api\src\common\seed\data\bolivia\hea
lth-facilities.dataset.json" (from C:\Users\Usuario\Downloads\Entrypoint-GitHUb\alovida\mantra-core-health-api\src\comm
on\seed\bolivia-facilities.catalog.ts): use `with { type: 'json' }` for static imports, or pass `{ with: { type: 
'json' } }` as the second argument to dynamic `import()`.
Jest: importing JSON without an import attribute is deprecated and will be a hard error in the next major. Update the 
import of "C:\Users\Usuario\Downloads\Entrypoint-GitHUb\alovida\mantra-core-health-api\src\common\seed\data\bolivia\ins
urance-carriers.dataset.json" (from C:\Users\Usuario\Downloads\Entrypoint-GitHUb\alovida\mantra-core-health-api\src\com
mon\seed\bolivia-insurance.catalog.ts): use `with { type: 'json' }` for static imports, or pass `{ with: { type: 
'json' } }` as the second argument to dynamic `import()`.
Jest: importing JSON without an import attribute is deprecated and will be a hard error in the next major. Update the 
import of "C:\Users\Usuario\Downloads\Entrypoint-GitHUb\alovida\mantra-core-health-api\src\common\seed\data\bolivia\ins
urance-carrier-contact-channels.dataset.json" (from C:\Users\Usuario\Downloads\Entrypoint-GitHUb\alovida\mantra-core-he
alth-api\src\common\seed\bolivia-insurance.catalog.ts): use `with { type: 'json' }` for static imports, or pass `{ 
with: { type: 'json' } }` as the second argument to dynamic `import()`.
(node:25700) ExperimentalWarning: VM Modules is an experimental feature and might change at any time
(Use `node --trace-warnings ...` to show where the warning was created)
(node:6956) ExperimentalWarning: VM Modules is an experimental feature and might change at any time
(Use `node --trace-warnings ...` to show where the warning was created)
Jest: importing JSON without an import attribute is deprecated and will be a hard error in the next major. Update the 
import of "C:\Users\Usuario\Downloads\Entrypoint-GitHUb\alovida\mantra-core-health-api\src\common\seed\data\bolivia\ins
urance-carriers.dataset.json" (from C:\Users\Usuario\Downloads\Entrypoint-GitHUb\alovida\mantra-core-health-api\src\com
mon\seed\bolivia-insurance.catalog.ts): use `with { type: 'json' }` for static imports, or pass `{ with: { type: 
'json' } }` as the second argument to dynamic `import()`.
Jest: importing JSON without an import attribute is deprecated and will be a hard error in the next major. Update the 
import of "C:\Users\Usuario\Downloads\Entrypoint-GitHUb\alovida\mantra-core-health-api\src\common\seed\data\bolivia\ins
urance-carrier-contact-channels.dataset.json" (from C:\Users\Usuario\Downloads\Entrypoint-GitHUb\alovida\mantra-core-he
alth-api\src\common\seed\bolivia-insurance.catalog.ts): use `with { type: 'json' }` for static imports, or pass `{ 
with: { type: 'json' } }` as the second argument to dynamic `import()`.
Jest: importing JSON without an import attribute is deprecated and will be a hard error in the next major. Update the 
import of "C:\Users\Usuario\Downloads\Entrypoint-GitHUb\alovida\mantra-core-health-api\src\common\seed\data\bolivia\ins
urance-carriers.dataset.json" (from C:\Users\Usuario\Downloads\Entrypoint-GitHUb\alovida\mantra-core-health-api\src\com
mon\seed\bolivia-insurance.catalog.ts): use `with { type: 'json' }` for static imports, or pass `{ with: { type: 
'json' } }` as the second argument to dynamic `import()`.
Jest: importing JSON without an import attribute is deprecated and will be a hard error in the next major. Update the 
import of "C:\Users\Usuario\Downloads\Entrypoint-GitHUb\alovida\mantra-core-health-api\src\common\seed\data\bolivia\ins
urance-carrier-contact-channels.dataset.json" (from C:\Users\Usuario\Downloads\Entrypoint-GitHUb\alovida\mantra-core-he
alth-api\src\common\seed\bolivia-insurance.catalog.ts): use `with { type: 'json' }` for static imports, or pass `{ 
with: { type: 'json' } }` as the second argument to dynamic `import()`.
(node:33192) ExperimentalWarning: VM Modules is an experimental feature and might change at any time
(Use `node --trace-warnings ...` to show where the warning was created)
(node:19676) ExperimentalWarning: VM Modules is an experimental feature and might change at any time
(Use `node --trace-warnings ...` to show where the warning was created)
Jest: importing JSON without an import attribute is deprecated and will be a hard error in the next major. Update the 
import of "C:\Users\Usuario\Downloads\Entrypoint-GitHUb\alovida\mantra-core-health-api\src\common\seed\data\bolivia\ins
urance-carriers.dataset.json" (from C:\Users\Usuario\Downloads\Entrypoint-GitHUb\alovida\mantra-core-health-api\src\com
mon\seed\bolivia-insurance.catalog.ts): use `with { type: 'json' }` for static imports, or pass `{ with: { type: 
'json' } }` as the second argument to dynamic `import()`.
Jest: importing JSON without an import attribute is deprecated and will be a hard error in the next major. Update the 
import of "C:\Users\Usuario\Downloads\Entrypoint-GitHUb\alovida\mantra-core-health-api\src\common\seed\data\bolivia\ins
urance-carrier-contact-channels.dataset.json" (from C:\Users\Usuario\Downloads\Entrypoint-GitHUb\alovida\mantra-core-he
alth-api\src\common\seed\bolivia-insurance.catalog.ts): use `with { type: 'json' }` for static imports, or pass `{ 
with: { type: 'json' } }` as the second argument to dynamic `import()`.
(node:15012) ExperimentalWarning: VM Modules is an experimental feature and might change at any time
(Use `node --trace-warnings ...` to show where the warning was created)
(node:38320) ExperimentalWarning: VM Modules is an experimental feature and might change at any time
(Use `node --trace-warnings ...` to show where the warning was created)
Jest: importing JSON without an import attribute is deprecated and will be a hard error in the next major. Update the 
import of "C:\Users\Usuario\Downloads\Entrypoint-GitHUb\alovida\mantra-core-health-api\src\common\seed\data\clinical-fo
rms\transversal\anamnesis-historia-clinica-general.json" (from C:\Users\Usuario\Downloads\Entrypoint-GitHUb\alovida\man
tra-core-health-api\src\common\seed\data\clinical-forms\catalog.ts): use `with { type: 'json' }` for static imports, 
or pass `{ with: { type: 'json' } }` as the second argument to dynamic `import()`.
Jest: importing JSON without an import attribute is deprecated and will be a hard error in the next major. Update the 
import of "C:\Users\Usuario\Downloads\Entrypoint-GitHUb\alovida\mantra-core-health-api\src\common\seed\data\clinical-fo
rms\transversal\examen-fisico-general.json" (from C:\Users\Usuario\Downloads\Entrypoint-GitHUb\alovida\mantra-core-heal
th-api\src\common\seed\data\clinical-forms\catalog.ts): use `with { type: 'json' }` for static imports, or pass `{ 
with: { type: 'json' } }` as the second argument to dynamic `import()`.
Jest: importing JSON without an import attribute is deprecated and will be a hard error in the next major. Update the 
import of "C:\Users\Usuario\Downloads\Entrypoint-GitHUb\alovida\mantra-core-health-api\src\common\seed\data\clinical-fo
rms\transversal\consentimiento-informado.json" (from C:\Users\Usuario\Downloads\Entrypoint-GitHUb\alovida\mantra-core-h
ealth-api\src\common\seed\data\clinical-forms\catalog.ts): use `with { type: 'json' }` for static imports, or pass `{ 
with: { type: 'json' } }` as the second argument to dynamic `import()`.
Jest: importing JSON without an import attribute is deprecated and will be a hard error in the next major. Update the 
import of "C:\Users\Usuario\Downloads\Entrypoint-GitHUb\alovida\mantra-core-health-api\src\common\seed\data\clinical-fo
rms\transversal\epicrisis-resumen-de-egreso.json" (from C:\Users\Usuario\Downloads\Entrypoint-GitHUb\alovida\mantra-cor
e-health-api\src\common\seed\data\clinical-forms\catalog.ts): use `with { type: 'json' }` for static imports, or pass 
`{ with: { type: 'json' } }` as the second argument to dynamic `import()`.
Jest: importing JSON without an import attribute is deprecated and will be a hard error in the next major. Update the 
import of "C:\Users\Usuario\Downloads\Entrypoint-GitHUb\alovida\mantra-core-health-api\src\common\seed\data\clinical-fo
rms\cardiologia\ficha-cardiologica-base.json" (from C:\Users\Usuario\Downloads\Entrypoint-GitHUb\alovida\mantra-core-he
alth-api\src\common\seed\data\clinical-forms\catalog.ts): use `with { type: 'json' }` for static imports, or pass `{ 
with: { type: 'json' } }` as the second argument to dynamic `import()`.
Jest: importing JSON without an import attribute is deprecated and will be a hard error in the next major. Update the 
import of "C:\Users\Usuario\Downloads\Entrypoint-GitHUb\alovida\mantra-core-health-api\src\common\seed\data\clinical-fo
rms\cardiologia\riesgo-cardiovascular-oms.json" (from C:\Users\Usuario\Downloads\Entrypoint-GitHUb\alovida\mantra-core-
health-api\src\common\seed\data\clinical-forms\catalog.ts): use `with { type: 'json' }` for static imports, or pass `{ 
with: { type: 'json' } }` as the second argument to dynamic `import()`.
Jest: importing JSON without an import attribute is deprecated and will be a hard error in the next major. Update the 
import of "C:\Users\Usuario\Downloads\Entrypoint-GitHUb\alovida\mantra-core-health-api\src\common\seed\data\clinical-fo
rms\pediatria\control-de-nino-sano.json" (from C:\Users\Usuario\Downloads\Entrypoint-GitHUb\alovida\mantra-core-health-
api\src\common\seed\data\clinical-forms\catalog.ts): use `with { type: 'json' }` for static imports, or pass `{ with: 
{ type: 'json' } }` as the second argument to dynamic `import()`.
Jest: importing JSON without an import attribute is deprecated and will be a hard error in the next major. Update the 
import of "C:\Users\Usuario\Downloads\Entrypoint-GitHUb\alovida\mantra-core-health-api\src\common\seed\data\clinical-fo
rms\pediatria\curvas-de-crecimiento-oms.json" (from C:\Users\Usuario\Downloads\Entrypoint-GitHUb\alovida\mantra-core-he
alth-api\src\common\seed\data\clinical-forms\catalog.ts): use `with { type: 'json' }` for static imports, or pass `{ 
with: { type: 'json' } }` as the second argument to dynamic `import()`.
Jest: importing JSON without an import attribute is deprecated and will be a hard error in the next major. Update the 
import of "C:\Users\Usuario\Downloads\Entrypoint-GitHUb\alovida\mantra-core-health-api\src\common\seed\data\clinical-fo
rms\ginecologia-obstetricia\control-prenatal-hcp.json" (from C:\Users\Usuario\Downloads\Entrypoint-GitHUb\alovida\mantr
a-core-health-api\src\common\seed\data\clinical-forms\catalog.ts): use `with { type: 'json' }` for static imports, or 
pass `{ with: { type: 'json' } }` as the second argument to dynamic `import()`.
Jest: importing JSON without an import attribute is deprecated and will be a hard error in the next major. Update the 
import of "C:\Users\Usuario\Downloads\Entrypoint-GitHUb\alovida\mantra-core-health-api\src\common\seed\data\clinical-fo
rms\traumatologia\evaluacion-musculoesqueletica.json" (from C:\Users\Usuario\Downloads\Entrypoint-GitHUb\alovida\mantra
-core-health-api\src\common\seed\data\clinical-forms\catalog.ts): use `with { type: 'json' }` for static imports, or 
pass `{ with: { type: 'json' } }` as the second argument to dynamic `import()`.
Jest: importing JSON without an import attribute is deprecated and will be a hard error in the next major. Update the 
import of "C:\Users\Usuario\Downloads\Entrypoint-GitHUb\alovida\mantra-core-health-api\src\common\seed\data\clinical-fo
rms\oftalmologia\examen-oftalmologico-basico.json" (from C:\Users\Usuario\Downloads\Entrypoint-GitHUb\alovida\mantra-co
re-health-api\src\common\seed\data\clinical-forms\catalog.ts): use `with { type: 'json' }` for static imports, or pass 
`{ with: { type: 'json' } }` as the second argument to dynamic `import()`.
Jest: importing JSON without an import attribute is deprecated and will be a hard error in the next major. Update the 
import of "C:\Users\Usuario\Downloads\Entrypoint-GitHUb\alovida\mantra-core-health-api\src\common\seed\data\clinical-fo
rms\odontologia\odontograma-oms.json" (from C:\Users\Usuario\Downloads\Entrypoint-GitHUb\alovida\mantra-core-health-api
\src\common\seed\data\clinical-forms\catalog.ts): use `with { type: 'json' }` for static imports, or pass `{ with: { 
type: 'json' } }` as the second argument to dynamic `import()`.
Jest: importing JSON without an import attribute is deprecated and will be a hard error in the next major. Update the 
import of "C:\Users\Usuario\Downloads\Entrypoint-GitHUb\alovida\mantra-core-health-api\src\common\seed\data\clinical-fo
rms\psiquiatria\evaluacion-de-salud-mental.json" (from C:\Users\Usuario\Downloads\Entrypoint-GitHUb\alovida\mantra-core
-health-api\src\common\seed\data\clinical-forms\catalog.ts): use `with { type: 'json' }` for static imports, or pass 
`{ with: { type: 'json' } }` as the second argument to dynamic `import()`.
Jest: importing JSON without an import attribute is deprecated and will be a hard error in the next major. Update the 
import of "C:\Users\Usuario\Downloads\Entrypoint-GitHUb\alovida\mantra-core-health-api\src\common\seed\data\clinical-fo
rms\dermatologia\examen-dermatologico.json" (from C:\Users\Usuario\Downloads\Entrypoint-GitHUb\alovida\mantra-core-heal
th-api\src\common\seed\data\clinical-forms\catalog.ts): use `with { type: 'json' }` for static imports, or pass `{ 
with: { type: 'json' } }` as the second argument to dynamic `import()`.
Jest: importing JSON without an import attribute is deprecated and will be a hard error in the next major. Update the 
import of "C:\Users\Usuario\Downloads\Entrypoint-GitHUb\alovida\mantra-core-health-api\src\common\seed\data\clinical-fo
rms\medicina-interna\evaluacion-de-medicina-interna.json" (from C:\Users\Usuario\Downloads\Entrypoint-GitHUb\alovida\ma
ntra-core-health-api\src\common\seed\data\clinical-forms\catalog.ts): use `with { type: 'json' }` for static imports, 
or pass `{ with: { type: 'json' } }` as the second argument to dynamic `import()`.
Jest: importing JSON without an import attribute is deprecated and will be a hard error in the next major. Update the 
import of "C:\Users\Usuario\Downloads\Entrypoint-GitHUb\alovida\mantra-core-health-api\src\common\seed\data\clinical-fo
rms\medicina-general\consulta-de-medicina-general.json" (from C:\Users\Usuario\Downloads\Entrypoint-GitHUb\alovida\mant
ra-core-health-api\src\common\seed\data\clinical-forms\catalog.ts): use `with { type: 'json' }` for static imports, or 
pass `{ with: { type: 'json' } }` as the second argument to dynamic `import()`.
Jest: importing JSON without an import attribute is deprecated and will be a hard error in the next major. Update the 
import of "C:\Users\Usuario\Downloads\Entrypoint-GitHUb\alovida\mantra-core-health-api\src\common\seed\data\clinical-fo
rms\medicina-familiar\consulta-de-medicina-familiar.json" (from C:\Users\Usuario\Downloads\Entrypoint-GitHUb\alovida\ma
ntra-core-health-api\src\common\seed\data\clinical-forms\catalog.ts): use `with { type: 'json' }` for static imports, 
or pass `{ with: { type: 'json' } }` as the second argument to dynamic `import()`.
Jest: importing JSON without an import attribute is deprecated and will be a hard error in the next major. Update the 
import of "C:\Users\Usuario\Downloads\Entrypoint-GitHUb\alovida\mantra-core-health-api\src\common\seed\data\clinical-fo
rms\neurologia\evaluacion-neurologica.json" (from C:\Users\Usuario\Downloads\Entrypoint-GitHUb\alovida\mantra-core-heal
th-api\src\common\seed\data\clinical-forms\catalog.ts): use `with { type: 'json' }` for static imports, or pass `{ 
with: { type: 'json' } }` as the second argument to dynamic `import()`.
Jest: importing JSON without an import attribute is deprecated and will be a hard error in the next major. Update the 
import of "C:\Users\Usuario\Downloads\Entrypoint-GitHUb\alovida\mantra-core-health-api\src\common\seed\data\clinical-fo
rms\endocrinologia\evaluacion-endocrinologica.json" (from C:\Users\Usuario\Downloads\Entrypoint-GitHUb\alovida\mantra-c
ore-health-api\src\common\seed\data\clinical-forms\catalog.ts): use `with { type: 'json' }` for static imports, or 
pass `{ with: { type: 'json' } }` as the second argument to dynamic `import()`.
Jest: importing JSON without an import attribute is deprecated and will be a hard error in the next major. Update the 
import of "C:\Users\Usuario\Downloads\Entrypoint-GitHUb\alovida\mantra-core-health-api\src\common\seed\data\clinical-fo
rms\gastroenterologia\evaluacion-gastroenterologica.json" (from C:\Users\Usuario\Downloads\Entrypoint-GitHUb\alovida\ma
ntra-core-health-api\src\common\seed\data\clinical-forms\catalog.ts): use `with { type: 'json' }` for static imports, 
or pass `{ with: { type: 'json' } }` as the second argument to dynamic `import()`.
Jest: importing JSON without an import attribute is deprecated and will be a hard error in the next major. Update the 
import of "C:\Users\Usuario\Downloads\Entrypoint-GitHUb\alovida\mantra-core-health-api\src\common\seed\data\clinical-fo
rms\neumologia\evaluacion-neumologica.json" (from C:\Users\Usuario\Downloads\Entrypoint-GitHUb\alovida\mantra-core-heal
th-api\src\common\seed\data\clinical-forms\catalog.ts): use `with { type: 'json' }` for static imports, or pass `{ 
with: { type: 'json' } }` as the second argument to dynamic `import()`.
Jest: importing JSON without an import attribute is deprecated and will be a hard error in the next major. Update the 
import of "C:\Users\Usuario\Downloads\Entrypoint-GitHUb\alovida\mantra-core-health-api\src\common\seed\data\clinical-fo
rms\nefrologia\evaluacion-nefrologica.json" (from C:\Users\Usuario\Downloads\Entrypoint-GitHUb\alovida\mantra-core-heal
th-api\src\common\seed\data\clinical-forms\catalog.ts): use `with { type: 'json' }` for static imports, or pass `{ 
with: { type: 'json' } }` as the second argument to dynamic `import()`.
Jest: importing JSON without an import attribute is deprecated and will be a hard error in the next major. Update the 
import of "C:\Users\Usuario\Downloads\Entrypoint-GitHUb\alovida\mantra-core-health-api\src\common\seed\data\clinical-fo
rms\reumatologia\evaluacion-reumatologica.json" (from C:\Users\Usuario\Downloads\Entrypoint-GitHUb\alovida\mantra-core-
health-api\src\common\seed\data\clinical-forms\catalog.ts): use `with { type: 'json' }` for static imports, or pass `{ 
with: { type: 'json' } }` as the second argument to dynamic `import()`.
Jest: importing JSON without an import attribute is deprecated and will be a hard error in the next major. Update the 
import of "C:\Users\Usuario\Downloads\Entrypoint-GitHUb\alovida\mantra-core-health-api\src\common\seed\data\clinical-fo
rms\infectologia\evaluacion-infectologica.json" (from C:\Users\Usuario\Downloads\Entrypoint-GitHUb\alovida\mantra-core-
health-api\src\common\seed\data\clinical-forms\catalog.ts): use `with { type: 'json' }` for static imports, or pass `{ 
with: { type: 'json' } }` as the second argument to dynamic `import()`.
Jest: importing JSON without an import attribute is deprecated and will be a hard error in the next major. Update the 
import of "C:\Users\Usuario\Downloads\Entrypoint-GitHUb\alovida\mantra-core-health-api\src\common\seed\data\clinical-fo
rms\geriatria\valoracion-geriatrica.json" (from C:\Users\Usuario\Downloads\Entrypoint-GitHUb\alovida\mantra-core-health
-api\src\common\seed\data\clinical-forms\catalog.ts): use `with { type: 'json' }` for static imports, or pass `{ with: 
{ type: 'json' } }` as the second argument to dynamic `import()`.
Jest: importing JSON without an import attribute is deprecated and will be a hard error in the next major. Update the 
import of "C:\Users\Usuario\Downloads\Entrypoint-GitHUb\alovida\mantra-core-health-api\src\common\seed\data\clinical-fo
rms\oncologia\evaluacion-oncologica.json" (from C:\Users\Usuario\Downloads\Entrypoint-GitHUb\alovida\mantra-core-health
-api\src\common\seed\data\clinical-forms\catalog.ts): use `with { type: 'json' }` for static imports, or pass `{ with: 
{ type: 'json' } }` as the second argument to dynamic `import()`.
Jest: importing JSON without an import attribute is deprecated and will be a hard error in the next major. Update the 
import of "C:\Users\Usuario\Downloads\Entrypoint-GitHUb\alovida\mantra-core-health-api\src\common\seed\data\clinical-fo
rms\hematologia\evaluacion-hematologica.json" (from C:\Users\Usuario\Downloads\Entrypoint-GitHUb\alovida\mantra-core-he
alth-api\src\common\seed\data\clinical-forms\catalog.ts): use `with { type: 'json' }` for static imports, or pass `{ 
with: { type: 'json' } }` as the second argument to dynamic `import()`.
Jest: importing JSON without an import attribute is deprecated and will be a hard error in the next major. Update the 
import of "C:\Users\Usuario\Downloads\Entrypoint-GitHUb\alovida\mantra-core-health-api\src\common\seed\data\clinical-fo
rms\medicina-intensiva\evaluacion-en-medicina-intensiva.json" (from C:\Users\Usuario\Downloads\Entrypoint-GitHUb\alovid
a\mantra-core-health-api\src\common\seed\data\clinical-forms\catalog.ts): use `with { type: 'json' }` for static 
imports, or pass `{ with: { type: 'json' } }` as the second argument to dynamic `import()`.
Jest: importing JSON without an import attribute is deprecated and will be a hard error in the next major. Update the 
import of "C:\Users\Usuario\Downloads\Entrypoint-GitHUb\alovida\mantra-core-health-api\src\common\seed\data\clinical-fo
rms\medicina-emergencia\atencion-en-emergencia.json" (from C:\Users\Usuario\Downloads\Entrypoint-GitHUb\alovida\mantra-
core-health-api\src\common\seed\data\clinical-forms\catalog.ts): use `with { type: 'json' }` for static imports, or 
pass `{ with: { type: 'json' } }` as the second argument to dynamic `import()`.
Jest: importing JSON without an import attribute is deprecated and will be a hard error in the next major. Update the 
import of "C:\Users\Usuario\Downloads\Entrypoint-GitHUb\alovida\mantra-core-health-api\src\common\seed\data\clinical-fo
rms\cirugia-general\evaluacion-de-cirugia-general.json" (from C:\Users\Usuario\Downloads\Entrypoint-GitHUb\alovida\mant
ra-core-health-api\src\common\seed\data\clinical-forms\catalog.ts): use `with { type: 'json' }` for static imports, or 
pass `{ with: { type: 'json' } }` as the second argument to dynamic `import()`.
Jest: importing JSON without an import attribute is deprecated and will be a hard error in the next major. Update the 
import of "C:\Users\Usuario\Downloads\Entrypoint-GitHUb\alovida\mantra-core-health-api\src\common\seed\data\clinical-fo
rms\urologia\evaluacion-urologica.json" (from C:\Users\Usuario\Downloads\Entrypoint-GitHUb\alovida\mantra-core-health-a
pi\src\common\seed\data\clinical-forms\catalog.ts): use `with { type: 'json' }` for static imports, or pass `{ with: { 
type: 'json' } }` as the second argument to dynamic `import()`.
Jest: importing JSON without an import attribute is deprecated and will be a hard error in the next major. Update the 
import of "C:\Users\Usuario\Downloads\Entrypoint-GitHUb\alovida\mantra-core-health-api\src\common\seed\data\clinical-fo
rms\otorrinolaringologia\evaluacion-otorrinolaringologica.json" (from C:\Users\Usuario\Downloads\Entrypoint-GitHUb\alov
ida\mantra-core-health-api\src\common\seed\data\clinical-forms\catalog.ts): use `with { type: 'json' }` for static 
imports, or pass `{ with: { type: 'json' } }` as the second argument to dynamic `import()`.
Jest: importing JSON without an import attribute is deprecated and will be a hard error in the next major. Update the 
import of "C:\Users\Usuario\Downloads\Entrypoint-GitHUb\alovida\mantra-core-health-api\src\common\seed\data\clinical-fo
rms\anestesiologia\valoracion-preanestesica.json" (from C:\Users\Usuario\Downloads\Entrypoint-GitHUb\alovida\mantra-cor
e-health-api\src\common\seed\data\clinical-forms\catalog.ts): use `with { type: 'json' }` for static imports, or pass 
`{ with: { type: 'json' } }` as the second argument to dynamic `import()`.
Jest: importing JSON without an import attribute is deprecated and will be a hard error in the next major. Update the 
import of "C:\Users\Usuario\Downloads\Entrypoint-GitHUb\alovida\mantra-core-health-api\src\common\seed\data\clinical-fo
rms\radiologia\informe-de-estudio-por-imagenes.json" (from C:\Users\Usuario\Downloads\Entrypoint-GitHUb\alovida\mantra-
core-health-api\src\common\seed\data\clinical-forms\catalog.ts): use `with { type: 'json' }` for static imports, or 
pass `{ with: { type: 'json' } }` as the second argument to dynamic `import()`.
Jest: importing JSON without an import attribute is deprecated and will be a hard error in the next major. Update the 
import of "C:\Users\Usuario\Downloads\Entrypoint-GitHUb\alovida\mantra-core-health-api\src\common\seed\data\clinical-fo
rms\patologia-clinica\informe-de-patologia.json" (from C:\Users\Usuario\Downloads\Entrypoint-GitHUb\alovida\mantra-core
-health-api\src\common\seed\data\clinical-forms\catalog.ts): use `with { type: 'json' }` for static imports, or pass 
`{ with: { type: 'json' } }` as the second argument to dynamic `import()`.
Jest: importing JSON without an import attribute is deprecated and will be a hard error in the next major. Update the 
import of "C:\Users\Usuario\Downloads\Entrypoint-GitHUb\alovida\mantra-core-health-api\src\common\seed\data\clinical-fo
rms\bioquimica-clinica\informe-de-laboratorio.json" (from C:\Users\Usuario\Downloads\Entrypoint-GitHUb\alovida\mantra-c
ore-health-api\src\common\seed\data\clinical-forms\catalog.ts): use `with { type: 'json' }` for static imports, or 
pass `{ with: { type: 'json' } }` as the second argument to dynamic `import()`.
Jest: importing JSON without an import attribute is deprecated and will be a hard error in the next major. Update the 
import of "C:\Users\Usuario\Downloads\Entrypoint-GitHUb\alovida\mantra-core-health-api\src\common\seed\data\clinical-fo
rms\medicina-deportiva\evaluacion-de-medicina-deportiva.json" (from C:\Users\Usuario\Downloads\Entrypoint-GitHUb\alovid
a\mantra-core-health-api\src\common\seed\data\clinical-forms\catalog.ts): use `with { type: 'json' }` for static 
imports, or pass `{ with: { type: 'json' } }` as the second argument to dynamic `import()`.
Jest: importing JSON without an import attribute is deprecated and will be a hard error in the next major. Update the 
import of "C:\Users\Usuario\Downloads\Entrypoint-GitHUb\alovida\mantra-core-health-api\src\common\seed\data\clinical-fo
rms\psicologia-clinica\evaluacion-psicologica.json" (from C:\Users\Usuario\Downloads\Entrypoint-GitHUb\alovida\mantra-c
ore-health-api\src\common\seed\data\clinical-forms\catalog.ts): use `with { type: 'json' }` for static imports, or 
pass `{ with: { type: 'json' } }` as the second argument to dynamic `import()`.
Jest: importing JSON without an import attribute is deprecated and will be a hard error in the next major. Update the 
import of "C:\Users\Usuario\Downloads\Entrypoint-GitHUb\alovida\mantra-core-health-api\src\common\seed\data\clinical-fo
rms\nutricion\evaluacion-nutricional.json" (from C:\Users\Usuario\Downloads\Entrypoint-GitHUb\alovida\mantra-core-healt
h-api\src\common\seed\data\clinical-forms\catalog.ts): use `with { type: 'json' }` for static imports, or pass `{ 
with: { type: 'json' } }` as the second argument to dynamic `import()`.
Jest: importing JSON without an import attribute is deprecated and will be a hard error in the next major. Update the 
import of "C:\Users\Usuario\Downloads\Entrypoint-GitHUb\alovida\mantra-core-health-api\src\common\seed\data\clinical-fo
rms\fisioterapia\evaluacion-kinesiologica.json" (from C:\Users\Usuario\Downloads\Entrypoint-GitHUb\alovida\mantra-core-
health-api\src\common\seed\data\clinical-forms\catalog.ts): use `with { type: 'json' }` for static imports, or pass `{ 
with: { type: 'json' } }` as the second argument to dynamic `import()`.
Jest: importing JSON without an import attribute is deprecated and will be a hard error in the next major. Update the 
import of "C:\Users\Usuario\Downloads\Entrypoint-GitHUb\alovida\mantra-core-health-api\src\common\seed\data\clinical-fo
rms\enfermeria\valoracion-de-enfermeria.json" (from C:\Users\Usuario\Downloads\Entrypoint-GitHUb\alovida\mantra-core-he
alth-api\src\common\seed\data\clinical-forms\catalog.ts): use `with { type: 'json' }` for static imports, or pass `{ 
with: { type: 'json' } }` as the second argument to dynamic `import()`.
Jest: importing JSON without an import attribute is deprecated and will be a hard error in the next major. Update the 
import of "C:\Users\Usuario\Downloads\Entrypoint-GitHUb\alovida\mantra-core-health-api\src\common\seed\data\clinical-fo
rms\obstetricia\control-obstetrico.json" (from C:\Users\Usuario\Downloads\Entrypoint-GitHUb\alovida\mantra-core-health-
api\src\common\seed\data\clinical-forms\catalog.ts): use `with { type: 'json' }` for static imports, or pass `{ with: 
{ type: 'json' } }` as the second argument to dynamic `import()`.
Jest: importing JSON without an import attribute is deprecated and will be a hard error in the next major. Update the 
import of "C:\Users\Usuario\Downloads\Entrypoint-GitHUb\alovida\mantra-core-health-api\src\common\seed\data\clinical-fo
rms\odontologia\anamnesis-odontologica.json" (from C:\Users\Usuario\Downloads\Entrypoint-GitHUb\alovida\mantra-core-hea
lth-api\src\common\seed\data\clinical-forms\catalog.ts): use `with { type: 'json' }` for static imports, or pass `{ 
with: { type: 'json' } }` as the second argument to dynamic `import()`.
(node:38872) ExperimentalWarning: VM Modules is an experimental feature and might change at any time
(Use `node --trace-warnings ...` to show where the warning was created)
(node:24940) ExperimentalWarning: VM Modules is an experimental feature and might change at any time
(Use `node --trace-warnings ...` to show where the warning was created)
(node:25160) ExperimentalWarning: VM Modules is an experimental feature and might change at any time
(Use `node --trace-warnings ...` to show where the warning was created)
Jest: importing JSON without an import attribute is deprecated and will be a hard error in the next major. Update the 
import of "C:\Users\Usuario\Downloads\Entrypoint-GitHUb\alovida\mantra-core-health-api\src\common\seed\data\bolivia\ins
urance-carriers.dataset.json" (from C:\Users\Usuario\Downloads\Entrypoint-GitHUb\alovida\mantra-core-health-api\src\com
mon\seed\bolivia-insurance.catalog.ts): use `with { type: 'json' }` for static imports, or pass `{ with: { type: 
'json' } }` as the second argument to dynamic `import()`.
Jest: importing JSON without an import attribute is deprecated and will be a hard error in the next major. Update the 
import of "C:\Users\Usuario\Downloads\Entrypoint-GitHUb\alovida\mantra-core-health-api\src\common\seed\data\bolivia\ins
urance-carrier-contact-channels.dataset.json" (from C:\Users\Usuario\Downloads\Entrypoint-GitHUb\alovida\mantra-core-he
alth-api\src\common\seed\bolivia-insurance.catalog.ts): use `with { type: 'json' }` for static imports, or pass `{ 
with: { type: 'json' } }` as the second argument to dynamic `import()`.
(node:22552) ExperimentalWarning: VM Modules is an experimental feature and might change at any time
(Use `node --trace-warnings ...` to show where the warning was created)
(node:29712) ExperimentalWarning: VM Modules is an experimental feature and might change at any time
(Use `node --trace-warnings ...` to show where the warning was created)
(node:8000) ExperimentalWarning: VM Modules is an experimental feature and might change at any time
(Use `node --trace-warnings ...` to show where the warning was created)
(node:37804) ExperimentalWarning: VM Modules is an experimental feature and might change at any time
(Use `node --trace-warnings ...` to show where the warning was created)
(node:15260) ExperimentalWarning: VM Modules is an experimental feature and might change at any time
(Use `node --trace-warnings ...` to show where the warning was created)
(node:35612) ExperimentalWarning: VM Modules is an experimental feature and might change at any time
(Use `node --trace-warnings ...` to show where the warning was created)
Jest: importing JSON without an import attribute is deprecated and will be a hard error in the next major. Update the 
import of "C:\Users\Usuario\Downloads\Entrypoint-GitHUb\alovida\mantra-core-health-api\src\common\seed\data\bolivia\ins
urance-carriers.dataset.json" (from C:\Users\Usuario\Downloads\Entrypoint-GitHUb\alovida\mantra-core-health-api\src\com
mon\seed\bolivia-insurance.catalog.ts): use `with { type: 'json' }` for static imports, or pass `{ with: { type: 
'json' } }` as the second argument to dynamic `import()`.
Jest: importing JSON without an import attribute is deprecated and will be a hard error in the next major. Update the 
import of "C:\Users\Usuario\Downloads\Entrypoint-GitHUb\alovida\mantra-core-health-api\src\common\seed\data\bolivia\ins
urance-carrier-contact-channels.dataset.json" (from C:\Users\Usuario\Downloads\Entrypoint-GitHUb\alovida\mantra-core-he
alth-api\src\common\seed\bolivia-insurance.catalog.ts): use `with { type: 'json' }` for static imports, or pass `{ 
with: { type: 'json' } }` as the second argument to dynamic `import()`.
(node:11820) ExperimentalWarning: VM Modules is an experimental feature and might change at any time
(Use `node --trace-warnings ...` to show where the warning was created)
(node:36524) ExperimentalWarning: VM Modules is an experimental feature and might change at any time
(Use `node --trace-warnings ...` to show where the warning was created)
(node:15924) ExperimentalWarning: VM Modules is an experimental feature and might change at any time
(Use `node --trace-warnings ...` to show where the warning was created)
Jest: importing JSON without an import attribute is deprecated and will be a hard error in the next major. Update the 
import of "C:\Users\Usuario\Downloads\Entrypoint-GitHUb\alovida\mantra-core-health-api\src\common\seed\data\bolivia\hea
lth-facilities.dataset.json" (from C:\Users\Usuario\Downloads\Entrypoint-GitHUb\alovida\mantra-core-health-api\src\comm
on\seed\bolivia-facilities.catalog.ts): use `with { type: 'json' }` for static imports, or pass `{ with: { type: 
'json' } }` as the second argument to dynamic `import()`.
(node:16424) ExperimentalWarning: VM Modules is an experimental feature and might change at any time
(Use `node --trace-warnings ...` to show where the warning was created)
(node:37068) ExperimentalWarning: VM Modules is an experimental feature and might change at any time
(Use `node --trace-warnings ...` to show where the warning was created)
(node:18724) ExperimentalWarning: VM Modules is an experimental feature and might change at any time
(Use `node --trace-warnings ...` to show where the warning was created)
(node:27880) ExperimentalWarning: VM Modules is an experimental feature and might change at any time
(Use `node --trace-warnings ...` to show where the warning was created)
(node:21864) ExperimentalWarning: VM Modules is an experimental feature and might change at any time
(Use `node --trace-warnings ...` to show where the warning was created)
(node:35376) ExperimentalWarning: VM Modules is an experimental feature and might change at any time
(Use `node --trace-warnings ...` to show where the warning was created)
(node:31480) ExperimentalWarning: VM Modules is an experimental feature and might change at any time
(Use `node --trace-warnings ...` to show where the warning was created)
(node:22784) ExperimentalWarning: VM Modules is an experimental feature and might change at any time
(Use `node --trace-warnings ...` to show where the warning was created)
Jest: importing JSON without an import attribute is deprecated and will be a hard error in the next major. Update the 
import of "C:\Users\Usuario\Downloads\Entrypoint-GitHUb\alovida\mantra-core-health-api\src\common\seed\data\bolivia\ins
urance-carriers.dataset.json" (from C:\Users\Usuario\Downloads\Entrypoint-GitHUb\alovida\mantra-core-health-api\src\com
mon\seed\bolivia-insurance.catalog.ts): use `with { type: 'json' }` for static imports, or pass `{ with: { type: 
'json' } }` as the second argument to dynamic `import()`.
Jest: importing JSON without an import attribute is deprecated and will be a hard error in the next major. Update the 
import of "C:\Users\Usuario\Downloads\Entrypoint-GitHUb\alovida\mantra-core-health-api\src\common\seed\data\bolivia\ins
urance-carrier-contact-channels.dataset.json" (from C:\Users\Usuario\Downloads\Entrypoint-GitHUb\alovida\mantra-core-he
alth-api\src\common\seed\bolivia-insurance.catalog.ts): use `with { type: 'json' }` for static imports, or pass `{ 
with: { type: 'json' } }` as the second argument to dynamic `import()`.
(node:34676) ExperimentalWarning: VM Modules is an experimental feature and might change at any time
(Use `node --trace-warnings ...` to show where the warning was created)
(node:33944) ExperimentalWarning: VM Modules is an experimental feature and might change at any time
(Use `node --trace-warnings ...` to show where the warning was created)
Jest: importing JSON without an import attribute is deprecated and will be a hard error in the next major. Update the 
import of "C:\Users\Usuario\Downloads\Entrypoint-GitHUb\alovida\mantra-core-health-api\src\common\seed\data\bolivia\ins
urance-carriers.dataset.json" (from C:\Users\Usuario\Downloads\Entrypoint-GitHUb\alovida\mantra-core-health-api\src\com
mon\seed\bolivia-insurance.catalog.ts): use `with { type: 'json' }` for static imports, or pass `{ with: { type: 
'json' } }` as the second argument to dynamic `import()`.
Jest: importing JSON without an import attribute is deprecated and will be a hard error in the next major. Update the 
import of "C:\Users\Usuario\Downloads\Entrypoint-GitHUb\alovida\mantra-core-health-api\src\common\seed\data\bolivia\ins
urance-carrier-contact-channels.dataset.json" (from C:\Users\Usuario\Downloads\Entrypoint-GitHUb\alovida\mantra-core-he
alth-api\src\common\seed\bolivia-insurance.catalog.ts): use `with { type: 'json' }` for static imports, or pass `{ 
with: { type: 'json' } }` as the second argument to dynamic `import()`.
(node:16756) ExperimentalWarning: VM Modules is an experimental feature and might change at any time
(Use `node --trace-warnings ...` to show where the warning was created)
(node:35412) ExperimentalWarning: VM Modules is an experimental feature and might change at any time
(Use `node --trace-warnings ...` to show where the warning was created)
Jest: importing JSON without an import attribute is deprecated and will be a hard error in the next major. Update the 
import of "C:\Users\Usuario\Downloads\Entrypoint-GitHUb\alovida\mantra-core-health-api\src\common\seed\data\bolivia\ins
urance-carriers.dataset.json" (from C:\Users\Usuario\Downloads\Entrypoint-GitHUb\alovida\mantra-core-health-api\src\com
mon\seed\bolivia-insurance.catalog.ts): use `with { type: 'json' }` for static imports, or pass `{ with: { type: 
'json' } }` as the second argument to dynamic `import()`.
Jest: importing JSON without an import attribute is deprecated and will be a hard error in the next major. Update the 
import of "C:\Users\Usuario\Downloads\Entrypoint-GitHUb\alovida\mantra-core-health-api\src\common\seed\data\bolivia\ins
urance-carrier-contact-channels.dataset.json" (from C:\Users\Usuario\Downloads\Entrypoint-GitHUb\alovida\mantra-core-he
alth-api\src\common\seed\bolivia-insurance.catalog.ts): use `with { type: 'json' }` for static imports, or pass `{ 
with: { type: 'json' } }` as the second argument to dynamic `import()`.
(node:5896) ExperimentalWarning: VM Modules is an experimental feature and might change at any time
(Use `node --trace-warnings ...` to show where the warning was created)
(node:19652) ExperimentalWarning: VM Modules is an experimental feature and might change at any time
(Use `node --trace-warnings ...` to show where the warning was created)
(node:23884) ExperimentalWarning: VM Modules is an experimental feature and might change at any time
(Use `node --trace-warnings ...` to show where the warning was created)
(node:6848) ExperimentalWarning: VM Modules is an experimental feature and might change at any time
(Use `node --trace-warnings ...` to show where the warning was created)
Jest: importing JSON without an import attribute is deprecated and will be a hard error in the next major. Update the 
import of "C:\Users\Usuario\Downloads\Entrypoint-GitHUb\alovida\mantra-core-health-api\src\common\seed\data\bolivia\ins
urance-carriers.dataset.json" (from C:\Users\Usuario\Downloads\Entrypoint-GitHUb\alovida\mantra-core-health-api\src\com
mon\seed\bolivia-insurance.catalog.ts): use `with { type: 'json' }` for static imports, or pass `{ with: { type: 
'json' } }` as the second argument to dynamic `import()`.
Jest: importing JSON without an import attribute is deprecated and will be a hard error in the next major. Update the 
import of "C:\Users\Usuario\Downloads\Entrypoint-GitHUb\alovida\mantra-core-health-api\src\common\seed\data\bolivia\ins
urance-carrier-contact-channels.dataset.json" (from C:\Users\Usuario\Downloads\Entrypoint-GitHUb\alovida\mantra-core-he
alth-api\src\common\seed\bolivia-insurance.catalog.ts): use `with { type: 'json' }` for static imports, or pass `{ 
with: { type: 'json' } }` as the second argument to dynamic `import()`.
(node:38692) ExperimentalWarning: VM Modules is an experimental feature and might change at any time
(Use `node --trace-warnings ...` to show where the warning was created)
Jest: importing JSON without an import attribute is deprecated and will be a hard error in the next major. Update the 
import of "C:\Users\Usuario\Downloads\Entrypoint-GitHUb\alovida\mantra-core-health-api\src\common\seed\data\vademecum\v
ademecum.dataset.json" (from C:\Users\Usuario\Downloads\Entrypoint-GitHUb\alovida\mantra-core-health-api\src\common\see
d\vademecum-seed.service.spec.ts): use `with { type: 'json' }` for static imports, or pass `{ with: { type: 'json' } 
}` as the second argument to dynamic `import()`.
Jest: importing JSON without an import attribute is deprecated and will be a hard error in the next major. Update the 
import of "C:\Users\Usuario\Downloads\Entrypoint-GitHUb\alovida\mantra-core-health-api\src\common\seed\data\vademecum\v
ademecum.dataset.json" (from C:\Users\Usuario\Downloads\Entrypoint-GitHUb\alovida\mantra-core-health-api\src\common\see
d\vademecum-seed.service.ts): use `with { type: 'json' }` for static imports, or pass `{ with: { type: 'json' } }` as 
the second argument to dynamic `import()`.
Jest: importing JSON without an import attribute is deprecated and will be a hard error in the next major. Update the 
import of "C:\Users\Usuario\Downloads\Entrypoint-GitHUb\alovida\mantra-core-health-api\src\common\seed\data\bolivia\ins
urance-carriers.dataset.json" (from C:\Users\Usuario\Downloads\Entrypoint-GitHUb\alovida\mantra-core-health-api\src\com
mon\seed\bolivia-insurance.catalog.ts): use `with { type: 'json' }` for static imports, or pass `{ with: { type: 
'json' } }` as the second argument to dynamic `import()`.
Jest: importing JSON without an import attribute is deprecated and will be a hard error in the next major. Update the 
import of "C:\Users\Usuario\Downloads\Entrypoint-GitHUb\alovida\mantra-core-health-api\src\common\seed\data\bolivia\ins
urance-carrier-contact-channels.dataset.json" (from C:\Users\Usuario\Downloads\Entrypoint-GitHUb\alovida\mantra-core-he
alth-api\src\common\seed\bolivia-insurance.catalog.ts): use `with { type: 'json' }` for static imports, or pass `{ 
with: { type: 'json' } }` as the second argument to dynamic `import()`.
(node:25804) ExperimentalWarning: VM Modules is an experimental feature and might change at any time
(Use `node --trace-warnings ...` to show where the warning was created)
[Nest] 25804  - 25/09/2026, 9:05:38 p. m.    WARN [RedisThrottlerStorage] Redis no responde; el rate limit se degrada a memoria por réplica: conexión perdida
Jest: importing JSON without an import attribute is deprecated and will be a hard error in the next major. Update the 
import of "C:\Users\Usuario\Downloads\Entrypoint-GitHUb\alovida\mantra-core-health-api\src\common\seed\data\bolivia\ins
urance-carriers.dataset.json" (from C:\Users\Usuario\Downloads\Entrypoint-GitHUb\alovida\mantra-core-health-api\src\com
mon\seed\bolivia-insurance.catalog.ts): use `with { type: 'json' }` for static imports, or pass `{ with: { type: 
'json' } }` as the second argument to dynamic `import()`.
Jest: importing JSON without an import attribute is deprecated and will be a hard error in the next major. Update the 
import of "C:\Users\Usuario\Downloads\Entrypoint-GitHUb\alovida\mantra-core-health-api\src\common\seed\data\bolivia\ins
urance-carrier-contact-channels.dataset.json" (from C:\Users\Usuario\Downloads\Entrypoint-GitHUb\alovida\mantra-core-he
alth-api\src\common\seed\bolivia-insurance.catalog.ts): use `with { type: 'json' }` for static imports, or pass `{ 
with: { type: 'json' } }` as the second argument to dynamic `import()`.
Jest: importing JSON without an import attribute is deprecated and will be a hard error in the next major. Update the 
import of "C:\Users\Usuario\Downloads\Entrypoint-GitHUb\alovida\mantra-core-health-api\src\common\seed\data\bolivia\hea
lth-facilities.dataset.json" (from C:\Users\Usuario\Downloads\Entrypoint-GitHUb\alovida\mantra-core-health-api\src\comm
on\seed\bolivia-facilities.catalog.spec.ts): use `with { type: 'json' }` for static imports, or pass `{ with: { type: 
'json' } }` as the second argument to dynamic `import()`.
---------------------------------------------------------|---------|----------|---------|---------|---------------------------------------------------------------------------------------------------------------------------------------------------------------------
File                                                     | % Stmts | % Branch | % Funcs | % Lines | Uncovered Line #s                                                                                                                                                   
---------------------------------------------------------|---------|----------|---------|---------|---------------------------------------------------------------------------------------------------------------------------------------------------------------------
All files                                                |   73.39 |    67.52 |   58.37 |   74.32 |                                                                                                                                                                     
 src                                                     |   90.24 |    82.35 |   78.94 |   89.74 |                                                                                                                                                                     
  app-readiness.service.ts                               |   97.05 |    82.35 |    92.3 |   96.87 | 106                                                                                                                                                                 
  app.controller.ts                                      |      50 |      100 |      40 |      50 | 51-67                                                                                                                                                               
  app.service.ts                                         |     100 |      100 |     100 |     100 |                                                                                                                                                                     
 src/common                                              |     100 |    69.23 |     100 |     100 |                                                                                                                                                                     
  build-info.ts                                          |     100 |    69.23 |     100 |     100 | 39-40                                                                                                                                                               
 src/common/auth                                         |   87.14 |     79.8 |   87.87 |   86.82 |                                                                                                                                                                     
  auth.env.ts                                            |    87.5 |    76.92 |     100 |    87.5 | 93                                                                                                                                                                  
  current-user.decorator.ts                              |      20 |        0 |       0 |      20 | 20-26                                                                                                                                                               
  jwt-auth.guard.ts                                      |       0 |        0 |       0 |       0 | 19-36                                                                                                                                                               
  jwt.strategy.ts                                        |   83.33 |       50 |     100 |   83.33 | 55                                                                                                                                                                  
  public.decorator.ts                                    |     100 |      100 |     100 |     100 |                                                                                                                                                                     
  refresh-cookie.ts                                      |     100 |      100 |     100 |     100 |                                                                                                                                                                     
  requires-verified-identity.decorator.ts                |   66.66 |      100 |       0 |   66.66 | 16                                                                                                                                                                  
  roles.decorator.ts                                     |     100 |      100 |     100 |     100 |                                                                                                                                                                     
  roles.guard.ts                                         |     100 |    94.44 |     100 |     100 | 35                                                                                                                                                                  
  session-validator.ts                                   |     100 |      100 |     100 |     100 |                                                                                                                                                                     
  tenant-scope.guard.ts                                  |   86.66 |       75 |     100 |    92.3 | 29                                                                                                                                                                  
  token.service.ts                                       |     100 |    72.22 |     100 |     100 | 83,97,147-148                                                                                                                                                       
  verified-identity.guard.ts                             |     100 |      100 |     100 |     100 |                                                                                                                                                                     
  ws-jwt.guard.ts                                        |   71.42 |     62.5 |     100 |   71.42 | 51,60,64,71                                                                                                                                                         
 src/common/constants                                    |     100 |      100 |     100 |     100 |                                                                                                                                                                     
  concept-code.ts                                        |     100 |      100 |     100 |     100 |                                                                                                                                                                     
  concepts.ts                                            |     100 |      100 |     100 |     100 |                                                                                                                                                                     
 src/common/crypto                                       |    92.3 |    66.66 |     100 |   94.73 |                                                                                                                                                                     
  dev-secret.ts                                          |      75 |    57.14 |     100 |      75 | 36                                                                                                                                                                  
  secret-cipher.ts                                       |   92.59 |    55.55 |     100 |   92.59 | 53,91                                                                                                                                                               
  secret-ref.ts                                          |   94.73 |    86.66 |     100 |     100 | 39,43                                                                                                                                                               
  webhook-signature.ts                                   |   93.33 |    57.14 |     100 |     100 | 22-46                                                                                                                                                               
 src/common/dto                                          |   22.22 |       50 |      25 |   22.22 |                                                                                                                                                                     
  page-response.dto.ts                                   |     100 |       50 |     100 |     100 | 55                                                                                                                                                                  
  pagination-query.dto.ts                                |       0 |      100 |       0 |       0 | 19-62                                                                                                                                                               
 src/common/errors                                       |     100 |        0 |     100 |     100 |                                                                                                                                                                     
  domain.exception.ts                                    |     100 |        0 |     100 |     100 | 40-135                                                                                                                                                              
  error-codes.ts                                         |     100 |      100 |     100 |     100 |                                                                                                                                                                     
 src/common/filters                                      |   85.21 |    78.76 |   93.33 |   87.15 |                                                                                                                                                                     
  all-exceptions.filter.ts                               |   85.21 |    78.76 |   93.33 |   87.15 | 287,299,355-356,390-395,409-417,423-428                                                                                                                             
 src/common/http                                         |   84.23 |    70.27 |   89.83 |   85.99 |                                                                                                                                                                     
  http-dispatcher.service.ts                             |   95.74 |    82.14 |     100 |   95.12 | 226,232                                                                                                                                                             
  parse-optional-date.pipe.ts                            |       0 |        0 |       0 |       0 | 35-43                                                                                                                                                               
  parse-optional-limit.pipe.ts                           |   14.28 |       10 |      50 |   14.28 | 25-34                                                                                                                                                               
  parse-uuid-list.pipe.ts                                |    12.5 |    11.11 |      20 |   14.28 | 51-79                                                                                                                                                               
  public-cache.interceptor.ts                            |   97.95 |    86.66 |     100 |     100 | 116,139,180-187                                                                                                                                                     
  public-cache.store.ts                                  |     100 |       90 |     100 |     100 | 66                                                                                                                                                                  
  ssrf-guard.ts                                          |      91 |    77.77 |     100 |   95.06 | 137-138,154,169                                                                                                                                                     
 src/common/money                                        |     100 |      100 |     100 |     100 |                                                                                                                                                                     
  decimal-money.ts                                       |     100 |      100 |     100 |     100 |                                                                                                                                                                     
 src/common/pagination                                   |     100 |      100 |     100 |     100 |                                                                                                                                                                     
  keyset-cursor.ts                                       |     100 |      100 |     100 |     100 |                                                                                                                                                                     
 src/common/persistence                                  |     100 |      100 |     100 |     100 |                                                                                                                                                                     
  audit-fields.ts                                        |     100 |      100 |     100 |     100 |                                                                                                                                                                     
 src/common/resilience                                   |   97.86 |    92.59 |     100 |   98.59 |                                                                                                                                                                     
  bulkhead.ts                                            |   97.14 |    77.77 |     100 |   96.96 | 130                                                                                                                                                                 
  circuit-breaker.ts                                     |   97.29 |    95.65 |     100 |   98.55 | 254                                                                                                                                                                 
  mutex-registry.ts                                      |     100 |     92.3 |     100 |     100 | 97                                                                                                                                                                  
  resilience.errors.ts                                   |     100 |      100 |     100 |     100 |                                                                                                                                                                     
  retry.ts                                               |   96.29 |    89.47 |     100 |   96.15 | 148                                                                                                                                                                 
  transient-error.ts                                     |   96.96 |    95.65 |     100 |     100 | 112,121                                                                                                                                                             
  with-timeout.ts                                        |     100 |       95 |     100 |     100 | 53                                                                                                                                                                  
 src/common/runtime                                      |   93.93 |    86.36 |   85.71 |     100 |                                                                                                                                                                     
  process-guards.ts                                      |   97.43 |    91.66 |   91.66 |     100 | 60                                                                                                                                                                  
  shutdown-watchdog.ts                                   |   88.88 |       80 |   77.77 |     100 | 53-56                                                                                                                                                               
 src/common/security                                     |   94.87 |     87.5 |     100 |   94.73 |                                                                                                                                                                     
  app-security.env.ts                                    |     100 |      100 |     100 |     100 |                                                                                                                                                                     
  redis-throttler.storage.ts                             |   94.28 |     87.5 |     100 |   94.11 | 98-99                                                                                                                                                               
 src/common/seed                                         |   68.44 |    58.56 |   71.19 |   69.04 |                                                                                                                                                                     
  audio-assets-seed.service.ts                           |   14.28 |        0 |       0 |   15.38 | 67-154                                                                                                                                                              
  authz-clinical-roles-seed.service.ts                   |      15 |        0 |       0 |   16.66 | 63-114                                                                                                                                                              
  authz-platform-permissions-seed.service.ts             |   10.52 |        0 |       0 |   11.76 | 50-106                                                                                                                                                              
  bo-employers-seed.service.ts                           |   97.53 |    88.88 |     100 |   98.66 | 229                                                                                                                                                                 
  bo-employers.catalog.ts                                |     100 |      100 |     100 |     100 |                                                                                                                                                                     
  bo-geography-seed.service.ts                           |   96.91 |    80.55 |     100 |   97.31 | 247,258,268,281                                                                                                                                                     
  bo-geography.catalog.ts                                |   97.36 |      100 |   95.23 |   97.36 | 1302                                                                                                                                                                
  bo-occupations-seed.service.ts                         |   97.53 |    88.88 |     100 |   98.66 | 225                                                                                                                                                                 
  bo-occupations.catalog.ts                              |     100 |      100 |     100 |     100 |                                                                                                                                                                     
  bolivia-facilities-seed.service.ts                     |       0 |        0 |       0 |       0 | 80-356                                                                                                                                                              
  bolivia-facilities.catalog.ts                          |      65 |      100 |       0 |      65 | 124,128,134,138,142,149,158                                                                                                                                         
  bolivia-fee-schedule-seed.service.ts                   |    1.16 |        0 |       0 |    1.31 | 91-364                                                                                                                                                              
  bolivia-fee-schedule.catalog.ts                        |   69.56 |      100 |   22.22 |   69.56 | 129,133,139,143,147,151,161                                                                                                                                         
  bolivia-insurance-seed.service.ts                      |    1.25 |        0 |       0 |    1.36 | 33-378                                                                                                                                                              
  bolivia-insurance.catalog.ts                           |     100 |     87.5 |     100 |     100 | 332                                                                                                                                                                 
  bootstrap-admin-seed.service.ts                        |   97.91 |       90 |     100 |     100 | 43,116,221                                                                                                                                                          
  clinical-forms-seed.service.ts                         |      90 |    74.13 |     100 |   91.79 | 223,454,667-689                                                                                                                                                     
  concept-seed.ts                                        |     100 |      100 |     100 |     100 |                                                                                                                                                                     
  dynamic-enum-catalog.ts                                |     100 |      100 |     100 |     100 |                                                                                                                                                                     
  dynamic-enum-seed.service.ts                           |   95.91 |    83.33 |     100 |   96.47 | 366,374,385                                                                                                                                                         
  glossary-seed.service.ts                               |    98.9 |    96.15 |     100 |   99.41 | 281                                                                                                                                                                 
  glossary-taxonomy.ts                                   |   93.33 |       50 |     100 |   92.85 | 213,222                                                                                                                                                             
  glossary-terms.catalog.ts                              |     100 |      100 |     100 |     100 |                                                                                                                                                                     
  identity-verification-seed.service.ts                  |       0 |        0 |       0 |       0 | 46-235                                                                                                                                                              
  legal-entity-types-seed.service.ts                     |     100 |      100 |     100 |     100 |                                                                                                                                                                     
  messaging-seed.service.ts                              |       2 |        0 |       0 |       2 | 57-357                                                                                                                                                              
  module-concepts.ts                                     |     100 |      100 |     100 |     100 |                                                                                                                                                                     
  patient-portal-proxy-seed.service.ts                   |     100 |      100 |     100 |     100 |                                                                                                                                                                     
  practice-default-services-seed.service.ts              |     100 |    83.33 |     100 |     100 | 82                                                                                                                                                                  
  provider-accounts-seed.service.ts                      |    2.38 |        0 |       0 |    2.63 | 84-250                                                                                                                                                              
  provider-accounts.catalog.ts                           |     100 |      100 |     100 |     100 |                                                                                                                                                                     
  seed-boot.env.ts                                       |     100 |      100 |     100 |     100 |                                                                                                                                                                     
  seed-bootstrap.service.ts                              |   98.95 |       96 |     100 |     100 | 102                                                                                                                                                                 
  terminology-designations.es.ts                         |     100 |      100 |     100 |     100 |                                                                                                                                                                     
  terminology-seed.service.ts                            |    1.13 |        0 |       0 |     1.2 | 38-464                                                                                                                                                              
  vademecum-seed.service.ts                              |     100 |    74.35 |     100 |     100 | 97-98,191-200,202,232,244-245,271-283,330-342,383,454-455,458-459                                                                                                   
 src/common/seed/data/clinical-forms                     |   88.88 |    83.33 |     100 |   88.88 |                                                                                                                                                                     
  catalog.ts                                             |   88.88 |    83.33 |     100 |   88.88 | 185                                                                                                                                                                 
 src/common/storage                                      |   64.36 |    67.13 |   74.04 |   65.89 |                                                                                                                                                                     
  file-storage.adapter.ts                                |     100 |      100 |     100 |     100 |                                                                                                                                                                     
  local-disk-file-storage.adapter.ts                     |   76.19 |    65.38 |   84.61 |   78.04 | 72,94,102,111-113,116-127,191-201                                                                                                                                   
  physical-object-identity.ts                            |   90.62 |    95.89 |     100 |     100 | 37,90,117                                                                                                                                                           
  s3-file-storage.adapter.ts                             |   79.24 |    78.48 |   85.71 |   82.17 | 68,81,112-126,156,233-250,310                                                                                                                                       
  storage-lifecycle-coordinator.service.ts               |   39.28 |    37.11 |   51.06 |    40.9 | 60,66,108,114,186-228,240,324-632,696,702                                                                                                                           
  storage-lifecycle.protocol.ts                          |   86.11 |    88.05 |     100 |   86.11 | 73,97,102,107,109                                                                                                                                                   
  storage-publication.service.ts                         |   45.45 |    40.32 |   58.33 |   47.94 | 44,69-71,112,123,134-200,206                                                                                                                                        
  storage-reference-resolver.service.ts                  |   88.88 |    83.33 |     100 |   88.46 | 38,60,77                                                                                                                                                            
  storage-reference.repository.ts                        |   89.47 |    84.84 |     100 |   89.18 | 47,107,130,147                                                                                                                                                      
  storage-worker-publication.service.ts                  |   69.35 |    75.38 |   71.42 |   69.35 | 70,82,88-108,127,137,142,144,147,153-157,163,180,185                                                                                                                
  storage.env.ts                                         |   84.61 |    95.83 |     100 |    90.9 | 80                                                                                                                                                                  
  upload-content-type.ts                                 |   97.56 |     90.9 |     100 |   97.05 | 109                                                                                                                                                                 
 src/common/tenant                                       |   89.02 |    83.01 |   90.47 |    88.6 |                                                                                                                                                                     
  tenant-agnostic.decorator.ts                           |     100 |      100 |     100 |     100 |                                                                                                                                                                     
  tenant-context.interceptor.ts                          |   81.08 |       85 |      75 |   80.55 | 99,108,132-142                                                                                                                                                      
  tenant-context.ts                                      |     100 |      100 |     100 |     100 |                                                                                                                                                                     
  tenant-resolution.ts                                   |   95.83 |    77.27 |     100 |   95.45 | 95                                                                                                                                                                  
  tenant-scope.ts                                        |    90.9 |    88.88 |     100 |    90.9 | 43                                                                                                                                                                  
 src/common/verification                                 |     100 |      100 |     100 |     100 |                                                                                                                                                                     
  verification-bypass.env.ts                             |     100 |      100 |     100 |     100 |                                                                                                                                                                     
  verification-bypass.service.ts                         |     100 |      100 |     100 |     100 |                                                                                                                                                                     
 src/logging                                             |   47.05 |    57.14 |   28.57 |   47.05 |                                                                                                                                                                     
  logging.env.ts                                         |      80 |    66.66 |     100 |      80 | 71                                                                                                                                                                  
  pino-options.ts                                        |   33.33 |       50 |   16.66 |   33.33 | 46-50,77-85                                                                                                                                                         
 src/modules/accounting                                  |     100 |      100 |     100 |     100 |                                                                                                                                                                     
  accounting.concepts.ts                                 |     100 |      100 |     100 |     100 |                                                                                                                                                                     
 src/modules/accounting/controllers                      |   64.81 |      100 |   64.15 |   64.81 |                                                                                                                                                                     
  accounting-accrual.controller.ts                       |     100 |      100 |     100 |     100 |                                                                                                                                                                     
  accounting-asset.controller.ts                         |     100 |      100 |     100 |     100 |                                                                                                                                                                     
  accounting-cockpit.controller.ts                       |     100 |      100 |     100 |     100 |                                                                                                                                                                     
  accounting-exchange-rate.controller.ts                 |     100 |      100 |     100 |     100 |                                                                                                                                                                     
  accounting-fiscal.controller.ts                        |     100 |      100 |     100 |     100 |                                                                                                                                                                     
  accounting-ledger.controller.ts                        |   63.15 |      100 |   61.11 |   63.15 | 79-163                                                                                                                                                              
  accounting-liability.controller.ts                     |     100 |      100 |     100 |     100 |                                                                                                                                                                     
  accounting-practitioner.controller.ts                  |       0 |      100 |       0 |       0 | 47-194                                                                                                                                                              
  accounting-subledger.controller.ts                     |     100 |      100 |     100 |     100 |                                                                                                                                                                     
 src/modules/accounting/dto                              |   38.46 |      100 |       0 |   38.46 |                                                                                                                                                                     
  accrual.dto.ts                                         |       0 |      100 |       0 |       0 | 129                                                                                                                                                                 
  fiscal.dto.ts                                          |       0 |      100 |       0 |       0 | 86                                                                                                                                                                  
  journal.dto.ts                                         |   33.33 |      100 |       0 |   33.33 | 221-390                                                                                                                                                             
  ledger-read.dto.ts                                     |      40 |      100 |       0 |      40 | 75-363                                                                                                                                                              
  practitioner-entry.dto.ts                              |     100 |      100 |     100 |     100 |                                                                                                                                                                     
  subledger.dto.ts                                       |       0 |      100 |       0 |       0 | 192                                                                                                                                                                 
 src/modules/accounting/repositories                     |       0 |        0 |       0 |       0 |                                                                                                                                                                     
  accounting-controlling.repository.ts                   |       0 |      100 |       0 |       0 | 23-74                                                                                                                                                               
  accounts.repository.ts                                 |       0 |        0 |       0 |       0 | 73-168                                                                                                                                                              
  accrual.repository.ts                                  |       0 |        0 |       0 |       0 | 24-281                                                                                                                                                              
  asset.repository.ts                                    |       0 |        0 |       0 |       0 | 24-464                                                                                                                                                              
  exchange-rate.repository.ts                            |       0 |      100 |       0 |       0 | 16-59                                                                                                                                                               
  fiscal.repository.ts                                   |       0 |        0 |       0 |       0 | 17-226                                                                                                                                                              
  journal.repository.ts                                  |       0 |        0 |       0 |       0 | 215-644                                                                                                                                                             
  liability.repository.ts                                |       0 |        0 |       0 |       0 | 22-296                                                                                                                                                              
  subledger.repository.ts                                |       0 |        0 |       0 |       0 | 33-308                                                                                                                                                              
 src/modules/accounting/services                         |   73.39 |    50.48 |    71.9 |   73.97 |                                                                                                                                                                     
  accounting-read.service.ts                             |   87.13 |    63.41 |    89.7 |   89.47 | 183-203,285-294,390,406,511,525-531,539,713,762                                                                                                                     
  accrual.service.ts                                     |   97.61 |    77.77 |     100 |   97.56 | 151                                                                                                                                                                 
  asset.service.ts                                       |    87.5 |    65.71 |   83.33 |   94.11 | 89,100,171                                                                                                                                                          
  concept-codes.ts                                       |   66.66 |       30 |     100 |   54.54 | 17,34-37,43,49                                                                                                                                                      
  exchange-rate.service.ts                               |     100 |      100 |     100 |     100 |                                                                                                                                                                     
  fiscal.service.ts                                      |     100 |      100 |     100 |     100 |                                                                                                                                                                     
  journal-classification.ts                              |     100 |      100 |     100 |     100 |                                                                                                                                                                     
  ledger-read.service.ts                                 |   29.53 |    22.88 |   20.37 |    29.1 | 94-122,154,186,231,414-827                                                                                                                                          
  ledger.service.ts                                      |   89.44 |     75.7 |   97.43 |   89.28 | 141,202,305,482,490,500,609-631,686-712,890,1003                                                                                                                    
  liability-amortization.ts                              |     100 |      100 |     100 |     100 |                                                                                                                                                                     
  liability.service.ts                                   |   85.45 |       50 |     100 |   85.45 | 73,90,98-103,193-197                                                                                                                                                
  money.ts                                               |      90 |    63.15 |     100 |   89.47 | 14,60                                                                                                                                                               
  posting.helper.ts                                      |       0 |        0 |       0 |       0 | 116-201                                                                                                                                                             
  practitioner-accounting.service.ts                     |    55.1 |     28.2 |   65.38 |   55.71 | 79,107-331,373,416-419,599,667-678                                                                                                                                  
  subledger.service.ts                                   |      92 |       70 |     100 |   91.83 | 119,134,154,167                                                                                                                                                     
 src/modules/ads/controllers                             |     100 |      100 |     100 |     100 |                                                                                                                                                                     
  ads.controller.ts                                      |     100 |      100 |     100 |     100 |                                                                                                                                                                     
 src/modules/ads/dto                                     |   48.14 |      100 |       0 |   48.14 |                                                                                                                                                                     
  ads.dto.ts                                             |   48.14 |      100 |       0 |   48.14 | 413,626-800,975,1187-1351,1605-1785,1949,2326-2584                                                                                                                  
 src/modules/ads/repositories                            |       0 |        0 |       0 |       0 |                                                                                                                                                                     
  ads-accounts.repository.ts                             |       0 |        0 |       0 |       0 | 285-866                                                                                                                                                             
  ads-campaigns.repository.ts                            |       0 |        0 |       0 |       0 | 299-1005                                                                                                                                                            
  ads-data.repository.ts                                 |       0 |      100 |       0 |       0 | 237-1429                                                                                                                                                            
  ads-insights-config.repository.ts                      |       0 |      100 |       0 |       0 | 29-105                                                                                                                                                              
  ads-optimization.repository.ts                         |       0 |      100 |       0 |       0 | 179-855                                                                                                                                                             
 src/modules/ads/services                                |   91.05 |    77.08 |   96.96 |   91.98 |                                                                                                                                                                     
  ads-accounts.service.ts                                |   96.59 |     92.5 |     100 |   96.59 | 124,196,254                                                                                                                                                         
  ads-campaigns.service.ts                               |   94.44 |     81.3 |     100 |    95.2 | 158,315,411,475,486,551                                                                                                                                             
  ads-data.service.ts                                    |   96.48 |    79.41 |   91.66 |   96.44 | 209,389,526,683,844,853,863                                                                                                                                         
  ads-optimization.service.ts                            |   82.14 |     67.4 |     100 |   84.11 | 155,184-199,266,452,541,686,807-827,836-837,841-845                                                                                                                 
 src/modules/audio_assets                                |    64.7 |       75 |   57.14 |      70 |                                                                                                                                                                     
  audio-assets.facade.ts                                 |       0 |      100 |       0 |       0 | 12-17                                                                                                                                                               
  audio-content.service.ts                               |      65 |    61.11 |     100 |      75 | 51-54                                                                                                                                                               
  audio.env.ts                                           |      75 |    78.37 |      50 |      75 | 69,121,126                                                                                                                                                          
 src/modules/audio_assets/application                    |   22.35 |    20.91 |   30.95 |   23.27 |                                                                                                                                                                     
  audio-asset-resolution.mapper.ts                       |   86.95 |    67.74 |     100 |   90.47 | 84,133                                                                                                                                                              
  audio-budget.policy.ts                                 |       0 |        0 |       0 |       0 | 19-74                                                                                                                                                               
  audio-generation.use-case.ts                           |       0 |        0 |       0 |       0 | 33-185                                                                                                                                                              
  audio-maintenance.service.ts                           |       0 |        0 |       0 |       0 | 17-136                                                                                                                                                              
  audio-resolution-events.ts                             |     100 |       50 |     100 |     100 | 21                                                                                                                                                                  
  pregenerate-audio-assets.use-case.ts                   |     2.7 |        0 |       0 |    3.12 | 12-109                                                                                                                                                              
  resolve-audio-asset.use-case.ts                        |      50 |     41.3 |   66.66 |   50.76 | 66,86-115,157-167,179-203,213-219,237-239,258,288-290                                                                                                               
 src/modules/audio_assets/controllers                    |       0 |        0 |       0 |       0 |                                                                                                                                                                     
  audio-assets-internal.controller.ts                    |       0 |        0 |       0 |       0 | 27-98                                                                                                                                                               
  audio-assets.controller.ts                             |       0 |        0 |       0 |       0 | 24-51                                                                                                                                                               
 src/modules/audio_assets/domain                         |   67.46 |    58.69 |   94.44 |   66.66 |                                                                                                                                                                     
  audio-asset-key.ts                                     |     100 |      100 |     100 |     100 |                                                                                                                                                                     
  audio-queue.constants.ts                               |     100 |      100 |     100 |     100 |                                                                                                                                                                     
  dynamic-value-normalizer.ts                            |   63.15 |    55.88 |   88.88 |   62.16 | 31-33,39,65,69-87                                                                                                                                                   
  template-renderer.ts                                   |      80 |       50 |     100 |   78.94 | 42-48,57                                                                                                                                                            
  tts-provider.errors.ts                                 |   52.94 |      100 |     100 |   52.94 | 25-34,41-42                                                                                                                                                         
  tts-provider.port.ts                                   |       0 |      100 |     100 |       0 | 33                                                                                                                                                                  
 src/modules/audio_assets/infrastructure                 |   35.29 |    83.33 |   18.18 |   35.29 |                                                                                                                                                                     
  audio-job-queue.adapter.ts                             |       0 |      100 |       0 |       0 | 12-32                                                                                                                                                               
  audio-metrics.service.ts                               |       0 |      100 |       0 |       0 | 7-56                                                                                                                                                                
  audio-value-cipher.service.ts                          |    92.3 |    83.33 |     100 |    92.3 | 38                                                                                                                                                                  
 src/modules/audio_assets/repositories                   |       0 |        0 |       0 |       0 |                                                                                                                                                                     
  audio-assets.repository.queries.ts                     |       0 |        0 |       0 |       0 | 19-286                                                                                                                                                              
  audio-assets.repository.ts                             |       0 |        0 |       0 |       0 | 35-307                                                                                                                                                              
  audio-maintenance.repository.ts                        |       0 |        0 |       0 |       0 | 7-69                                                                                                                                                                
 src/modules/audit                                       |     100 |      100 |     100 |     100 |                                                                                                                                                                     
  audit.concepts.ts                                      |     100 |      100 |     100 |     100 |                                                                                                                                                                     
 src/modules/audit/controllers                           |     100 |      100 |     100 |     100 |                                                                                                                                                                     
  audit.controller.ts                                    |     100 |      100 |     100 |     100 |                                                                                                                                                                     
  compliance.controller.ts                               |     100 |      100 |     100 |     100 |                                                                                                                                                                     
  moderation.controller.ts                               |     100 |      100 |     100 |     100 |                                                                                                                                                                     
  privacy.controller.ts                                  |     100 |      100 |     100 |     100 |                                                                                                                                                                     
 src/modules/audit/dto                                   |   85.71 |      100 |       0 |   85.71 |                                                                                                                                                                     
  dsar.dto.ts                                            |     100 |      100 |     100 |     100 |                                                                                                                                                                     
  integrity.dto.ts                                       |       0 |      100 |       0 |       0 | 27                                                                                                                                                                  
  moderation.dto.ts                                      |     100 |      100 |     100 |     100 |                                                                                                                                                                     
  third-party-access.dto.ts                              |     100 |      100 |     100 |     100 |                                                                                                                                                                     
 src/modules/audit/repositories                          |   18.46 |    36.73 |      20 |   20.68 |                                                                                                                                                                     
  analytics-governance-log.repository.ts                 |       0 |        0 |       0 |       0 | 46-54                                                                                                                                                               
  audit-log.repository.ts                                |   91.66 |    85.71 |   83.33 |   91.66 | 203                                                                                                                                                                 
  data-access-log.repository.ts                          |       0 |        0 |       0 |       0 | 98-163                                                                                                                                                              
  dsar-requests.repository.ts                            |       0 |      100 |       0 |       0 | 39-44                                                                                                                                                               
  history.repository.ts                                  |    2.77 |        0 |       0 |    3.33 | 142-281                                                                                                                                                             
  moderation.repository.ts                               |       0 |        0 |       0 |       0 | 77-102                                                                                                                                                              
  third-party-access.repository.ts                       |       0 |      100 |       0 |       0 | 168-251                                                                                                                                                             
 src/modules/audit/services                              |   92.89 |    79.12 |   93.75 |   92.89 |                                                                                                                                                                     
  audit-events.service.ts                                |   96.49 |       85 |     100 |   96.49 | 208-209                                                                                                                                                             
  audit-history.service.ts                               |     100 |       75 |     100 |     100 | 67                                                                                                                                                                  
  audit-trail.service.ts                                 |       0 |        0 |       0 |       0 | 39-51                                                                                                                                                               
  compliance.service.ts                                  |     100 |    83.33 |     100 |     100 | 90,113,142,199                                                                                                                                                      
  moderation.service.ts                                  |     100 |      100 |     100 |     100 |                                                                                                                                                                     
  third-party-access.service.ts                          |      75 |       60 |     100 |      75 | 99-125                                                                                                                                                              
 src/modules/auth_providers/controllers                  |     100 |      100 |     100 |     100 |                                                                                                                                                                     
  auth-providers.controller.ts                           |     100 |      100 |     100 |     100 |                                                                                                                                                                     
 src/modules/auth_providers/dto                          |   66.66 |      100 |       0 |   66.66 |                                                                                                                                                                     
  auth-providers.dto.ts                                  |   66.66 |      100 |       0 |   66.66 | 331-569                                                                                                                                                             
 src/modules/auth_providers/repositories                 |       0 |      100 |       0 |       0 |                                                                                                                                                                     
  auth-providers.repository.ts                           |       0 |      100 |       0 |       0 | 291-992                                                                                                                                                             
 src/modules/auth_providers/services                     |   99.37 |    94.88 |     100 |     100 |                                                                                                                                                                     
  auth-providers-config.service.ts                       |     100 |    97.41 |     100 |     100 | 203,378,534                                                                                                                                                         
  federated-login.service.ts                             |   98.87 |    92.75 |     100 |     100 | 114,167,216,283,310,670-671,700-718,763                                                                                                                             
 src/modules/authz                                       |     100 |      100 |     100 |     100 |                                                                                                                                                                     
  authz.concepts.ts                                      |     100 |      100 |     100 |     100 |                                                                                                                                                                     
  authz.seed.ts                                          |     100 |      100 |     100 |     100 |                                                                                                                                                                     
 src/modules/authz/controllers                           |   77.41 |      100 |   77.41 |   77.41 |                                                                                                                                                                     
  authz-care-relationships.controller.ts                 |      40 |      100 |      40 |      40 | 63-100,187-224                                                                                                                                                      
  authz-catalog.controller.ts                            |     100 |      100 |     100 |     100 |                                                                                                                                                                     
  authz-clinical.controller.ts                           |     100 |      100 |     100 |     100 |                                                                                                                                                                     
  authz-grants.controller.ts                             |     100 |      100 |     100 |     100 |                                                                                                                                                                     
  authz-pdp.controller.ts                                |     100 |      100 |     100 |     100 |                                                                                                                                                                     
  authz-policies.controller.ts                           |     100 |      100 |     100 |     100 |                                                                                                                                                                     
  authz-roles.controller.ts                              |      80 |      100 |      80 |      80 | 53                                                                                                                                                                  
 src/modules/authz/dto                                   |   51.72 |      100 |       0 |   51.72 |                                                                                                                                                                     
  create-access-policy.dto.ts                            |     100 |      100 |     100 |     100 |                                                                                                                                                                     
  create-care-relationship.dto.ts                        |      50 |      100 |       0 |      50 | 82-95                                                                                                                                                               
  create-clinical-access-grant.dto.ts                    |      50 |      100 |       0 |      50 | 57-101                                                                                                                                                              
  create-legal-representation.dto.ts                     |   33.33 |      100 |       0 |   33.33 | 85-98                                                                                                                                                               
  create-permission-grant.dto.ts                         |       0 |      100 |       0 |       0 | 86-99                                                                                                                                                               
  create-permission.dto.ts                               |     100 |      100 |     100 |     100 |                                                                                                                                                                     
  create-resource-scope-grant.dto.ts                     |      50 |      100 |       0 |      50 | 89-102                                                                                                                                                              
  create-role-assignment.dto.ts                          |       0 |      100 |       0 |       0 | 82-95                                                                                                                                                               
  create-role.dto.ts                                     |     100 |      100 |     100 |     100 |                                                                                                                                                                     
  evaluate-decision.dto.ts                               |     100 |      100 |     100 |     100 |                                                                                                                                                                     
  respond-care-relationship.dto.ts                       |     100 |      100 |     100 |     100 |                                                                                                                                                                     
  set-field-permissions.dto.ts                           |      50 |      100 |       0 |      50 | 94                                                                                                                                                                  
  set-role-permissions.dto.ts                            |       0 |      100 |       0 |       0 | 74                                                                                                                                                                  
 src/modules/authz/repositories                          |    1.49 |    21.87 |    1.75 |    1.56 |                                                                                                                                                                     
  access-policies.repository.ts                          |       0 |        0 |       0 |       0 | 48-81                                                                                                                                                               
  authz-service-principals.repository.ts                 |       0 |      100 |       0 |       0 | 20-42                                                                                                                                                               
  break-glass-sessions.repository.ts                     |       0 |      100 |       0 |       0 | 64                                                                                                                                                                  
  care-relationships.repository.ts                       |       0 |        0 |       0 |       0 | 59-137                                                                                                                                                              
  clinical-access-grants.repository.ts                   |       0 |      100 |       0 |       0 | 68-140                                                                                                                                                              
  field-permissions.repository.ts                        |       0 |        0 |       0 |       0 | 52-72                                                                                                                                                               
  patient-legal-representations.repository.ts            |       0 |      100 |       0 |       0 | 56-109                                                                                                                                                              
  permission-categories.repository.ts                    |       0 |      100 |       0 |       0 | 44-66                                                                                                                                                               
  permissions.repository.ts                              |       0 |        0 |       0 |       0 | 69-94                                                                                                                                                               
  resource-scope-grants.repository.ts                    |       0 |      100 |       0 |       0 | 60-132                                                                                                                                                              
  role-permissions.repository.ts                         |       0 |        0 |       0 |       0 | 46-92                                                                                                                                                               
  roles.repository.ts                                    |       0 |        0 |       0 |       0 | 61-103                                                                                                                                                              
  user-permission-grants.repository.ts                   |       0 |      100 |       0 |       0 | 64-102                                                                                                                                                              
  user-role-assignments.repository.ts                    |   33.33 |     87.5 |   33.33 |   33.33 | 102-123                                                                                                                                                             
 src/modules/authz/services                              |   88.62 |    77.41 |   91.42 |    90.7 |                                                                                                                                                                     
  authz-care-relationships.service.ts                    |   90.83 |    83.82 |      80 |    92.1 | 423-429,458,511,516,539-545                                                                                                                                         
  authz-catalog.service.ts                               |     100 |       80 |     100 |     100 | 109-121                                                                                                                                                             
  authz-clinical.service.ts                              |     100 |      100 |     100 |     100 |                                                                                                                                                                     
  authz-effective-roles.service.ts                       |   96.55 |    86.66 |     100 |     100 | 94-105                                                                                                                                                              
  authz-grants.service.ts                                |   93.87 |    77.77 |     100 |   93.87 | 88,183,238                                                                                                                                                          
  authz-pdp.service.ts                                   |   78.57 |    67.28 |     100 |   83.21 | 209-210,223-230,236-249,265-267,333                                                                                                                                 
  authz-policies.service.ts                              |     100 |      100 |     100 |     100 |                                                                                                                                                                     
  authz-roles.service.ts                                 |   84.12 |    73.07 |   77.77 |   85.48 | 83-84,220,244-249                                                                                                                                                   
 src/modules/automation/controllers                      |     100 |      100 |     100 |     100 |                                                                                                                                                                     
  agent-catalog.controller.ts                            |     100 |      100 |     100 |     100 |                                                                                                                                                                     
  automation-orchestration.controller.ts                 |     100 |      100 |     100 |     100 |                                                                                                                                                                     
 src/modules/automation/dto                              |       0 |      100 |       0 |       0 |                                                                                                                                                                     
  automation.dto.ts                                      |       0 |      100 |       0 |       0 | 467-769                                                                                                                                                             
 src/modules/automation/repositories                     |   40.65 |    58.33 |   15.25 |   39.08 |                                                                                                                                                                     
  agents.repository.ts                                   |       0 |        0 |       0 |       0 | 259-532                                                                                                                                                             
  automation-governance.repository.ts                    |       0 |      100 |       0 |       0 | 230-560                                                                                                                                                             
  automation-runs.repository.ts                          |       0 |        0 |       0 |       0 | 207-485                                                                                                                                                             
  target-record.repository.ts                            |     100 |      100 |     100 |     100 |                                                                                                                                                                     
 src/modules/automation/services                         |   94.01 |    86.45 |     100 |   94.45 |                                                                                                                                                                     
  agent-catalog.service.ts                               |   93.79 |     87.5 |     100 |   94.53 | 170,181,379,454,515,525,613                                                                                                                                         
  automation-definition.service.ts                       |    94.2 |       90 |     100 |    94.2 | 132,184,235,245                                                                                                                                                     
  automation-execution.service.ts                        |      94 |    84.53 |     100 |   94.28 | 151,167,269,288,303,371,482,557,573,690,743,840-841,985                                                                                                             
  record-automation.service.ts                           |   94.25 |    88.23 |     100 |   95.06 | 97,115,262,271                                                                                                                                                      
 src/modules/billing                                     |      90 |       50 |     100 |     100 |                                                                                                                                                                     
  billing.concepts.ts                                    |     100 |      100 |     100 |     100 |                                                                                                                                                                     
  default-services.ts                                    |     100 |      100 |     100 |     100 |                                                                                                                                                                     
  money.util.ts                                          |    87.5 |       50 |     100 |     100 | 12-25                                                                                                                                                               
 src/modules/billing/controllers                         |   96.77 |      100 |   95.45 |   96.77 |                                                                                                                                                                     
  billing-operations.controller.ts                       |     100 |      100 |     100 |     100 |                                                                                                                                                                     
  billing-payables.controller.ts                         |     100 |      100 |     100 |     100 |                                                                                                                                                                     
  billing-receivables.controller.ts                      |     100 |      100 |     100 |     100 |                                                                                                                                                                     
  billing-service-catalog.controller.ts                  |    87.5 |      100 |   83.33 |    87.5 | 159                                                                                                                                                                 
 src/modules/billing/dto                                 |   22.22 |      100 |       0 |   22.22 |                                                                                                                                                                     
  bill.dto.ts                                            |       0 |      100 |       0 |       0 | 201                                                                                                                                                                 
  dunning.dto.ts                                         |       0 |      100 |       0 |       0 | 114                                                                                                                                                                 
  invoice.dto.ts                                         |       0 |      100 |       0 |       0 | 211-294                                                                                                                                                             
  payment-made.dto.ts                                    |       0 |      100 |       0 |       0 | 130                                                                                                                                                                 
  payment-plan.dto.ts                                    |       0 |      100 |       0 |       0 | 64                                                                                                                                                                  
  payment-received.dto.ts                                |       0 |      100 |       0 |       0 | 133                                                                                                                                                                 
  service-catalog.dto.ts                                 |     100 |      100 |     100 |     100 |                                                                                                                                                                     
 src/modules/billing/repositories                        |       0 |        0 |       0 |       0 |                                                                                                                                                                     
  bills.repository.ts                                    |       0 |      100 |       0 |       0 | 137-209                                                                                                                                                             
  document-links.repository.ts                           |       0 |      100 |       0 |       0 | 66                                                                                                                                                                  
  dunning.repository.ts                                  |       0 |      100 |       0 |       0 | 100-135                                                                                                                                                             
  invoices.repository.ts                                 |       0 |      100 |       0 |       0 | 137-237                                                                                                                                                             
  kpi-snapshots.repository.ts                            |       0 |        0 |       0 |       0 | 48-68                                                                                                                                                               
  patient-statements.repository.ts                       |       0 |      100 |       0 |       0 | 70-89                                                                                                                                                               
  payments-made.repository.ts                            |       0 |      100 |       0 |       0 | 93-132                                                                                                                                                              
  payments-received.repository.ts                        |       0 |      100 |       0 |       0 | 97-137                                                                                                                                                              
  reimbursements.repository.ts                           |       0 |      100 |       0 |       0 | 44-55                                                                                                                                                               
  service-catalog.repository.ts                          |       0 |        0 |       0 |       0 | 89-154                                                                                                                                                              
 src/modules/billing/services                            |   94.62 |    75.25 |     100 |   95.06 |                                                                                                                                                                     
  billing-service-catalog.service.ts                     |   97.64 |    86.53 |     100 |   98.76 | 305                                                                                                                                                                 
  bills.service.ts                                       |   97.14 |    73.91 |     100 |   97.14 | 154                                                                                                                                                                 
  dunning.service.ts                                     |     100 |     90.9 |     100 |     100 | 95,117                                                                                                                                                              
  invoices.service.ts                                    |   97.75 |     64.7 |     100 |   97.72 | 274,281                                                                                                                                                             
  kpi-snapshots.service.ts                               |     100 |      100 |     100 |     100 |                                                                                                                                                                     
  ledger.service.ts                                      |   91.66 |    77.77 |     100 |   91.66 | 145-147                                                                                                                                                             
  patient-statements.service.ts                          |     100 |    57.14 |     100 |     100 | 96-140                                                                                                                                                              
  payments-made.service.ts                               |    92.1 |    66.66 |     100 |    92.1 | 67,111,117                                                                                                                                                          
  payments-received.service.ts                           |    92.1 |    68.18 |     100 |    92.1 | 69,113,121                                                                                                                                                          
  procedure-nomenclature.service.ts                      |    87.5 |     82.5 |     100 |   90.69 | 141-142,146-147                                                                                                                                                     
  reconciliation.service.ts                              |   74.28 |       75 |     100 |   74.28 | 92-106                                                                                                                                                              
  reimbursements.service.ts                              |     100 |    64.28 |     100 |     100 | 88-104                                                                                                                                                              
 src/modules/chart                                       |     100 |      100 |     100 |     100 |                                                                                                                                                                     
  chart.concepts.ts                                      |     100 |      100 |     100 |     100 |                                                                                                                                                                     
 src/modules/chart/controllers                           |   94.28 |       25 |      92 |   94.28 |                                                                                                                                                                     
  chart-care-plans.controller.ts                         |     100 |      100 |     100 |     100 |                                                                                                                                                                     
  chart-documents.controller.ts                          |     100 |       50 |     100 |     100 | 97                                                                                                                                                                  
  chart-encounters.controller.ts                         |     100 |      100 |     100 |     100 |                                                                                                                                                                     
  chart-notes.controller.ts                              |     100 |      100 |     100 |     100 |                                                                                                                                                                     
  chart-read.controller.ts                               |       0 |        0 |       0 |       0 | 42-65                                                                                                                                                               
  chart-templates.controller.ts                          |     100 |      100 |     100 |     100 |                                                                                                                                                                     
 src/modules/chart/dto                                   |    37.5 |      100 |       0 |    37.5 |                                                                                                                                                                     
  care-plans.dto.ts                                      |       0 |      100 |       0 |       0 | 148                                                                                                                                                                 
  documents.dto.ts                                       |       0 |      100 |       0 |       0 | 171                                                                                                                                                                 
  notes.dto.ts                                           |      50 |      100 |       0 |      50 | 392-512                                                                                                                                                             
  templates.dto.ts                                       |      50 |      100 |       0 |      50 | 218                                                                                                                                                                 
 src/modules/chart/repositories                          |   27.27 |    28.57 |   19.56 |   30.33 |                                                                                                                                                                     
  care-plans.repository.ts                               |    61.9 |       75 |      40 |   68.42 | 92-108,181-235                                                                                                                                                      
  chart-templates.repository.ts                          |       0 |        0 |       0 |       0 | 132-282                                                                                                                                                             
  clinical-notes.repository.ts                           |    2.32 |        0 |    5.55 |    2.63 | 231-261,305-523                                                                                                                                                     
  documents.repository.ts                                |   68.42 |       75 |      50 |   76.47 | 105-123,192-224                                                                                                                                                     
 src/modules/chart/services                              |   86.37 |    71.48 |   81.44 |   88.42 |                                                                                                                                                                     
  chart-care-plans.service.ts                            |      95 |       75 |     100 |   94.87 | 122,151                                                                                                                                                             
  chart-documents.service.ts                             |     100 |    95.83 |     100 |     100 | 109                                                                                                                                                                 
  chart-note-item.mapper.ts                              |     100 |      100 |     100 |     100 |                                                                                                                                                                     
  chart-notes-read.service.ts                            |   94.87 |    93.93 |    87.5 |   94.87 | 185-186                                                                                                                                                             
  chart-notes.service.ts                                 |   91.44 |    79.16 |     100 |   91.39 | 141,262,273,323,380,390,408,446,454,504,552,574,598                                                                                                                 
  chart-read.service.ts                                  |   71.79 |       50 |   45.45 |   71.79 | 85-86,91,95-97,121-135,175-176                                                                                                                                      
  chart-templates.service.ts                             |   84.05 |     60.6 |   86.66 |    88.7 | 278-279,361-372                                                                                                                                                     
  encounter-pdf.service.ts                               |   77.86 |       50 |   65.38 |    82.9 | 136-147,345-346,354,368,371,375-376,385                                                                                                                             
 src/modules/clinical                                    |     100 |      100 |     100 |     100 |                                                                                                                                                                     
  clinical.concepts.ts                                   |     100 |      100 |     100 |     100 |                                                                                                                                                                     
 src/modules/clinical/controllers                        |   79.59 |        0 |   73.68 |   79.59 |                                                                                                                                                                     
  clinical-encounters.controller.ts                      |     100 |      100 |     100 |     100 |                                                                                                                                                                     
  clinical-observations.controller.ts                    |     100 |      100 |     100 |     100 |                                                                                                                                                                     
  clinical-orders.controller.ts                          |   83.33 |      100 |      80 |   83.33 | 68                                                                                                                                                                  
  clinical-prescription-policies.controller.ts           |       0 |      100 |       0 |       0 | 36-86                                                                                                                                                               
  clinical-prescriptions-public.controller.ts            |     100 |      100 |     100 |     100 |                                                                                                                                                                     
  clinical-prescriptions.controller.ts                   |     100 |      100 |     100 |     100 |                                                                                                                                                                     
  clinical-read.controller.ts                            |       0 |        0 |       0 |       0 | 53-76                                                                                                                                                               
  clinical-records.controller.ts                         |      85 |      100 |   81.25 |      85 | 101-116,175                                                                                                                                                         
 src/modules/clinical/dto                                |   45.45 |      100 |      40 |   45.45 |                                                                                                                                                                     
  allergy.dto.ts                                         |       0 |      100 |       0 |       0 | 109                                                                                                                                                                 
  duplicate-study.dto.ts                                 |     100 |      100 |     100 |     100 |                                                                                                                                                                     
  encounter.dto.ts                                       |       0 |      100 |       0 |       0 | 177-186                                                                                                                                                             
  observation.dto.ts                                     |      25 |      100 |       0 |      25 | 306-326                                                                                                                                                             
  service-request.dto.ts                                 |     100 |      100 |     100 |     100 |                                                                                                                                                                     
 src/modules/clinical/guards                             |     100 |    95.45 |     100 |     100 |                                                                                                                                                                     
  clinical-record-access.guard.ts                        |     100 |    95.45 |     100 |     100 | 104                                                                                                                                                                 
 src/modules/clinical/repositories                       |    4.81 |        0 |    5.35 |    5.12 |                                                                                                                                                                     
  allergy-intolerances.repository.ts                     |       0 |      100 |       0 |       0 | 98-169                                                                                                                                                              
  appointments.repository.ts                             |   18.18 |        0 |   33.33 |      20 | 101-131                                                                                                                                                             
  care-episodes.repository.ts                            |       0 |      100 |       0 |       0 | 50-100                                                                                                                                                              
  conditions.repository.ts                               |      20 |      100 |      20 |      20 | 92-107,137-153                                                                                                                                                      
  diagnostic-reports.repository.ts                       |       0 |      100 |       0 |       0 | 63-77                                                                                                                                                               
  encounters.repository.ts                               |       0 |        0 |       0 |       0 | 154-390                                                                                                                                                             
  immunizations.repository.ts                            |       0 |        0 |       0 |       0 | 63-90                                                                                                                                                               
  medication-records.repository.ts                       |       0 |      100 |       0 |       0 | 67-81                                                                                                                                                               
  medication-requests.repository.ts                      |      20 |      100 |      20 |      20 | 124-139,172-188                                                                                                                                                     
  observations.repository.ts                             |       0 |        0 |       0 |       0 | 274-458                                                                                                                                                             
  prescription-signature-policies.repository.ts          |       0 |      100 |       0 |       0 | 56-103                                                                                                                                                              
  procedures.repository.ts                               |       0 |      100 |       0 |       0 | 95-106                                                                                                                                                              
  service-requests.repository.ts                         |       0 |      100 |       0 |       0 | 77-88                                                                                                                                                               
 src/modules/clinical/services                           |   91.62 |     77.6 |    90.6 |   93.47 |                                                                                                                                                                     
  allergy-intolerances.service.ts                        |     100 |    66.66 |     100 |     100 | 76-95                                                                                                                                                               
  alovida-mark.ts                                        |   96.96 |       80 |     100 |     100 | 195                                                                                                                                                                 
  care-episodes.service.ts                               |     100 |    66.66 |     100 |     100 | 65-79                                                                                                                                                               
  clinical-notifications.service.ts                      |     100 |      100 |     100 |     100 |                                                                                                                                                                     
  clinical-read.service.ts                               |   83.67 |    93.22 |      60 |   82.41 | 568-714                                                                                                                                                             
  conditions.service.ts                                  |   96.82 |    82.05 |   91.66 |   96.77 | 125-132                                                                                                                                                             
  diagnostic-reports.service.ts                          |     100 |    83.33 |     100 |     100 | 62,149-199                                                                                                                                                          
  duplicate-study-detector.ts                            |      76 |    76.92 |   85.71 |   79.06 | 240-262,284                                                                                                                                                         
  encounter-seal.service.ts                              |     100 |       50 |     100 |     100 | 74-93                                                                                                                                                               
  encounters.service.ts                                  |   98.76 |     90.9 |     100 |   98.76 | 218                                                                                                                                                                 
  immunizations.service.ts                               |     100 |     62.5 |     100 |     100 | 53-85                                                                                                                                                               
  medications.service.ts                                 |   91.12 |    76.64 |     100 |   93.29 | 282,284,286,289,291,293,295,297,300,302-307                                                                                                                         
  observations.service.ts                                |    90.9 |    77.94 |    87.5 |    90.9 | 104-105,108-109,112-113,343,367                                                                                                                                     
  prescription-pdf.service.ts                            |   87.76 |    65.49 |   90.32 |   92.77 | 120-122,156-160,311,522,527,710,713,746                                                                                                                             
  prescription-qr.ts                                     |     100 |      100 |     100 |     100 |                                                                                                                                                                     
  prescription-seal.ts                                   |     100 |    91.66 |     100 |     100 | 57,59                                                                                                                                                               
  prescription-signature-policies.service.ts             |   87.23 |    73.68 |   83.33 |   95.12 | 122-123                                                                                                                                                             
  procedures.service.ts                                  |     100 |       75 |     100 |     100 | 84-128                                                                                                                                                              
  service-requests.service.ts                            |   93.65 |    90.24 |     100 |   93.44 | 361-369                                                                                                                                                             
 src/modules/clinical_ext                                |     100 |      100 |     100 |     100 |                                                                                                                                                                     
  clinical_ext.concepts.ts                               |     100 |      100 |     100 |     100 |                                                                                                                                                                     
 src/modules/clinical_ext/controllers                    |   82.35 |      100 |   82.35 |   82.35 |                                                                                                                                                                     
  care-gaps.controller.ts                                |     100 |      100 |     100 |     100 |                                                                                                                                                                     
  care-teams.controller.ts                               |      75 |      100 |      75 |      75 | 73                                                                                                                                                                  
  cds.controller.ts                                      |     100 |      100 |     100 |     100 |                                                                                                                                                                     
  clinical-alerts.controller.ts                          |     100 |      100 |     100 |     100 |                                                                                                                                                                     
  order-sets.controller.ts                               |     100 |      100 |     100 |     100 |                                                                                                                                                                     
  prescription-favorites.controller.ts                   |       0 |      100 |       0 |       0 | 39-75                                                                                                                                                               
  referrals.controller.ts                                |      75 |      100 |      75 |      75 | 72                                                                                                                                                                  
  virtual-encounters.controller.ts                       |     100 |      100 |     100 |     100 |                                                                                                                                                                     
 src/modules/clinical_ext/dto                            |       0 |      100 |       0 |       0 |                                                                                                                                                                     
  care-gap.dto.ts                                        |       0 |      100 |       0 |       0 | 60                                                                                                                                                                  
  care-team.dto.ts                                       |       0 |      100 |       0 |       0 | 116                                                                                                                                                                 
  cds.dto.ts                                             |       0 |      100 |       0 |       0 | 209                                                                                                                                                                 
  order-set.dto.ts                                       |       0 |      100 |       0 |       0 | 122                                                                                                                                                                 
 src/modules/clinical_ext/repositories                   |     2.5 |        0 |       0 |     2.5 |                                                                                                                                                                     
  care-gaps.repository.ts                                |       0 |        0 |       0 |       0 | 45-72                                                                                                                                                               
  care-team-members.repository.ts                        |       0 |        0 |       0 |       0 | 53-80                                                                                                                                                               
  care-teams.repository.ts                               |       0 |      100 |       0 |       0 | 56-90                                                                                                                                                               
  cds-rules.repository.ts                                |       0 |        0 |       0 |       0 | 65-100                                                                                                                                                              
  clinical-alerts.repository.ts                          |       0 |      100 |       0 |       0 | 69-104                                                                                                                                                              
  drug-interactions.repository.ts                        |       0 |      100 |       0 |       0 | 55-71                                                                                                                                                               
  immunization-schedules.repository.ts                   |       0 |        0 |       0 |       0 | 56-78                                                                                                                                                               
  order-sets.repository.ts                               |       0 |        0 |       0 |       0 | 97-159                                                                                                                                                              
  prescription-favorites.repository.ts                   |      20 |      100 |       0 |      20 | 80-129                                                                                                                                                              
  reference-ranges.repository.ts                         |       0 |      100 |       0 |       0 | 23-38                                                                                                                                                               
  referrals.repository.ts                                |       0 |      100 |       0 |       0 | 73-121                                                                                                                                                              
  virtual-encounters.repository.ts                       |       0 |      100 |       0 |       0 | 45-67                                                                                                                                                               
 src/modules/clinical_ext/services                       |    90.7 |    78.06 |   90.24 |   91.62 |                                                                                                                                                                     
  care-gaps.service.ts                                   |      92 |    83.33 |   77.77 |   91.83 | 191-204                                                                                                                                                             
  care-teams.service.ts                                  |   92.68 |       76 |   88.88 |    92.5 | 159,188-189                                                                                                                                                         
  cds.service.ts                                         |   81.74 |    66.66 |      88 |   84.21 | 125,127,148,305-315,390,393,424-433,443,451-454                                                                                                                     
  clinical-alerts.service.ts                             |     100 |      100 |     100 |     100 |                                                                                                                                                                     
  order-sets.service.ts                                  |   94.73 |       90 |   88.88 |   94.73 | 121,128                                                                                                                                                             
  prescription-favorites.service.ts                      |     100 |      100 |     100 |     100 |                                                                                                                                                                     
  referrals.service.ts                                   |    92.3 |    77.77 |   83.33 |    92.3 | 149-150                                                                                                                                                             
  virtual-encounters.service.ts                          |   94.82 |    88.88 |     100 |   94.82 | 104,149,182                                                                                                                                                         
 src/modules/common                                      |     100 |       80 |     100 |     100 |                                                                                                                                                                     
  malware-scan.env.ts                                    |     100 |       80 |     100 |     100 | 73-84                                                                                                                                                               
 src/modules/common/controllers                          |   57.57 |        0 |      64 |   57.57 |                                                                                                                                                                     
  common-addresses.controller.ts                         |     100 |      100 |     100 |     100 |                                                                                                                                                                     
  common-contact-points.controller.ts                    |     100 |      100 |     100 |     100 |                                                                                                                                                                     
  common-files.controller.ts                             |   53.33 |        0 |      70 |   53.33 | 95-132                                                                                                                                                              
  common-identifiers.controller.ts                       |     100 |      100 |     100 |     100 |                                                                                                                                                                     
  internal-files.controller.ts                           |      80 |      100 |   66.66 |      80 | 75                                                                                                                                                                  
  internal-storage-lifecycle.controller.ts               |       0 |        0 |       0 |       0 | 18-52                                                                                                                                                               
 src/modules/common/dto                                  |     100 |      100 |     100 |     100 |                                                                                                                                                                     
  enums.ts                                               |     100 |      100 |     100 |     100 |                                                                                                                                                                     
 src/modules/common/repositories                         |    2.43 |        0 |    3.84 |     2.7 |                                                                                                                                                                     
  addresses.repository.ts                                |       0 |      100 |       0 |       0 | 83-118                                                                                                                                                              
  contact-points.repository.ts                           |       0 |        0 |       0 |       0 | 48-198                                                                                                                                                              
  file-derivatives.repository.ts                         |       0 |      100 |       0 |       0 | 41                                                                                                                                                                  
  file-links.repository.ts                               |       0 |      100 |       0 |       0 | 43-78                                                                                                                                                               
  file-versions.repository.ts                            |       0 |        0 |       0 |       0 | 75-142                                                                                                                                                              
  files.repository.ts                                    |       0 |        0 |       0 |       0 | 47-52                                                                                                                                                               
  identifiers.repository.ts                              |    12.5 |        0 |      20 |   16.66 | 80-126                                                                                                                                                              
 src/modules/common/services                             |   91.32 |    83.51 |   95.77 |   91.66 |                                                                                                                                                                     
  addresses.service.ts                                   |     100 |       50 |     100 |     100 | 62-101                                                                                                                                                              
  attachable-file.service.ts                             |   96.15 |    95.91 |     100 |   96.15 | 166,214                                                                                                                                                             
  contact-points.service.ts                              |    93.1 |    58.33 |     100 |     100 | 61,131-155                                                                                                                                                          
  file-access.ts                                         |     100 |      100 |     100 |     100 |                                                                                                                                                                     
  file-upload.service.ts                                 |   84.09 |    76.27 |    90.9 |   84.09 | 180,260,310-322,408,450,557,652,657,668,673                                                                                                                         
  files.service.ts                                       |   89.67 |    78.46 |    93.1 |   89.54 | 409-430,502-505,530,560,616,619,629                                                                                                                                 
  identifiers.service.ts                                 |     100 |       75 |     100 |     100 | 91                                                                                                                                                                  
  residence-address.ts                                   |     100 |    94.28 |     100 |     100 | 298,308,313,359                                                                                                                                                     
 src/modules/community                                   |     100 |      100 |     100 |     100 |                                                                                                                                                                     
  community.concepts.ts                                  |     100 |      100 |     100 |     100 |                                                                                                                                                                     
 src/modules/community/controllers                       |    67.5 |    51.72 |      60 |   66.66 |                                                                                                                                                                     
  community-feed.controller.ts                           |   83.33 |        0 |   66.66 |   83.33 | 75                                                                                                                                                                  
  community-groups.controller.ts                         |   92.85 |     62.5 |      90 |   92.85 | 171                                                                                                                                                                 
  community-messaging.controller.ts                      |      95 |       50 |    92.3 |      95 | 244                                                                                                                                                                 
  community-moderation.controller.ts                     |     100 |      100 |     100 |     100 |                                                                                                                                                                     
  community-polls.controller.ts                          |      80 |      100 |      75 |      80 | 71                                                                                                                                                                  
  community-public.controller.ts                         |    62.5 |    81.25 |      50 |   59.09 | 124,199,313-364,433-440,519-567                                                                                                                                     
  community-reviews.controller.ts                        |   83.33 |        0 |      75 |   83.33 | 74                                                                                                                                                                  
  community-search-index.controller.ts                   |       0 |      100 |       0 |       0 | 35-76                                                                                                                                                               
  community-social.controller.ts                         |   45.16 |        0 |    42.3 |   45.16 | 113-151,284-461                                                                                                                                                     
  community-timeline.controller.ts                       |      25 |        0 |       0 |      25 | 31-57                                                                                                                                                               
  community-topics.controller.ts                         |       0 |      100 |       0 |       0 | 24-30                                                                                                                                                               
  community-verification.controller.ts                   |    87.5 |       75 |   83.33 |    87.5 | 131                                                                                                                                                                 
  patient-reviews.controller.ts                          |       0 |      100 |       0 |       0 | 32-53                                                                                                                                                               
 src/modules/community/dto                               |   38.88 |        0 |       0 |   38.88 |                                                                                                                                                                     
  chat-auto-reply.dto.ts                                 |     100 |      100 |     100 |     100 |                                                                                                                                                                     
  comment.dto.ts                                         |       0 |      100 |       0 |       0 | 120-133                                                                                                                                                             
  poll.dto.ts                                            |       0 |      100 |       0 |       0 | 53                                                                                                                                                                  
  post.dto.ts                                            |       0 |      100 |       0 |       0 | 143-164                                                                                                                                                             
  read-moderation.dto.ts                                 |   16.66 |        0 |       0 |   16.66 | 13-19                                                                                                                                                               
  review.dto.ts                                          |       0 |      100 |       0 |       0 | 102                                                                                                                                                                 
 src/modules/community/gateways                          |   65.38 |       60 |      76 |   69.14 |                                                                                                                                                                     
  community-messaging.gateway.ts                         |   65.38 |       60 |      76 |   69.14 | 141-145,199-228,301,350-384,414                                                                                                                                     
 src/modules/community/repositories                      |     7.8 |     12.5 |     3.8 |    8.45 |                                                                                                                                                                     
  blocks.repository.ts                                   |       0 |        0 |       0 |       0 | 48-150                                                                                                                                                              
  bookmarks.repository.ts                                |       0 |        0 |       0 |       0 | 50-100                                                                                                                                                              
  comments.repository.ts                                 |       0 |        0 |       0 |       0 | 79-273                                                                                                                                                              
  community-feedback.repository.ts                       |       0 |      100 |       0 |       0 | 28-60                                                                                                                                                               
  community-prestige.repository.ts                       |       0 |      100 |       0 |       0 | 25-44                                                                                                                                                               
  conversations.repository.ts                            |       0 |        0 |       0 |       0 | 122-563                                                                                                                                                             
  feed.repository.ts                                     |       0 |        0 |       0 |       0 | 51-147                                                                                                                                                              
  follows.repository.ts                                  |       0 |        0 |       0 |       0 | 54-178                                                                                                                                                              
  groups.repository.ts                                   |       0 |        0 |       0 |       0 | 101-430                                                                                                                                                             
  moderation.repository.ts                               |       0 |        0 |       0 |       0 | 190-616                                                                                                                                                             
  notifications.repository.ts                            |       0 |        0 |       0 |       0 | 29-57                                                                                                                                                               
  polls.repository.ts                                    |       0 |      100 |       0 |       0 | 47-237                                                                                                                                                              
  posts.repository.ts                                    |       0 |        0 |       0 |       0 | 103-410                                                                                                                                                             
  public-profiles.repository.ts                          |       0 |        0 |       0 |       0 | 82-231                                                                                                                                                              
  public-search.repository.ts                            |   16.73 |    27.06 |   14.54 |   18.09 | 404-922,999-1821                                                                                                                                                    
  reactions.repository.ts                                |       0 |        0 |       0 |       0 | 54-179                                                                                                                                                              
  reviews.repository.ts                                  |       0 |        0 |       0 |       0 | 71-365                                                                                                                                                              
  verified-badges.repository.ts                          |    4.76 |        0 |       0 |    4.76 | 61-226                                                                                                                                                              
 src/modules/community/services                          |    89.7 |    77.95 |    89.4 |    90.3 |                                                                                                                                                                     
  community-chat-auto-reply.service.ts                   |   52.54 |    56.86 |      50 |   52.54 | 58-114,222,238,248,257                                                                                                                                              
  community-engagement.service.ts                        |     100 |      100 |     100 |     100 |                                                                                                                                                                     
  community-feed.service.ts                              |     100 |      100 |     100 |     100 |                                                                                                                                                                     
  community-group-access.service.ts                      |   93.33 |    90.62 |     100 |     100 | 101,164-177                                                                                                                                                         
  community-group-notifications.service.ts               |   97.29 |     87.5 |     100 |     100 | 170                                                                                                                                                                 
  community-group-wall.service.ts                        |     100 |    79.06 |     100 |     100 | 128-130,154,216-220,262-263                                                                                                                                         
  community-groups-read.service.ts                       |   73.33 |    28.78 |      60 |   72.72 | 93,208-268,285-286                                                                                                                                                  
  community-groups.service.ts                            |   96.32 |    89.77 |     100 |   96.96 | 338,346,464,588                                                                                                                                                     
  community-message-notifications.service.ts             |   95.23 |    77.77 |     100 |     100 | 83,122                                                                                                                                                              
  community-messaging-read.service.ts                    |   94.35 |    89.68 |     100 |   95.86 | 132,146-149,186                                                                                                                                                     
  community-messaging.service.ts                         |   93.08 |    80.18 |     100 |   94.73 | 398,425-434,492-499,524,535,553,759,804                                                                                                                             
  community-moderation-read.service.ts                   |     100 |    75.67 |     100 |     100 | 93-95,157,166,200-209,231-272,302,321                                                                                                                               
  community-moderation.service.ts                        |    96.1 |    92.59 |     100 |    96.1 | 152-154                                                                                                                                                             
  community-polls-read.service.ts                        |      95 |    93.75 |     100 |      95 | 61                                                                                                                                                                  
  community-polls.service.ts                             |   95.12 |       76 |     100 |   95.12 | 109,122                                                                                                                                                             
  community-presence.service.ts                          |   94.11 |       90 |     100 |   93.33 | 116-120                                                                                                                                                             
  community-profile-stats.service.ts                     |     100 |    76.92 |     100 |     100 | 102-119,158                                                                                                                                                         
  community-public.service.ts                            |   92.03 |     84.5 |   77.04 |    92.4 | 571-583,874,926-933,1057,1071,1075-1082,1148,1155,1285,1408,1460                                                                                                    
  community-ratings.service.ts                           |       0 |      100 |       0 |       0 | 33-46                                                                                                                                                               
  community-reviews-read.service.ts                      |     100 |    86.48 |     100 |     100 | 150-154,193,198                                                                                                                                                     
  community-reviews.service.ts                           |   98.43 |    91.66 |     100 |   98.43 | 357                                                                                                                                                                 
  community-search-index.service.ts                      |      80 |    65.38 |      75 |   79.62 | 231-256,287                                                                                                                                                         
  community-social-read.service.ts                       |   80.88 |    64.78 |   78.78 |   80.59 | 130-135,160,305,329-337,460,556-572,622,668,698-699,767-775                                                                                                         
  community-social.service.ts                            |   92.15 |    87.75 |   96.55 |   92.11 | 227-232,334,358,371,404,600,653,772-774,819,826                                                                                                                     
  community-timeline-read.service.ts                     |     100 |    77.35 |     100 |     100 | 73-77,125,153-200,218                                                                                                                                               
  community-verification.service.ts                      |   63.63 |    71.69 |   66.66 |   65.62 | 132-140,280-317,382                                                                                                                                                 
  community-visibility.service.ts                        |   96.96 |    93.47 |     100 |     100 | 58,200,311                                                                                                                                                          
  public-profile-projection.service.ts                   |       0 |        0 |       0 |       0 | 67-156                                                                                                                                                              
  public-territory-filter.service.ts                     |   94.73 |    78.94 |     100 |   94.44 | 124,166                                                                                                                                                             
 src/modules/consent                                     |     100 |      100 |     100 |     100 |                                                                                                                                                                     
  consent.concepts.ts                                    |     100 |      100 |     100 |     100 |                                                                                                                                                                     
 src/modules/consent/adapters                            |    6.25 |        0 |       0 |    6.25 |                                                                                                                                                                     
  messaging-practitioner-access-notice.adapter.ts        |    6.25 |        0 |       0 |    6.25 | 29-112                                                                                                                                                              
 src/modules/consent/controllers                         |   83.33 |      100 |   83.33 |   83.33 |                                                                                                                                                                     
  consent-evidence.controller.ts                         |     100 |      100 |     100 |     100 |                                                                                                                                                                     
  consent-sweep.controller.ts                            |     100 |      100 |     100 |     100 |                                                                                                                                                                     
  consents.controller.ts                                 |     100 |      100 |     100 |     100 |                                                                                                                                                                     
  hipaa-authorizations.controller.ts                     |     100 |      100 |     100 |     100 |                                                                                                                                                                     
  patient-objections.controller.ts                       |     100 |      100 |     100 |     100 |                                                                                                                                                                     
  practitioner-access-requests.controller.ts             |       0 |      100 |       0 |       0 | 28-70                                                                                                                                                               
  privacy-restrictions.controller.ts                     |     100 |      100 |     100 |     100 |                                                                                                                                                                     
  processing-legal-bases.controller.ts                   |     100 |      100 |     100 |     100 |                                                                                                                                                                     
  treatment-informed-consents.controller.ts              |     100 |      100 |     100 |     100 |                                                                                                                                                                     
 src/modules/consent/dto                                 |       0 |      100 |       0 |       0 |                                                                                                                                                                     
  amend-provisions.dto.ts                                |       0 |      100 |       0 |       0 | 24                                                                                                                                                                  
  create-consent.dto.ts                                  |       0 |      100 |       0 |       0 | 134                                                                                                                                                                 
  decide-practitioner-access-request.dto.ts              |       0 |      100 |       0 |       0 | 37                                                                                                                                                                  
 src/modules/consent/ports                               |     100 |      100 |     100 |     100 |                                                                                                                                                                     
  practitioner-access-notice.port.ts                     |     100 |      100 |     100 |     100 |                                                                                                                                                                     
 src/modules/consent/repositories                        |       0 |      100 |       0 |       0 |                                                                                                                                                                     
  consent-events.repository.ts                           |       0 |      100 |       0 |       0 | 55                                                                                                                                                                  
  consent-evidence.repository.ts                         |       0 |      100 |       0 |       0 | 60                                                                                                                                                                  
  consent-provisions.repository.ts                       |       0 |      100 |       0 |       0 | 66-77                                                                                                                                                               
  consents.repository.ts                                 |       0 |      100 |       0 |       0 | 78-150                                                                                                                                                              
  hipaa-authorizations.repository.ts                     |       0 |      100 |       0 |       0 | 65-91                                                                                                                                                               
  patient-objections.repository.ts                       |       0 |      100 |       0 |       0 | 53-81                                                                                                                                                               
  privacy-restrictions.repository.ts                     |       0 |      100 |       0 |       0 | 65-103                                                                                                                                                              
  processing-legal-bases.repository.ts                   |       0 |      100 |       0 |       0 | 64-98                                                                                                                                                               
  treatment-informed-consents.repository.ts              |       0 |      100 |       0 |       0 | 68-82                                                                                                                                                               
 src/modules/consent/services                            |   92.74 |    80.14 |   91.83 |   93.31 |                                                                                                                                                                     
  consent-evidence.service.ts                            |     100 |      100 |     100 |     100 |                                                                                                                                                                     
  consent-sweep.service.ts                               |     100 |      100 |     100 |     100 |                                                                                                                                                                     
  consents.service.ts                                    |   96.66 |    78.12 |     100 |   96.66 | 219,223                                                                                                                                                             
  hipaa-authorizations.service.ts                        |   96.55 |    77.77 |     100 |   96.55 | 68                                                                                                                                                                  
  patient-objections.service.ts                          |     100 |    88.88 |     100 |     100 | 177-183                                                                                                                                                             
  practitioner-access-requests.service.ts                |   81.41 |    73.91 |   73.33 |   82.88 | 159,175-200,252,266-267                                                                                                                                             
  privacy-restrictions.service.ts                        |     100 |    83.33 |     100 |     100 | 64                                                                                                                                                                  
  processing-legal-bases.service.ts                      |     100 |      100 |     100 |     100 |                                                                                                                                                                     
  treatment-informed-consents.service.ts                 |     100 |       75 |     100 |     100 | 59                                                                                                                                                                  
 src/modules/content_packs                               |   84.44 |     87.5 |   58.33 |   84.09 |                                                                                                                                                                     
  content-packs.catalog.ts                               |     100 |      100 |     100 |     100 |                                                                                                                                                                     
  content-packs.controller.ts                            |       0 |      100 |       0 |       0 | 40-77                                                                                                                                                               
  content-packs.service.ts                               |   91.89 |     87.5 |   83.33 |   91.89 | 167,197,213                                                                                                                                                         
 src/modules/content_packs/dto                           |     100 |      100 |     100 |     100 |                                                                                                                                                                     
  content-packs.dto.ts                                   |     100 |      100 |     100 |     100 |                                                                                                                                                                     
 src/modules/crm/controllers                             |   77.77 |      100 |   76.47 |   77.77 |                                                                                                                                                                     
  crm.controller.ts                                      |   77.77 |      100 |   76.47 |   77.77 | 107,198,231-244                                                                                                                                                     
 src/modules/crm/dto                                     |     100 |      100 |     100 |     100 |                                                                                                                                                                     
  crm.dto.ts                                             |     100 |      100 |     100 |     100 |                                                                                                                                                                     
 src/modules/crm/repositories                            |       0 |        0 |       0 |       0 |                                                                                                                                                                     
  crm-sales.repository.ts                                |       0 |      100 |       0 |       0 | 197-481                                                                                                                                                             
  crm-service.repository.ts                              |       0 |        0 |       0 |       0 | 143-557                                                                                                                                                             
 src/modules/crm/services                                |   92.69 |    78.26 |   93.54 |   92.65 |                                                                                                                                                                     
  crm-sales.service.ts                                   |   90.32 |       78 |   88.23 |   90.21 | 190-213,231,272,346,367,444                                                                                                                                         
  crm-service.service.ts                                 |   95.29 |    78.57 |     100 |   95.29 | 293,335,427,437                                                                                                                                                     
 src/modules/cross_store_consistency/constants           |     100 |      100 |     100 |     100 |                                                                                                                                                                     
  cross-store.constants.ts                               |     100 |      100 |     100 |     100 |                                                                                                                                                                     
 src/modules/cross_store_consistency/controllers         |     100 |      100 |     100 |     100 |                                                                                                                                                                     
  cross-store-admin.controller.ts                        |     100 |      100 |     100 |     100 |                                                                                                                                                                     
  cross-store-worker.controller.ts                       |     100 |      100 |     100 |     100 |                                                                                                                                                                     
 src/modules/cross_store_consistency/dto                 |       0 |      100 |       0 |       0 |                                                                                                                                                                     
  cross-store.dto.ts                                     |       0 |      100 |       0 |       0 | 201-936                                                                                                                                                             
 src/modules/cross_store_consistency/ports               |   11.53 |        0 |       0 |    12.5 |                                                                                                                                                                     
  object-store-inventory.port.ts                         |     100 |      100 |     100 |     100 |                                                                                                                                                                     
  s3-object-store.inventory.ts                           |       8 |        0 |       0 |    8.69 | 33-109                                                                                                                                                              
 src/modules/cross_store_consistency/repositories        |       0 |      100 |       0 |       0 |                                                                                                                                                                     
  deletion.repository.ts                                 |       0 |      100 |       0 |       0 | 67-577                                                                                                                                                              
  projection.repository.ts                               |       0 |      100 |       0 |       0 | 63-512                                                                                                                                                              
  reconciliation.repository.ts                           |       0 |      100 |       0 |       0 | 65-328                                                                                                                                                              
 src/modules/cross_store_consistency/services            |   95.33 |    90.65 |     100 |   95.52 |                                                                                                                                                                     
  deletion.service.ts                                    |   94.94 |       90 |     100 |   94.79 | 159,298,310,387,454                                                                                                                                                 
  object-store-reconciliation.service.ts                 |     100 |    93.75 |     100 |     100 | 148                                                                                                                                                                 
  projection-delivery.service.ts                         |   91.07 |    85.71 |     100 |   91.81 | 140,144,207,335,418,440,539-541                                                                                                                                     
  reconciliation.service.ts                              |   98.21 |     92.3 |     100 |   98.21 | 211                                                                                                                                                                 
  storage-maintenance.service.ts                         |     100 |      100 |     100 |     100 |                                                                                                                                                                     
 src/modules/data_catalog                                |     100 |      100 |     100 |     100 |                                                                                                                                                                     
  data-catalog.roles.ts                                  |     100 |      100 |     100 |     100 |                                                                                                                                                                     
 src/modules/data_catalog/controllers                    |       0 |        0 |       0 |       0 |                                                                                                                                                                     
  data-catalog-internal.controller.ts                    |       0 |      100 |       0 |       0 | 15-26                                                                                                                                                               
  data-catalog.controller.ts                             |       0 |        0 |       0 |       0 | 60-311                                                                                                                                                              
 src/modules/data_catalog/domain                         |   96.92 |    93.63 |   98.24 |   97.53 |                                                                                                                                                                     
  annotation.policy.ts                                   |   95.06 |    92.53 |     100 |   97.26 | 192-197                                                                                                                                                             
  catalog.model.ts                                       |     100 |      100 |     100 |     100 |                                                                                                                                                                     
  coverage.policy.ts                                     |     100 |      100 |     100 |     100 |                                                                                                                                                                     
  impact.ts                                              |     100 |    95.65 |     100 |     100 | 93                                                                                                                                                                  
  reconciliation.ts                                      |    95.4 |    86.66 |   95.23 |   95.34 | 65,367-369                                                                                                                                                          
 src/modules/data_catalog/dto                            |    37.5 |      100 |       0 |    37.5 |                                                                                                                                                                     
  data-catalog.dto.ts                                    |    37.5 |      100 |       0 |    37.5 | 56,129-341                                                                                                                                                          
 src/modules/data_catalog/infrastructure                 |   11.11 |        0 |       0 |    11.9 |                                                                                                                                                                     
  postgres-introspector.ts                               |   11.11 |        0 |       0 |    11.9 | 114-293                                                                                                                                                             
 src/modules/data_catalog/repositories                   |    1.98 |        0 |       0 |    2.17 |                                                                                                                                                                     
  catalog-query.repository.ts                            |    2.27 |        0 |       0 |    2.43 | 57-252                                                                                                                                                              
  catalog-scan.repository.ts                             |    1.75 |        0 |       0 |    1.96 | 39-467                                                                                                                                                              
 src/modules/data_catalog/services                       |    1.42 |        0 |       0 |    1.48 |                                                                                                                                                                     
  catalog-annotations.service.ts                         |       0 |        0 |       0 |       0 | 56-472                                                                                                                                                              
  catalog-query.service.ts                               |    2.06 |        0 |       0 |    2.24 | 42-439                                                                                                                                                              
  catalog-scan.service.ts                                |    1.62 |        0 |       0 |    1.68 | 59-404                                                                                                                                                              
  catalog.views.ts                                       |    3.44 |        0 |       0 |    3.57 | 15-155                                                                                                                                                              
 src/modules/delegated_access                            |     100 |      100 |     100 |     100 |                                                                                                                                                                     
  delegated_access.concepts.ts                           |     100 |      100 |     100 |     100 |                                                                                                                                                                     
 src/modules/delegated_access/controllers                |     100 |      100 |     100 |     100 |                                                                                                                                                                     
  access-requests.controller.ts                          |     100 |      100 |     100 |     100 |                                                                                                                                                                     
  delegated-access-authz.controller.ts                   |     100 |      100 |     100 |     100 |                                                                                                                                                                     
  delegated-permission-sets.controller.ts                |     100 |      100 |     100 |     100 |                                                                                                                                                                     
  org-user-assignments.controller.ts                     |     100 |      100 |     100 |     100 |                                                                                                                                                                     
  practitioner-delegates.controller.ts                   |     100 |      100 |     100 |     100 |                                                                                                                                                                     
 src/modules/delegated_access/dto                        |    87.5 |      100 |       0 |    87.5 |                                                                                                                                                                     
  create-grant.dto.ts                                    |     100 |      100 |     100 |     100 |                                                                                                                                                                     
  create-org-user-assignment.dto.ts                      |     100 |      100 |     100 |     100 |                                                                                                                                                                     
  create-permission-set.dto.ts                           |      50 |      100 |       0 |      50 | 78                                                                                                                                                                  
  create-practitioner-delegate.dto.ts                    |     100 |      100 |     100 |     100 |                                                                                                                                                                     
  decide-access-request.dto.ts                           |     100 |      100 |     100 |     100 |                                                                                                                                                                     
  evaluate-actor.dto.ts                                  |     100 |      100 |     100 |     100 |                                                                                                                                                                     
  publish-set-version.dto.ts                             |       0 |      100 |       0 |       0 | 18                                                                                                                                                                  
  update-org-user-assignment.dto.ts                      |     100 |      100 |     100 |     100 |                                                                                                                                                                     
 src/modules/delegated_access/repositories               |       0 |        0 |       0 |       0 |                                                                                                                                                                     
  delegated-access-approval-requests.repository.ts       |       0 |        0 |       0 |       0 | 51-107                                                                                                                                                              
  delegated-access-grants.repository.ts                  |       0 |        0 |       0 |       0 | 68-151                                                                                                                                                              
  delegated-permission-set-items.repository.ts           |       0 |        0 |       0 |       0 | 39-83                                                                                                                                                               
  delegated-permission-sets.repository.ts                |       0 |      100 |       0 |       0 | 52-75                                                                                                                                                               
  delegation-events.repository.ts                        |       0 |      100 |       0 |       0 | 51-52                                                                                                                                                               
  organization-user-assignments.repository.ts            |       0 |      100 |       0 |       0 | 84-142                                                                                                                                                              
  practitioner-delegate-assignments.repository.ts        |       0 |        0 |       0 |       0 | 76-137                                                                                                                                                              
 src/modules/delegated_access/services                   |   97.32 |    81.13 |     100 |   97.32 |                                                                                                                                                                     
  access-requests.service.ts                             |   97.56 |     87.5 |     100 |   97.56 | 75                                                                                                                                                                  
  concept-maps.ts                                        |     100 |      100 |     100 |     100 |                                                                                                                                                                     
  delegated-access-evaluation.service.ts                 |     100 |    82.35 |     100 |     100 | 154,178                                                                                                                                                             
  org-user-assignments.service.ts                        |   94.73 |    82.75 |     100 |   94.73 | 174,176                                                                                                                                                             
  permission-sets.service.ts                             |     100 |      100 |     100 |     100 |                                                                                                                                                                     
  practitioner-delegates.service.ts                      |   94.44 |       70 |     100 |   94.44 | 91,104,178                                                                                                                                                          
 src/modules/diagnostic_units                            |     100 |      100 |     100 |     100 |                                                                                                                                                                     
  diagnostic-unit-modalities.ts                          |     100 |      100 |     100 |     100 |                                                                                                                                                                     
  diagnostic_units.concepts.ts                           |     100 |      100 |     100 |     100 |                                                                                                                                                                     
 src/modules/diagnostic_units/controllers                |   96.96 |      100 |   96.15 |   96.96 |                                                                                                                                                                     
  diagnostic-equipment.controller.ts                     |     100 |      100 |     100 |     100 |                                                                                                                                                                     
  diagnostic-pricing.controller.ts                       |     100 |      100 |     100 |     100 |                                                                                                                                                                     
  diagnostic-unit-accreditations.controller.ts           |     100 |      100 |     100 |     100 |                                                                                                                                                                     
  diagnostic-unit-sites.controller.ts                    |     100 |      100 |     100 |     100 |                                                                                                                                                                     
  diagnostic-units.controller.ts                         |      95 |      100 |   93.33 |      95 | 138                                                                                                                                                                 
 src/modules/diagnostic_units/dto                        |    8.69 |      100 |       0 |    8.69 |                                                                                                                                                                     
  accreditation.dto.ts                                   |       0 |      100 |       0 |       0 | 66-131                                                                                                                                                              
  catalog.dto.ts                                         |   33.33 |      100 |       0 |   33.33 | 97-123                                                                                                                                                              
  create-diagnostic-unit.dto.ts                          |       0 |      100 |       0 |       0 | 196-209                                                                                                                                                             
  create-practitioner-assignment.dto.ts                  |       0 |      100 |       0 |       0 | 72-85                                                                                                                                                               
  create-price-schedule.dto.ts                           |       0 |      100 |       0 |       0 | 79-92                                                                                                                                                               
  create-study-offering.dto.ts                           |       0 |      100 |       0 |       0 | 199                                                                                                                                                                 
  create-study-price.dto.ts                              |       0 |      100 |       0 |       0 | 79                                                                                                                                                                  
  equipment.dto.ts                                       |       0 |      100 |       0 |       0 | 67-138                                                                                                                                                              
  specialties.dto.ts                                     |       0 |      100 |       0 |       0 | 42                                                                                                                                                                  
 src/modules/diagnostic_units/repositories               |       0 |        0 |       0 |       0 |                                                                                                                                                                     
  diagnostic-equipment.repository.ts                     |       0 |        0 |       0 |       0 | 62-85                                                                                                                                                               
  diagnostic-price-schedules.repository.ts               |       0 |        0 |       0 |       0 | 69-92                                                                                                                                                               
  diagnostic-study-components.repository.ts              |       0 |        0 |       0 |       0 | 51-52                                                                                                                                                               
  diagnostic-study-offerings.repository.ts               |       0 |        0 |       0 |       0 | 93-119                                                                                                                                                              
  diagnostic-study-prices.repository.ts                  |       0 |        0 |       0 |       0 | 72-114                                                                                                                                                              
  diagnostic-unit-accreditations.repository.ts           |       0 |      100 |       0 |       0 | 61-98                                                                                                                                                               
  diagnostic-unit-practitioner-assignments.repository.ts |       0 |        0 |       0 |       0 | 65-95                                                                                                                                                               
  diagnostic-unit-sites.repository.ts                    |       0 |        0 |       0 |       0 | 50-72                                                                                                                                                               
  diagnostic-unit-specialties.repository.ts              |       0 |        0 |       0 |       0 | 43-93                                                                                                                                                               
  diagnostic-units-admin-read.repository.ts              |       0 |        0 |       0 |       0 | 47-191                                                                                                                                                              
  diagnostic-units-read.repository.ts                    |       0 |        0 |       0 |       0 | 24-351                                                                                                                                                              
  diagnostic-units.repository.ts                         |       0 |      100 |       0 |       0 | 69-83                                                                                                                                                               
 src/modules/diagnostic_units/services                   |   92.08 |     80.1 |   94.77 |   93.38 |                                                                                                                                                                     
  diagnostic-equipment.service.ts                        |   86.84 |    66.66 |     100 |   89.18 | 59,128,131,133                                                                                                                                                      
  diagnostic-pricing.service.ts                          |   90.19 |       75 |     100 |   90.19 | 67,69,124,134,206                                                                                                                                                   
  diagnostic-studies.service.ts                          |   97.14 |    85.71 |     100 |   97.14 | 67                                                                                                                                                                  
  diagnostic-unit-provisioning.service.ts                |   97.61 |    93.54 |     100 |     100 | 169,250                                                                                                                                                             
  diagnostic-units-admin-read.service.ts                 |   97.97 |    95.04 |   95.83 |     100 | 361,397,423-424,475                                                                                                                                                 
  diagnostic-units-read.service.ts                       |   98.76 |    68.83 |     100 |     100 | 71,154-166,180,186-191,214-228,231-256,274-300                                                                                                                      
  diagnostic-units-search.service.ts                     |   92.85 |    82.85 |   91.66 |   97.33 | 187,202                                                                                                                                                             
  diagnostic-units.service.ts                            |   81.74 |    64.28 |   81.81 |   81.45 | 187-207,311-312,395-414,500                                                                                                                                         
 src/modules/diagnostics                                 |     100 |      100 |     100 |     100 |                                                                                                                                                                     
  diagnostics.concepts.ts                                |     100 |      100 |     100 |     100 |                                                                                                                                                                     
 src/modules/diagnostics/controllers                     |   73.52 |    33.33 |   72.72 |   73.52 |                                                                                                                                                                     
  diagnostics-imaging.controller.ts                      |    87.5 |      100 |   85.71 |    87.5 | 72                                                                                                                                                                  
  diagnostics-lab.controller.ts                          |   83.33 |      100 |   83.33 |   83.33 | 64                                                                                                                                                                  
  diagnostics-orders.controller.ts                       |     100 |      100 |     100 |     100 |                                                                                                                                                                     
  diagnostics-patient-results.controller.ts              |       0 |        0 |       0 |       0 | 67-208                                                                                                                                                              
  diagnostics-reports.controller.ts                      |     100 |      100 |     100 |     100 |                                                                                                                                                                     
  diagnostics-specimens.controller.ts                    |     100 |      100 |     100 |     100 |                                                                                                                                                                     
 src/modules/diagnostics/dto                             |       0 |      100 |       0 |       0 |                                                                                                                                                                     
  imaging.dto.ts                                         |       0 |      100 |       0 |       0 | 179-250                                                                                                                                                             
  lab.dto.ts                                             |       0 |      100 |       0 |       0 | 131-354                                                                                                                                                             
  media-quality.dto.ts                                   |       0 |      100 |       0 |       0 | 175                                                                                                                                                                 
  patient-results.dto.ts                                 |       0 |      100 |       0 |       0 | 222                                                                                                                                                                 
  reports.dto.ts                                         |       0 |      100 |       0 |       0 | 148-161                                                                                                                                                             
 src/modules/diagnostics/repositories                    |    3.44 |     9.09 |    1.63 |    3.44 |                                                                                                                                                                     
  diagnostic-orders.repository.ts                        |   16.66 |    33.33 |   11.11 |   16.66 | 49-172,235-290                                                                                                                                                      
  imaging.repository.ts                                  |       0 |      100 |       0 |       0 | 107-437                                                                                                                                                             
  lab-work.repository.ts                                 |       0 |        0 |       0 |       0 | 154-418                                                                                                                                                             
  media-quality.repository.ts                            |       0 |      100 |       0 |       0 | 117-303                                                                                                                                                             
  reports.repository.ts                                  |       0 |        0 |       0 |       0 | 126-490                                                                                                                                                             
  specimens.repository.ts                                |       0 |      100 |       0 |       0 | 158-474                                                                                                                                                             
 src/modules/diagnostics/services                        |   77.19 |    64.97 |   76.31 |   77.43 |                                                                                                                                                                     
  diagnostics-imaging.service.ts                         |    91.3 |    67.64 |   77.77 |   93.18 | 64-71,182                                                                                                                                                           
  diagnostics-lab.service.ts                             |   95.08 |    73.52 |   81.81 |   96.66 | 65-72                                                                                                                                                               
  diagnostics-media-quality.service.ts                   |     100 |    95.45 |     100 |     100 | 83                                                                                                                                                                  
  diagnostics-orders.service.ts                          |     100 |      100 |     100 |     100 |                                                                                                                                                                     
  diagnostics-patient-results.service.ts                 |   51.23 |    41.33 |      56 |   50.93 | 115-135,283,312-525,554,575-591,644,662,673,684-686,691-693,700,716,742-747                                                                                         
  diagnostics-reports.service.ts                         |   92.95 |       75 |     100 |   92.95 | 116,154,218,275,283                                                                                                                                                 
  diagnostics-specimens.service.ts                       |   81.15 |    73.07 |      75 |   81.15 | 175,212-233,288-293                                                                                                                                                 
 src/modules/directory                                   |     100 |      100 |     100 |     100 |                                                                                                                                                                     
  affiliation-documents.ts                               |     100 |      100 |     100 |     100 |                                                                                                                                                                     
  directory.concepts.ts                                  |     100 |      100 |     100 |     100 |                                                                                                                                                                     
  legal-entity-types.ts                                  |     100 |      100 |     100 |     100 |                                                                                                                                                                     
  legal-representatives.ts                               |     100 |      100 |     100 |     100 |                                                                                                                                                                     
 src/modules/directory/controllers                       |   88.88 |    83.33 |   85.71 |   88.88 |                                                                                                                                                                     
  admin-tenants.controller.ts                            |    87.5 |      100 |   83.33 |    87.5 | 159                                                                                                                                                                 
  tenants.controller.ts                                  |   89.47 |       75 |   86.66 |   89.47 | 112-128                                                                                                                                                             
 src/modules/directory/dto                               |   33.33 |      100 |   33.33 |   33.33 |                                                                                                                                                                     
  create-child-tenant.dto.ts                             |       0 |      100 |       0 |       0 | 133-143                                                                                                                                                             
  create-tenant.dto.ts                                   |       0 |      100 |       0 |       0 | 145-155                                                                                                                                                             
  my-organizations.dto.ts                                |       0 |      100 |       0 |       0 | 191-338                                                                                                                                                             
  tenant-type-profile.dto.ts                             |     100 |      100 |     100 |     100 |                                                                                                                                                                     
 src/modules/directory/repositories                      |       0 |        0 |       0 |       0 |                                                                                                                                                                     
  branch-memberships.repository.ts                       |       0 |      100 |       0 |       0 | 39-78                                                                                                                                                               
  branches.repository.ts                                 |       0 |      100 |       0 |       0 | 51-98                                                                                                                                                               
  directory-tenant-legal.repository.ts                   |       0 |        0 |       0 |       0 | 76-168                                                                                                                                                              
  tenant-memberships.repository.ts                       |       0 |        0 |       0 |       0 | 51-189                                                                                                                                                              
  tenants.repository.ts                                  |       0 |        0 |       0 |       0 | 71-131                                                                                                                                                              
 src/modules/directory/services                          |   93.65 |    86.76 |   94.68 |   94.86 |                                                                                                                                                                     
  affiliation-document-concepts.service.ts               |     100 |      100 |     100 |     100 |                                                                                                                                                                     
  directory-branches.service.ts                          |     100 |    83.33 |     100 |     100 | 86-88                                                                                                                                                               
  directory-memberships.service.ts                       |   99.05 |    93.61 |     100 |   99.05 | 501                                                                                                                                                                 
  directory-read.service.ts                              |   91.59 |    85.41 |    91.3 |   95.41 | 179,393-404,526                                                                                                                                                     
  directory-tenants.service.ts                           |      85 |    68.51 |    87.5 |   85.96 | 58,216-244,278,371,389,416,429,505,580,583                                                                                                                          
  tenant-administration.service.ts                       |   83.33 |    83.33 |   88.88 |   81.81 | 162-171                                                                                                                                                             
  tenant-affiliation-documents.service.ts                |     100 |      100 |     100 |     100 |                                                                                                                                                                     
  tenant-legal-representatives.service.ts                |     100 |      100 |     100 |     100 |                                                                                                                                                                     
  tenant-type-profile.service.ts                         |    98.3 |     94.2 |     100 |   98.24 | 177                                                                                                                                                                 
 src/modules/document_store/controllers                  |    8.33 |        0 |       0 |    8.33 |                                                                                                                                                                     
  collection-name.guard.ts                               |   16.66 |        0 |       0 |   16.66 | 32-42                                                                                                                                                               
  document-store.controller.ts                           |       0 |      100 |       0 |       0 | 53-150                                                                                                                                                              
 src/modules/document_store/dto                          |     100 |      100 |     100 |     100 |                                                                                                                                                                     
  create-document.dto.ts                                 |     100 |      100 |     100 |     100 |                                                                                                                                                                     
  document-response.dto.ts                               |     100 |      100 |     100 |     100 |                                                                                                                                                                     
  list-documents-query.dto.ts                            |     100 |      100 |     100 |     100 |                                                                                                                                                                     
  update-document.dto.ts                                 |     100 |      100 |     100 |     100 |                                                                                                                                                                     
 src/modules/document_store/repositories                 |    1.72 |        0 |       0 |    1.72 |                                                                                                                                                                     
  document-store.repository.ts                           |    3.44 |        0 |       0 |    3.44 | 118-241                                                                                                                                                             
  mongo-connection.provider.ts                           |       0 |        0 |       0 |       0 | 32-99                                                                                                                                                               
 src/modules/document_store/services                     |   97.29 |      100 |   88.88 |   97.29 |                                                                                                                                                                     
  document-store.service.ts                              |   97.29 |      100 |   88.88 |   97.29 | 42                                                                                                                                                                  
 src/modules/education/controllers                       |     100 |      100 |     100 |     100 |                                                                                                                                                                     
  education.controller.ts                                |     100 |      100 |     100 |     100 |                                                                                                                                                                     
 src/modules/education/dto                               |   72.72 |      100 |       0 |   72.72 |                                                                                                                                                                     
  education.dto.ts                                       |   72.72 |      100 |       0 |   72.72 | 139-263,866                                                                                                                                                         
 src/modules/education/repositories                      |       0 |        0 |       0 |       0 |                                                                                                                                                                     
  education-catalog.repository.ts                        |       0 |        0 |       0 |       0 | 150-844                                                                                                                                                             
  education-learning.repository.ts                       |       0 |        0 |       0 |       0 | 117-537                                                                                                                                                             
 src/modules/education/services                          |   94.18 |    82.68 |     100 |   94.57 |                                                                                                                                                                     
  education-catalog.service.ts                           |   97.43 |    89.55 |     100 |   97.36 | 287,376,452                                                                                                                                                         
  education-learning.service.ts                          |   92.62 |    79.87 |     100 |   93.22 | 120,155,168,237,315,325,339,412,428,497,510,584,617,679,951,970                                                                                                     
 src/modules/erp/controllers                             |   78.94 |      100 |   77.77 |   78.94 |                                                                                                                                                                     
  erp.controller.ts                                      |   78.94 |      100 |   77.77 |   78.94 | 185-198,250,294                                                                                                                                                     
 src/modules/erp/dto                                     |       0 |      100 |       0 |       0 |                                                                                                                                                                     
  erp.dto.ts                                             |       0 |      100 |       0 |       0 | 706-804                                                                                                                                                             
 src/modules/erp/repositories                            |       0 |        0 |       0 |       0 |                                                                                                                                                                     
  erp-contracts-ext.repository.ts                        |       0 |      100 |       0 |       0 | 29-93                                                                                                                                                               
  erp-contracts.repository.ts                            |       0 |        0 |       0 |       0 | 139-640                                                                                                                                                             
  erp-operations.repository.ts                           |       0 |      100 |       0 |       0 | 121-737                                                                                                                                                             
 src/modules/erp/services                                |   94.11 |    73.18 |     100 |   94.52 |                                                                                                                                                                     
  erp-contracts.service.ts                               |   93.33 |    72.61 |     100 |   94.06 | 158,168,238,298,328,459,584                                                                                                                                         
  erp-operations.service.ts                              |   95.04 |    74.07 |     100 |   95.04 | 191,311,397,451,520                                                                                                                                                 
 src/modules/forms                                       |     100 |      100 |     100 |     100 |                                                                                                                                                                     
  forms.concepts.ts                                      |     100 |      100 |     100 |     100 |                                                                                                                                                                     
 src/modules/forms/controllers                           |     100 |      100 |     100 |     100 |                                                                                                                                                                     
  forms-assignments.controller.ts                        |     100 |      100 |     100 |     100 |                                                                                                                                                                     
  forms-definition-sets.controller.ts                    |     100 |      100 |     100 |     100 |                                                                                                                                                                     
  forms-fields.controller.ts                             |     100 |      100 |     100 |     100 |                                                                                                                                                                     
  forms-instances.controller.ts                          |     100 |      100 |     100 |     100 |                                                                                                                                                                     
  forms-me.controller.ts                                 |     100 |      100 |     100 |     100 |                                                                                                                                                                     
  forms-values.controller.ts                             |     100 |      100 |     100 |     100 |                                                                                                                                                                     
 src/modules/forms/dto                                   |   16.66 |      100 |       0 |   16.66 |                                                                                                                                                                     
  capture-values.dto.ts                                  |       0 |      100 |       0 |       0 | 95                                                                                                                                                                  
  create-field-definition.dto.ts                         |      50 |      100 |       0 |      50 | 185                                                                                                                                                                 
  import-values.dto.ts                                   |       0 |      100 |       0 |       0 | 123                                                                                                                                                                 
  publish-version.dto.ts                                 |       0 |      100 |       0 |       0 | 65                                                                                                                                                                  
  read-responses.dto.ts                                  |       0 |      100 |       0 |       0 | 139                                                                                                                                                                 
 src/modules/forms/repositories                          |    1.38 |       25 |    2.38 |    1.53 |                                                                                                                                                                     
  assignments.repository.ts                              |      10 |    57.14 |   16.66 |   11.11 | 113-178,241-242                                                                                                                                                     
  definition-sets.repository.ts                          |       0 |        0 |       0 |       0 | 116-255                                                                                                                                                             
  field-definitions.repository.ts                        |       0 |        0 |       0 |       0 | 237-480                                                                                                                                                             
  field-values.repository.ts                             |       0 |      100 |       0 |       0 | 205-298                                                                                                                                                             
  form-instances.repository.ts                           |       0 |        0 |       0 |       0 | 45-128                                                                                                                                                              
  migrations.repository.ts                               |       0 |      100 |       0 |       0 | 64-76                                                                                                                                                               
 src/modules/forms/services                              |   83.64 |     69.3 |   77.87 |   83.98 |                                                                                                                                                                     
  forms-assignments.service.ts                           |     100 |    96.55 |     100 |     100 | 144                                                                                                                                                                 
  forms-fields.service.ts                                |   85.71 |    60.52 |     100 |   85.71 | 145,150,214-220                                                                                                                                                     
  forms-instances.service.ts                             |     100 |      100 |     100 |     100 |                                                                                                                                                                     
  forms-read.service.ts                                  |   82.05 |     82.6 |   66.66 |   81.57 | 47-48,51-59,70-80,489-503,770                                                                                                                                       
  forms-schema.service.ts                                |   93.22 |     87.5 |     100 |   93.22 | 131,138,222,227                                                                                                                                                     
  forms-values.service.ts                                |   98.03 |     87.5 |     100 |   97.95 | 66                                                                                                                                                                  
  value-columns.ts                                       |   15.15 |    14.28 |      50 |   16.66 | 13-39,55,63-87                                                                                                                                                      
 src/modules/geo                                         |     100 |      100 |     100 |     100 |                                                                                                                                                                     
  geo.concepts.ts                                        |     100 |      100 |     100 |     100 |                                                                                                                                                                     
 src/modules/geo/controllers                             |     100 |      100 |     100 |     100 |                                                                                                                                                                     
  geo-geofences.controller.ts                            |     100 |      100 |     100 |     100 |                                                                                                                                                                     
  geo-tracked-subjects.controller.ts                     |     100 |      100 |     100 |     100 |                                                                                                                                                                     
  geo-tracking-sessions.controller.ts                    |     100 |      100 |     100 |     100 |                                                                                                                                                                     
  geo-trips.controller.ts                                |     100 |      100 |     100 |     100 |                                                                                                                                                                     
 src/modules/geo/dto                                     |       0 |      100 |       0 |       0 |                                                                                                                                                                     
  ingest-pings.dto.ts                                    |       0 |      100 |       0 |       0 | 117-134                                                                                                                                                             
  record-geofence-event.dto.ts                           |       0 |      100 |       0 |       0 | 51                                                                                                                                                                  
 src/modules/geo/repositories                            |       0 |        0 |       0 |       0 |                                                                                                                                                                     
  geofence-events.repository.ts                          |       0 |      100 |       0 |       0 | 41-65                                                                                                                                                               
  geofences.repository.ts                                |       0 |      100 |       0 |       0 | 53-67                                                                                                                                                               
  location-pings.repository.ts                           |       0 |      100 |       0 |       0 | 65-94                                                                                                                                                               
  tracked-subjects.repository.ts                         |       0 |        0 |       0 |       0 | 44-68                                                                                                                                                               
  tracking-sessions.repository.ts                        |       0 |      100 |       0 |       0 | 46-77                                                                                                                                                               
  trips.repository.ts                                    |       0 |      100 |       0 |       0 | 41-69                                                                                                                                                               
 src/modules/geo/services                                |   97.74 |    83.13 |     100 |   97.71 |                                                                                                                                                                     
  geo-geofences.service.ts                               |   94.59 |    77.77 |     100 |   94.59 | 150,160                                                                                                                                                             
  geo-tracked-subjects.service.ts                        |   98.27 |    84.61 |     100 |   98.27 | 198                                                                                                                                                                 
  geo-tracking-sessions.service.ts                       |     100 |    92.85 |     100 |     100 | 165                                                                                                                                                                 
  geo-trips.service.ts                                   |   97.56 |    81.25 |     100 |    97.5 | 132                                                                                                                                                                 
 src/modules/graph_intelligence/constants                |     100 |      100 |     100 |     100 |                                                                                                                                                                     
  graph-intelligence.constants.ts                        |     100 |      100 |     100 |     100 |                                                                                                                                                                     
 src/modules/graph_intelligence/controllers              |     100 |      100 |     100 |     100 |                                                                                                                                                                     
  graph-projection.controller.ts                         |     100 |      100 |     100 |     100 |                                                                                                                                                                     
  graph-query.controller.ts                              |     100 |      100 |     100 |     100 |                                                                                                                                                                     
 src/modules/graph_intelligence/dto                      |   16.66 |      100 |       0 |   16.66 |                                                                                                                                                                     
  graph-intelligence.dto.ts                              |   16.66 |      100 |       0 |   16.66 | 162-1152                                                                                                                                                            
 src/modules/graph_intelligence/repositories             |       0 |        0 |       0 |       0 |                                                                                                                                                                     
  graph-analytics.repository.ts                          |       0 |        0 |       0 |       0 | 35-599                                                                                                                                                              
  graph-projection.repository.ts                         |       0 |        0 |       0 |       0 | 158-542                                                                                                                                                             
 src/modules/graph_intelligence/services                 |   94.24 |    83.63 |     100 |   96.16 |                                                                                                                                                                     
  graph-analytics.service.ts                             |   97.47 |    84.48 |     100 |   97.43 | 190,265,374                                                                                                                                                         
  graph-projection.service.ts                            |   95.38 |     85.1 |     100 |   96.82 | 317,393,399,485                                                                                                                                                     
  graph-traversal.service.ts                             |   90.22 |    80.88 |     100 |   94.26 | 179,188,191,194,457-458,496                                                                                                                                         
 src/modules/health_context/controllers                  |     100 |      100 |     100 |     100 |                                                                                                                                                                     
  health-context.controller.ts                           |     100 |      100 |     100 |     100 |                                                                                                                                                                     
 src/modules/health_context/dto                          |   71.42 |      100 |       0 |   71.42 |                                                                                                                                                                     
  health-context.dto.ts                                  |   71.42 |      100 |       0 |   71.42 | 828-909                                                                                                                                                             
 src/modules/health_context/repositories                 |       0 |        0 |       0 |       0 |                                                                                                                                                                     
  health-context.repository.ts                           |       0 |        0 |       0 |       0 | 173-991                                                                                                                                                             
 src/modules/health_context/services                     |   96.11 |    86.36 |   95.55 |   96.72 |                                                                                                                                                                     
  context-collection.service.ts                          |   97.41 |    89.02 |     100 |   98.03 | 418,423,479                                                                                                                                                         
  country-context.service.ts                             |    94.8 |    84.04 |   91.66 |   95.39 | 147,357,440,454,556,669,674                                                                                                                                         
 src/modules/health_data/controllers                     |   95.45 |      100 |   94.44 |   95.45 |                                                                                                                                                                     
  fhir-r5.controller.ts                                  |     100 |      100 |     100 |     100 |                                                                                                                                                                     
  health-data.controller.ts                              |   94.73 |      100 |   93.33 |   94.73 | 99                                                                                                                                                                  
 src/modules/health_data/dto                             |      60 |      100 |       0 |      60 |                                                                                                                                                                     
  health-data.dto.ts                                     |      60 |      100 |       0 |      60 | 886-1044                                                                                                                                                            
 src/modules/health_data/repositories                    |       0 |        0 |       0 |       0 |                                                                                                                                                                     
  canonical-resources.repository.ts                      |       0 |        0 |       0 |       0 | 119-574                                                                                                                                                             
  data-release.repository.ts                             |       0 |        0 |       0 |       0 | 31-401                                                                                                                                                              
  health-ingestion.repository.ts                         |       0 |      100 |       0 |       0 | 108-371                                                                                                                                                             
  health-provenance.repository.ts                        |       0 |        0 |       0 |       0 | 122-202                                                                                                                                                             
  health-terminology-mapping.repository.ts               |       0 |      100 |       0 |       0 | 30-65                                                                                                                                                               
  health-validation.repository.ts                        |       0 |        0 |       0 |       0 | 36-339                                                                                                                                                              
  patient-identity.repository.ts                         |       0 |        0 |       0 |       0 | 33-415                                                                                                                                                              
 src/modules/health_data/services                        |   96.29 |       90 |   94.44 |   96.49 |                                                                                                                                                                     
  canonical-resources.service.ts                         |   98.86 |    86.95 |     100 |   98.86 | 182                                                                                                                                                                 
  data-release.service.ts                                |     100 |       95 |     100 |     100 | 135,241                                                                                                                                                             
  health-ingestion.service.ts                            |    89.1 |    83.92 |   82.35 |      90 | 77-112,489                                                                                                                                                          
  health-validation.service.ts                           |   97.36 |    93.18 |     100 |   97.26 | 85,133                                                                                                                                                              
  patient-identity.service.ts                            |     100 |      100 |     100 |     100 |                                                                                                                                                                     
 src/modules/iam/controllers                             |   79.31 |       50 |   82.35 |   80.35 |                                                                                                                                                                     
  iam-auth.controller.ts                                 |   69.69 |     37.5 |      75 |   70.96 | 206-234,262,349,373-400                                                                                                                                             
  iam-users.controller.ts                                |      92 |      100 |   88.88 |      92 | 232-259                                                                                                                                                             
 src/modules/iam/dto                                     |   84.44 |      100 |   81.08 |   84.44 |                                                                                                                                                                     
  assisted-registration.dto.ts                           |       0 |      100 |       0 |       0 | 32-51                                                                                                                                                               
  login.dto.ts                                           |       0 |      100 |       0 |       0 | 25                                                                                                                                                                  
  refresh-token.dto.ts                                   |       0 |      100 |       0 |       0 | 25                                                                                                                                                                  
  register-organization.dto.ts                           |   94.11 |      100 |   94.11 |   94.11 | 518                                                                                                                                                                 
  register-patient.dto.ts                                |     100 |      100 |     100 |     100 |                                                                                                                                                                     
  register-practitioner.dto.ts                           |   83.33 |      100 |      80 |   83.33 | 636,662                                                                                                                                                             
 src/modules/iam/repositories                            |       0 |        0 |       0 |       0 |                                                                                                                                                                     
  account-activations.repository.ts                      |       0 |      100 |       0 |       0 | 46-67                                                                                                                                                               
  account-lockouts.repository.ts                         |       0 |      100 |       0 |       0 | 35-55                                                                                                                                                               
  credentials.repository.ts                              |       0 |      100 |       0 |       0 | 59-260                                                                                                                                                              
  devices.repository.ts                                  |       0 |        0 |       0 |       0 | 39-54                                                                                                                                                               
  email-verifications.repository.ts                      |       0 |      100 |       0 |       0 | 41-85                                                                                                                                                               
  iam-api-keys.repository.ts                             |       0 |      100 |       0 |       0 | 17-39                                                                                                                                                               
  mfa-factors.repository.ts                              |       0 |      100 |       0 |       0 | 31-54                                                                                                                                                               
  password-resets.repository.ts                          |       0 |      100 |       0 |       0 | 38-74                                                                                                                                                               
  refresh-tokens.repository.ts                           |       0 |        0 |       0 |       0 | 39-105                                                                                                                                                              
  security-events.repository.ts                          |       0 |        0 |       0 |       0 | 42-66                                                                                                                                                               
  sessions.repository.ts                                 |       0 |      100 |       0 |       0 | 43-127                                                                                                                                                              
  user-global-roles.repository.ts                        |       0 |      100 |       0 |       0 | 27-73                                                                                                                                                               
  users.repository.ts                                    |       0 |        0 |       0 |       0 | 44-138                                                                                                                                                              
 src/modules/iam/services                                |   95.98 |    86.61 |   97.47 |   96.23 |                                                                                                                                                                     
  iam-assisted-registration.service.ts                   |   95.65 |    77.77 |     100 |   95.65 | 240,247,256                                                                                                                                                         
  iam-auth.service.ts                                    |   91.76 |    77.19 |   89.28 |   91.87 | 279-281,329-331,354-356,361,486,727-728                                                                                                                             
  iam-credentials.service.ts                             |     100 |      100 |     100 |     100 |                                                                                                                                                                     
  iam-devices.service.ts                                 |     100 |      100 |     100 |     100 |                                                                                                                                                                     
  iam-email-verification.service.ts                      |   97.22 |    91.66 |     100 |     100 | 97                                                                                                                                                                  
  iam-mfa.service.ts                                     |   95.65 |    86.36 |     100 |   95.65 | 66,91                                                                                                                                                               
  iam-organization-representatives.service.ts            |     100 |      100 |     100 |     100 |                                                                                                                                                                     
  iam-organization-self-registration.service.ts          |     100 |    76.92 |     100 |     100 | 140,238,318-324,357                                                                                                                                                 
  iam-password-reset.service.ts                          |   98.61 |    95.45 |     100 |     100 | 127                                                                                                                                                                 
  iam-patient-self-registration.service.ts               |   99.06 |       85 |     100 |   99.06 | 573                                                                                                                                                                 
  iam-practitioner-self-registration.service.ts          |    92.3 |    89.07 |     100 |    92.3 | 109-120,440,835-841,847,1034                                                                                                                                        
  iam-registration-document-upload.service.ts            |     100 |    33.33 |     100 |     100 | 62                                                                                                                                                                  
  iam-users-read.service.ts                              |     100 |    93.75 |     100 |     100 | 146,177-178                                                                                                                                                         
  iam-users.service.ts                                   |   96.15 |    83.33 |     100 |   96.15 | 119,221,291                                                                                                                                                         
  role-mapping.ts                                        |     100 |      100 |     100 |     100 |                                                                                                                                                                     
 src/modules/identity_assurance                          |   69.44 |    71.96 |     100 |   69.01 |                                                                                                                                                                     
  identity-evidence-lifecycle.config.ts                  |   65.07 |    71.96 |     100 |   64.51 | 70-73,111,159,189,196,203,207-248,257,259                                                                                                                           
  identity-evidence-lifecycle.receipt.ts                 |     100 |      100 |     100 |     100 |                                                                                                                                                                     
  identity_assurance.concepts.ts                         |     100 |      100 |     100 |     100 |                                                                                                                                                                     
  identity_assurance.seed.ts                             |     100 |      100 |     100 |     100 |                                                                                                                                                                     
 src/modules/identity_assurance/controllers              |   48.78 |        0 |   57.14 |   48.78 |                                                                                                                                                                     
  identity-assertions.controller.ts                      |     100 |      100 |     100 |     100 |                                                                                                                                                                     
  identity-authorities.controller.ts                     |     100 |      100 |     100 |     100 |                                                                                                                                                                     
  identity-cases.controller.ts                           |   88.88 |      100 |   88.88 |   88.88 | 84                                                                                                                                                                  
  identity-checks.controller.ts                          |     100 |      100 |     100 |     100 |                                                                                                                                                                     
  identity-manual-review.controller.ts                   |     100 |      100 |     100 |     100 |                                                                                                                                                                     
  identity-policies.controller.ts                        |     100 |      100 |     100 |     100 |                                                                                                                                                                     
  identity-self-service.controller.ts                    |       0 |      100 |       0 |       0 | 39-125                                                                                                                                                              
  identity-worker.controller.ts                          |       0 |        0 |       0 |       0 | 56-127                                                                                                                                                              
 src/modules/identity_assurance/dto                      |       0 |      100 |       0 |       0 |                                                                                                                                                                     
  plan-checks.dto.ts                                     |       0 |      100 |       0 |       0 | 53                                                                                                                                                                  
 src/modules/identity_assurance/repositories             |   64.76 |    68.98 |   39.13 |   65.65 |                                                                                                                                                                     
  identity-assertions.repository.ts                      |      50 |        0 |      25 |      50 | 103-132                                                                                                                                                             
  identity-authorities.repository.ts                     |       0 |      100 |       0 |       0 | 97-154                                                                                                                                                              
  identity-cases.repository.ts                           |       0 |        0 |       0 |       0 | 64-177                                                                                                                                                              
  identity-checks.repository.ts                          |       0 |      100 |       0 |       0 | 141-396                                                                                                                                                             
  identity-evidence-disposition.repository.ts            |   91.83 |    81.57 |     100 |    91.3 | 50,76,94,139                                                                                                                                                        
  identity-evidence-lifecycle.repository.ts              |   83.01 |    72.89 |   83.33 |   85.85 | 215,217,227,241,275,299,328,340,362,393-400,425,434,451                                                                                                             
  identity-evidence.repository.ts                        |       0 |        0 |       0 |       0 | 65-117                                                                                                                                                              
  identity-fraud-signals.repository.ts                   |       0 |        0 |       0 |       0 | 52-85                                                                                                                                                               
  identity-manual-review.repository.ts                   |       0 |      100 |       0 |       0 | 48-110                                                                                                                                                              
  identity-policies.repository.ts                        |       0 |      100 |       0 |       0 | 75-89                                                                                                                                                               
 src/modules/identity_assurance/services                 |   84.38 |    74.93 |      83 |   84.75 |                                                                                                                                                                     
  identity-assertions.service.ts                         |   82.75 |       50 |     100 |   82.75 | 60,81,97-103                                                                                                                                                        
  identity-authorities.service.ts                        |   78.94 |       50 |     100 |   78.94 | 100-112                                                                                                                                                             
  identity-cases.service.ts                              |   68.14 |    49.01 |   68.42 |   68.14 | 202-235,292-380,415,425,509                                                                                                                                         
  identity-checks.service.ts                             |   89.25 |    77.77 |    92.3 |   91.15 | 156-188                                                                                                                                                             
  identity-evidence-disposition.executor.ts              |   94.73 |    95.23 |     100 |   94.73 | 98                                                                                                                                                                  
  identity-evidence-eligibility.service.ts               |      96 |    90.62 |     100 |   95.23 | 76                                                                                                                                                                  
  identity-evidence-lifecycle.service.ts                 |   70.37 |    48.93 |      50 |   71.79 | 96,106,111,200,203-248                                                                                                                                              
  identity-evidence-storage-purge.service.ts             |   85.45 |    87.09 |   88.88 |   87.03 | 76,90,103,111,142,202-217                                                                                                                                           
  identity-manual-review.service.ts                      |   91.17 |    78.57 |     100 |   91.17 | 64,68,85                                                                                                                                                            
  identity-policies.service.ts                           |     100 |      100 |     100 |     100 |                                                                                                                                                                     
  identity-self-service.service.ts                       |   93.91 |       86 |      90 |   93.57 | 144-147,172,181,258                                                                                                                                                 
  identity-verification-effects.service.ts               |   95.65 |    95.45 |     100 |   95.55 | 242-246                                                                                                                                                             
 src/modules/insurance                                   |     100 |    83.33 |     100 |     100 |                                                                                                                                                                     
  insurance-currency.ts                                  |     100 |    83.33 |     100 |     100 | 21                                                                                                                                                                  
  insurance.concepts.ts                                  |     100 |      100 |     100 |     100 |                                                                                                                                                                     
 src/modules/insurance/controllers                       |   78.87 |    66.66 |   84.48 |   78.87 |                                                                                                                                                                     
  appeals.controller.ts                                  |     100 |      100 |     100 |     100 |                                                                                                                                                                     
  broker-commission.controller.ts                        |     100 |      100 |     100 |     100 |                                                                                                                                                                     
  claims-read.controller.ts                              |     100 |      100 |     100 |     100 |                                                                                                                                                                     
  claims.controller.ts                                   |     100 |      100 |     100 |     100 |                                                                                                                                                                     
  coverage.controller.ts                                 |     100 |      100 |     100 |     100 |                                                                                                                                                                     
  insurance-analytics.controller.ts                      |     100 |      100 |     100 |     100 |                                                                                                                                                                     
  insurance-backbone.controller.ts                       |   78.57 |      100 |   78.57 |   78.57 | 218-231,269                                                                                                                                                         
  insurance-catalog.controller.ts                        |       0 |      100 |       0 |       0 | 30-46                                                                                                                                                               
  insurance-portability-public.controller.ts             |     100 |       75 |     100 |     100 | 42                                                                                                                                                                  
  insurance-portability.controller.ts                    |    9.09 |      100 |       0 |    9.09 | 50-137                                                                                                                                                              
  insurance-read.controller.ts                           |     100 |      100 |     100 |     100 |                                                                                                                                                                     
  practitioner-settlement-batches.controller.ts          |     100 |       50 |     100 |     100 | 55                                                                                                                                                                  
  prior-auth.controller.ts                               |     100 |      100 |     100 |     100 |                                                                                                                                                                     
  reconciliation.controller.ts                           |     100 |      100 |     100 |     100 |                                                                                                                                                                     
 src/modules/insurance/dto                               |   58.69 |    81.25 |   53.12 |   60.46 |                                                                                                                                                                     
  backbone.dto.ts                                        |   86.95 |    78.57 |     100 |   95.23 | 52                                                                                                                                                                  
  claims-read.dto.ts                                     |       0 |      100 |       0 |       0 | 48                                                                                                                                                                  
  claims.dto.ts                                          |   66.66 |      100 |   66.66 |   66.66 | 174                                                                                                                                                                 
  coverage.dto.ts                                        |       0 |      100 |       0 |       0 | 99                                                                                                                                                                  
  insurance-portability.dto.ts                           |   14.28 |      100 |    8.33 |    7.69 | 35-453                                                                                                                                                              
  patient-settlement.dto.ts                              |     100 |      100 |     100 |     100 |                                                                                                                                                                     
  practitioner-settlement-batch.dto.ts                   |     100 |      100 |     100 |     100 |                                                                                                                                                                     
  prior-auth.dto.ts                                      |       0 |      100 |       0 |       0 | 113                                                                                                                                                                 
 src/modules/insurance/repositories                      |   14.43 |    36.93 |   10.44 |    14.1 |                                                                                                                                                                     
  catalog.repository.ts                                  |       0 |        0 |       0 |       0 | 36-305                                                                                                                                                              
  claim-read.repository.ts                               |       0 |        0 |       0 |       0 | 115-383                                                                                                                                                             
  claim.repository.ts                                    |       0 |        0 |       0 |       0 | 30-282                                                                                                                                                              
  coverage.repository.ts                                 |   66.66 |       70 |   36.84 |   65.71 | 42-100,179-304                                                                                                                                                      
  dispute.repository.ts                                  |       0 |      100 |       0 |       0 | 19-45                                                                                                                                                               
  insurance-analytics.repository.ts                      |     100 |      100 |     100 |     100 |                                                                                                                                                                     
  insurance-portability.repository.ts                    |       0 |      100 |       0 |       0 | 107-251                                                                                                                                                             
  patient-settlement.repository.ts                       |    1.92 |        0 |       0 |    2.12 | 29-191                                                                                                                                                              
  prior-auth.repository.ts                               |       0 |        0 |       0 |       0 | 27-90                                                                                                                                                               
  read.repository.ts                                     |       0 |        0 |       0 |       0 | 34-200                                                                                                                                                              
  settlement.repository.ts                               |       0 |        0 |       0 |       0 | 29-245                                                                                                                                                              
 src/modules/insurance/services                          |   77.84 |    67.23 |   78.42 |   78.68 |                                                                                                                                                                     
  appeals.service.ts                                     |       0 |        0 |       0 |       0 | 29-91                                                                                                                                                               
  broker-commission.service.ts                           |       0 |        0 |       0 |       0 | 30-104                                                                                                                                                              
  claim-settlement-breakdown.ts                          |   97.05 |    97.61 |     100 |   96.55 | 96                                                                                                                                                                  
  claims-read.service.ts                                 |   86.36 |    71.16 |      82 |   89.62 | 204,270-290,557,604,656,690,701-702,729-730                                                                                                                         
  claims.service.ts                                      |   92.89 |    81.48 |     100 |   94.02 | 90,100,109,145,152,412,437,501,543,552,562                                                                                                                          
  coverage.service.ts                                    |    1.92 |        0 |       0 |    1.92 | 41-240                                                                                                                                                              
  declared-coverage.ts                                   |   86.66 |       75 |     100 |   86.66 | 69,88                                                                                                                                                               
  declared-coverages-reader.ts                           |     100 |      100 |     100 |     100 |                                                                                                                                                                     
  insurance-analytics.service.ts                         |   91.66 |     87.5 |   72.72 |   93.61 | 231-237,251                                                                                                                                                         
  insurance-backbone.service.ts                          |   52.84 |    45.07 |   51.72 |   52.45 | 74-89,162-177,203,243-260,317,351,363,382,401-559                                                                                                                   
  insurance-catalog.service.ts                           |   89.28 |    64.28 |      90 |     100 | 67-89,97                                                                                                                                                            
  insurance-portability-pdf.service.ts                   |   94.44 |    55.76 |   92.85 |   95.58 | 238,266-267                                                                                                                                                         
  insurance-portability.service.ts                       |   60.37 |    35.62 |      44 |   62.68 | 140-146,173,182-189,200,210-211,373-377,389-403,499,504-510,528,541,575,634-693,704-705,729,754,780,786,790,795-796,805-811,834-842,859,863-872,880-884,887-895,909 
  insurance-read.service.ts                              |    97.2 |    83.15 |     100 |   99.23 | 280                                                                                                                                                                 
  linked-claim-access.service.ts                         |     100 |     90.9 |     100 |     100 | 15,72,86,124                                                                                                                                                        
  linked-claim-order.service.ts                          |   93.47 |    79.59 |   96.29 |   95.23 | 53-54,80,96                                                                                                                                                         
  linked-claim-validation.ts                             |   85.48 |    85.71 |     100 |   89.09 | 67,82,192,194,204-205                                                                                                                                               
  patient-settlement-projection.ts                       |   92.42 |    85.71 |     100 |   93.44 | 74,90,102,138                                                                                                                                                       
  patient-settlement.service.ts                          |    92.3 |       70 |   83.33 |   95.23 | 65                                                                                                                                                                  
  practitioner-settlement-batch.ts                       |   96.59 |    86.11 |     100 |   97.64 | 32,143                                                                                                                                                              
  practitioner-settlement-batches.service.ts             |   73.54 |    45.16 |   59.52 |   73.97 | 200-203,327-353,391-404,427,463,484,488,493-496,500,507,527,549-566,584                                                                                             
  prior-auth.service.ts                                  |   85.71 |    65.38 |     100 |   87.09 | 71-76,99,155,180-192,282,290                                                                                                                                        
  reconciliation.service.ts                              |       0 |        0 |       0 |       0 | 38-134                                                                                                                                                              
 src/modules/integration_contracts                       |     100 |      100 |     100 |     100 |                                                                                                                                                                     
  integration_contracts.concepts.ts                      |     100 |      100 |     100 |     100 |                                                                                                                                                                     
 src/modules/integration_contracts/controllers           |     100 |      100 |     100 |     100 |                                                                                                                                                                     
  integration-contracts.controller.ts                    |     100 |      100 |     100 |     100 |                                                                                                                                                                     
  integration-exchanges.controller.ts                    |     100 |      100 |     100 |     100 |                                                                                                                                                                     
 src/modules/integration_contracts/repositories          |       0 |        0 |       0 |       0 |                                                                                                                                                                     
  auth-profiles.repository.ts                            |       0 |      100 |       0 |       0 | 66-74                                                                                                                                                               
  contract-versions.repository.ts                        |       0 |        0 |       0 |       0 | 57-107                                                                                                                                                              
  contracts.repository.ts                                |       0 |      100 |       0 |       0 | 60-77                                                                                                                                                               
  delivery-evidence.repository.ts                        |       0 |      100 |       0 |       0 | 45                                                                                                                                                                  
  exchange-attempts.repository.ts                        |       0 |        0 |       0 |       0 | 58-88                                                                                                                                                               
  exchange-records.repository.ts                         |       0 |      100 |       0 |       0 | 65-73                                                                                                                                                               
  idempotency-records.repository.ts                      |       0 |      100 |       0 |       0 | 50-61                                                                                                                                                               
  sync-cursors.repository.ts                             |       0 |      100 |       0 |       0 | 42-54                                                                                                                                                               
  webhook-subscriptions.repository.ts                    |       0 |        0 |       0 |       0 | 54-88                                                                                                                                                               
 src/modules/integration_contracts/services              |   94.88 |    81.04 |     100 |   95.61 |                                                                                                                                                                     
  integration-auth-profiles.service.ts                   |   96.29 |    91.66 |     100 |   96.29 | 127                                                                                                                                                                 
  integration-contracts.service.ts                       |   95.77 |    78.12 |     100 |   95.77 | 193,199,265                                                                                                                                                         
  integration-exchanges.service.ts                       |   95.23 |    81.15 |     100 |   97.05 | 91,291,307                                                                                                                                                          
  integration-webhooks.service.ts                        |   92.15 |       80 |     100 |   92.15 | 76,160,167,173                                                                                                                                                      
 src/modules/integrations                                |     100 |      100 |     100 |     100 |                                                                                                                                                                     
  integrations.concepts.ts                               |     100 |      100 |     100 |     100 |                                                                                                                                                                     
 src/modules/integrations/controllers                    |      90 |      100 |   89.47 |      90 |                                                                                                                                                                     
  integrations-connections.controller.ts                 |     100 |      100 |     100 |     100 |                                                                                                                                                                     
  integrations-messages.controller.ts                    |     100 |      100 |     100 |     100 |                                                                                                                                                                     
  integrations-providers.controller.ts                   |     100 |      100 |     100 |     100 |                                                                                                                                                                     
  integrations-webhooks.controller.ts                    |       0 |      100 |       0 |       0 | 20-32                                                                                                                                                               
 src/modules/integrations/dto                            |       0 |      100 |       0 |       0 |                                                                                                                                                                     
  publish-endpoint.dto.ts                                |       0 |      100 |       0 |       0 | 153                                                                                                                                                                 
 src/modules/integrations/repositories                   |       0 |        0 |       0 |       0 |                                                                                                                                                                     
  external-providers.repository.ts                       |       0 |      100 |       0 |       0 | 58-77                                                                                                                                                               
  inbound-messages.repository.ts                         |       0 |      100 |       0 |       0 | 57-94                                                                                                                                                               
  integration-endpoints.repository.ts                    |       0 |      100 |       0 |       0 | 100-153                                                                                                                                                             
  message-responses.repository.ts                        |       0 |      100 |       0 |       0 | 49                                                                                                                                                                  
  message-retries.repository.ts                          |       0 |        0 |       0 |       0 | 57-73                                                                                                                                                               
  outbound-messages.repository.ts                        |       0 |      100 |       0 |       0 | 70-186                                                                                                                                                              
  provider-connections.repository.ts                     |       0 |      100 |       0 |       0 | 54-65                                                                                                                                                               
  provider-credentials.repository.ts                     |       0 |      100 |       0 |       0 | 51-65                                                                                                                                                               
  webhook-subscriptions.repository.ts                    |       0 |        0 |       0 |       0 | 51-66                                                                                                                                                               
 src/modules/integrations/services                       |   93.65 |    76.36 |     100 |    93.6 |                                                                                                                                                                     
  integrations-connections.service.ts                    |   94.44 |    65.38 |     100 |   94.44 | 146,201,214                                                                                                                                                         
  integrations-messaging.service.ts                      |   91.26 |    81.48 |     100 |   91.12 | 97,168,183,200-205,269,332,345,398,406                                                                                                                              
  integrations-providers.service.ts                      |      96 |    72.72 |     100 |      96 | 224,228                                                                                                                                                             
  integrations-webhooks.service.ts                       |     100 |     87.5 |     100 |     100 | 78                                                                                                                                                                  
 src/modules/lakehouse/constants                         |     100 |      100 |     100 |     100 |                                                                                                                                                                     
  lakehouse.constants.ts                                 |     100 |      100 |     100 |     100 |                                                                                                                                                                     
 src/modules/lakehouse/controllers                       |    87.5 |      100 |   86.66 |    87.5 |                                                                                                                                                                     
  lakehouse.controller.ts                                |     100 |      100 |     100 |     100 |                                                                                                                                                                     
  research.controller.ts                                 |   71.42 |      100 |   71.42 |   71.42 | 75,139                                                                                                                                                              
 src/modules/lakehouse/dto                               |       0 |      100 |       0 |       0 |                                                                                                                                                                     
  lakehouse.dto.ts                                       |       0 |      100 |       0 |       0 | 350-1021                                                                                                                                                            
 src/modules/lakehouse/repositories                      |       0 |        0 |       0 |       0 |                                                                                                                                                                     
  lakehouse-catalog.repository.ts                        |       0 |      100 |       0 |       0 | 63-563                                                                                                                                                              
  lakehouse-runtime.repository.ts                        |       0 |      100 |       0 |       0 | 37-371                                                                                                                                                              
  research.repository.ts                                 |       0 |        0 |       0 |       0 | 30-363                                                                                                                                                              
 src/modules/lakehouse/services                          |   92.92 |    87.07 |   93.75 |   93.44 |                                                                                                                                                                     
  lakehouse-catalog.service.ts                           |   92.85 |    82.97 |     100 |   95.12 | 191,313,332,347                                                                                                                                                     
  research-release.service.ts                            |   88.88 |    88.73 |   83.33 |   88.88 | 87-107,181,188,277,314,324,408,443,560                                                                                                                              
  transformation.service.ts                              |   97.27 |    88.33 |     100 |   97.16 | 104,331,458                                                                                                                                                         
 src/modules/marketing/controllers                       |     100 |      100 |     100 |     100 |                                                                                                                                                                     
  marketing.controller.ts                                |     100 |      100 |     100 |     100 |                                                                                                                                                                     
  tracked-link-redirect.controller.ts                    |     100 |      100 |     100 |     100 |                                                                                                                                                                     
 src/modules/marketing/dto                               |    62.5 |      100 |       0 |    62.5 |                                                                                                                                                                     
  marketing.dto.ts                                       |    62.5 |      100 |       0 |    62.5 | 153,671-726                                                                                                                                                         
 src/modules/marketing/repositories                      |       0 |        0 |       0 |       0 |                                                                                                                                                                     
  marketing-campaigns.repository.ts                      |       0 |      100 |       0 |       0 | 251-546                                                                                                                                                             
  marketing-journeys.repository.ts                       |       0 |        0 |       0 |       0 | 278-645                                                                                                                                                             
 src/modules/marketing/services                          |    97.8 |    88.33 |     100 |   97.75 |                                                                                                                                                                     
  marketing-campaigns.service.ts                         |   99.08 |    93.87 |     100 |   99.07 | 210                                                                                                                                                                 
  marketing-journeys.service.ts                          |   97.14 |    86.25 |     100 |   97.05 | 218,237,330,430,443,531                                                                                                                                             
 src/modules/medical_groups/controllers                  |    9.09 |        0 |       0 |    9.09 |                                                                                                                                                                     
  medical-groups.controller.ts                           |    9.09 |        0 |       0 |    9.09 | 47-152                                                                                                                                                              
 src/modules/medical_groups/dto                          |   66.66 |      100 |       0 |   66.66 |                                                                                                                                                                     
  medical-groups.dto.ts                                  |   66.66 |      100 |       0 |   66.66 | 109                                                                                                                                                                 
 src/modules/medical_groups/repositories                 |       0 |        0 |       0 |       0 |                                                                                                                                                                     
  medical-group-members.repository.ts                    |       0 |        0 |       0 |       0 | 27-103                                                                                                                                                              
  medical-groups.repository.ts                           |       0 |        0 |       0 |       0 | 26-87                                                                                                                                                               
 src/modules/medical_groups/services                     |    0.92 |        0 |       0 |    0.93 |                                                                                                                                                                     
  medical-groups.service.ts                              |    0.92 |        0 |       0 |    0.93 | 59-699                                                                                                                                                              
 src/modules/messaging                                   |     100 |      100 |     100 |     100 |                                                                                                                                                                     
  notifications.contract.ts                              |     100 |      100 |     100 |     100 |                                                                                                                                                                     
 src/modules/messaging/controllers                       |    82.6 |      100 |      80 |    82.6 |                                                                                                                                                                     
  messaging-internal.controller.ts                       |     100 |      100 |     100 |     100 |                                                                                                                                                                     
  messaging.controller.ts                                |      60 |      100 |   55.55 |      60 | 119-176                                                                                                                                                             
  provider-webhooks.controller.ts                        |     100 |      100 |     100 |     100 |                                                                                                                                                                     
 src/modules/messaging/dto                               |   66.66 |      100 |       0 |   66.66 |                                                                                                                                                                     
  in-app.dto.ts                                          |   33.33 |      100 |       0 |   33.33 | 214-226                                                                                                                                                             
  messaging.dto.ts                                       |     100 |      100 |     100 |     100 |                                                                                                                                                                     
 src/modules/messaging/repositories                      |       0 |        0 |       0 |       0 |                                                                                                                                                                     
  delivery-status-transitions.repository.ts              |       0 |        0 |       0 |       0 | 27-64                                                                                                                                                               
  notifications.repository.ts                            |       0 |        0 |       0 |       0 | 139-895                                                                                                                                                             
  outbox.repository.ts                                   |       0 |        0 |       0 |       0 | 117-325                                                                                                                                                             
  queues.repository.ts                                   |       0 |      100 |       0 |       0 | 62-252                                                                                                                                                              
 src/modules/messaging/services                          |   94.47 |    81.62 |   98.66 |    96.3 |                                                                                                                                                                     
  notifications.service.ts                               |   92.83 |     82.6 |    97.5 |   95.45 | 143,148,352,367,401,450,861,918,1032,1086,1310,1320                                                                                                                 
  outbox.service.ts                                      |   96.69 |    86.66 |     100 |   98.29 | 129,678                                                                                                                                                             
  queues.service.ts                                      |   96.26 |    73.68 |     100 |   96.22 | 129,241,345,353                                                                                                                                                     
 src/modules/object_storage/constants                    |     100 |      100 |     100 |     100 |                                                                                                                                                                     
  object-storage.constants.ts                            |     100 |      100 |     100 |     100 |                                                                                                                                                                     
 src/modules/object_storage/controllers                  |   77.27 |        0 |   93.75 |   77.27 |                                                                                                                                                                     
  dicomweb.controller.ts                                 |     100 |      100 |     100 |     100 |                                                                                                                                                                     
  object-storage.controller.ts                           |      75 |        0 |   92.85 |      75 | 236-245                                                                                                                                                             
 src/modules/object_storage/dto                          |   33.33 |      100 |       0 |   33.33 |                                                                                                                                                                     
  object-storage.dto.ts                                  |   33.33 |      100 |       0 |   33.33 | 284-617                                                                                                                                                             
 src/modules/object_storage/ports                        |    8.69 |        0 |    12.5 |    9.52 |                                                                                                                                                                     
  object-content.port.ts                                 |     100 |      100 |     100 |     100 |                                                                                                                                                                     
  s3-object-content.reader.ts                            |    2.32 |        0 |       0 |    2.56 | 36-144                                                                                                                                                              
 src/modules/object_storage/repositories                 |       0 |        0 |       0 |       0 |                                                                                                                                                                     
  dicom.repository.ts                                    |       0 |        0 |       0 |       0 | 63-391                                                                                                                                                              
  object-governance.repository.ts                        |       0 |        0 |       0 |       0 | 53-346                                                                                                                                                              
  object-storage.repository.ts                           |       0 |      100 |       0 |       0 | 81-653                                                                                                                                                              
 src/modules/object_storage/services                     |   95.26 |    86.75 |     100 |   95.91 |                                                                                                                                                                     
  dicom-catalog.service.ts                               |   96.72 |    86.36 |     100 |     100 | 82,256-262                                                                                                                                                          
  object-governance.service.ts                           |   93.33 |    85.33 |     100 |   93.98 | 109,186,196,253,274,283,355,440                                                                                                                                     
  object-storage.service.ts                              |   96.09 |    87.59 |     100 |   96.03 | 265,387,421,717,762,802,885,1314                                                                                                                                    
 src/modules/ops_console                                 |    6.94 |        0 |       0 |    7.69 |                                                                                                                                                                     
  ops-console.controller.ts                              |    9.09 |        0 |       0 |    9.09 | 25-104                                                                                                                                                              
  ops-console.repository.ts                              |       8 |        0 |       0 |    8.69 | 25-278                                                                                                                                                              
  ops-console.service.ts                                 |    5.55 |        0 |       0 |    6.45 | 18,30-257                                                                                                                                                           
 src/modules/ops_console/domain                          |   95.68 |       80 |     100 |   95.28 |                                                                                                                                                                     
  readiness.ts                                           |   95.68 |       80 |     100 |   95.28 | 112,250,387-388,410                                                                                                                                                 
 src/modules/organization_extensions                     |     100 |      100 |     100 |     100 |                                                                                                                                                                     
  organization_extensions.concepts.ts                    |     100 |      100 |     100 |     100 |                                                                                                                                                                     
 src/modules/organization_extensions/controllers         |     100 |      100 |     100 |     100 |                                                                                                                                                                     
  orgext-affiliations.controller.ts                      |     100 |      100 |     100 |     100 |                                                                                                                                                                     
  orgext-data-boundaries.controller.ts                   |     100 |      100 |     100 |     100 |                                                                                                                                                                     
  orgext-facility-licenses.controller.ts                 |     100 |      100 |     100 |     100 |                                                                                                                                                                     
  orgext-hospitals.controller.ts                         |     100 |      100 |     100 |     100 |                                                                                                                                                                     
 src/modules/organization_extensions/repositories        |       0 |      100 |       0 |       0 |                                                                                                                                                                     
  facility-licenses.repository.ts                        |       0 |      100 |       0 |       0 | 70-101                                                                                                                                                              
  hospital-service-lines.repository.ts                   |       0 |      100 |       0 |       0 | 58-63                                                                                                                                                               
  hospitals.repository.ts                                |       0 |      100 |       0 |       0 | 64-81                                                                                                                                                               
  organization-affiliations.repository.ts                |       0 |      100 |       0 |       0 | 65-89                                                                                                                                                               
  organization-data-boundaries.repository.ts             |       0 |      100 |       0 |       0 | 71-95                                                                                                                                                               
 src/modules/organization_extensions/services            |   97.72 |    85.48 |     100 |    97.7 |                                                                                                                                                                     
  orgext-affiliations.service.ts                         |     100 |     87.5 |     100 |     100 | 118-119                                                                                                                                                             
  orgext-data-boundaries.service.ts                      |     100 |    83.33 |     100 |     100 | 75                                                                                                                                                                  
  orgext-facility-licenses.service.ts                    |     100 |     87.5 |     100 |     100 | 81-82                                                                                                                                                               
  orgext-hospitals.service.ts                            |   94.73 |    83.33 |     100 |   94.64 | 165,190,253                                                                                                                                                         
 src/modules/payments/controllers                        |     100 |      100 |     100 |     100 |                                                                                                                                                                     
  payments-intents.controller.ts                         |     100 |      100 |     100 |     100 |                                                                                                                                                                     
  payments-operations.controller.ts                      |     100 |      100 |     100 |     100 |                                                                                                                                                                     
  payments-transactions.controller.ts                    |     100 |      100 |     100 |     100 |                                                                                                                                                                     
 src/modules/payments/dto                                |    62.5 |      100 |       0 |    62.5 |                                                                                                                                                                     
  payment-flow.dto.ts                                    |     100 |      100 |     100 |     100 |                                                                                                                                                                     
  payment-intent.dto.ts                                  |     100 |      100 |     100 |     100 |                                                                                                                                                                     
  payment-operations.dto.ts                              |       0 |      100 |       0 |       0 | 238-499                                                                                                                                                             
  payment-transaction.dto.ts                             |     100 |      100 |     100 |     100 |                                                                                                                                                                     
 src/modules/payments/repositories                       |       0 |        0 |       0 |       0 |                                                                                                                                                                     
  payment-flow.repository.ts                             |       0 |      100 |       0 |       0 | 248-420                                                                                                                                                             
  payment-intents.repository.ts                          |       0 |      100 |       0 |       0 | 72-128                                                                                                                                                              
  payment-operations.repository.ts                       |       0 |      100 |       0 |       0 | 332-645                                                                                                                                                             
  payment-transactions.repository.ts                     |       0 |        0 |       0 |       0 | 196-381                                                                                                                                                             
  payments-subscription-plans.repository.ts              |       0 |      100 |       0 |       0 | 30-135                                                                                                                                                              
  payments-wallets.repository.ts                         |       0 |      100 |       0 |       0 | 54-99                                                                                                                                                               
 src/modules/payments/services                           |   92.17 |    83.49 |      95 |   92.52 |                                                                                                                                                                     
  payment-callback-machine.ts                            |     100 |      100 |     100 |     100 |                                                                                                                                                                     
  payment-money.ts                                       |     100 |      100 |     100 |     100 |                                                                                                                                                                     
  payments-checkout.service.ts                           |   95.23 |     90.9 |     100 |   95.23 | 79                                                                                                                                                                  
  payments-intents.service.ts                            |   93.58 |    83.33 |     100 |   95.94 | 234,296,307                                                                                                                                                         
  payments-operations.service.ts                         |   98.73 |     77.5 |     100 |   98.73 | 82                                                                                                                                                                  
  payments-transactions.service.ts                       |   93.27 |     87.5 |     100 |    93.1 | 117,127,180,371,430,478,568,658                                                                                                                                     
  wallets.service.ts                                     |       0 |        0 |       0 |       0 | 45-112                                                                                                                                                              
  webhook-secret.resolver.ts                             |     100 |      100 |     100 |     100 |                                                                                                                                                                     
 src/modules/pharma_lab                                  |     100 |      100 |     100 |     100 |                                                                                                                                                                     
  pharma_lab.concepts.ts                                 |     100 |      100 |     100 |     100 |                                                                                                                                                                     
  pharma_lab.roles.ts                                    |     100 |      100 |     100 |     100 |                                                                                                                                                                     
 src/modules/pharma_lab/controllers                      |       0 |        0 |       0 |       0 |                                                                                                                                                                     
  medical-visitors.controller.ts                         |       0 |      100 |       0 |       0 | 48-147                                                                                                                                                              
  pharma-catalog.controller.ts                           |       0 |      100 |       0 |       0 | 48-195                                                                                                                                                              
  pharma-lab-notices.controller.ts                       |       0 |        0 |       0 |       0 | 36-57                                                                                                                                                               
  pharma-lab-reference.controller.ts                     |       0 |      100 |       0 |       0 | 41                                                                                                                                                                  
  pharma-lab-social.controller.ts                        |       0 |      100 |       0 |       0 | 55-122                                                                                                                                                              
  pharma-labs.controller.ts                              |       0 |      100 |       0 |       0 | 44-145                                                                                                                                                              
  pharmacovigilance.controller.ts                        |       0 |      100 |       0 |       0 | 45-106                                                                                                                                                              
  regulatory-documents.controller.ts                     |       0 |      100 |       0 |       0 | 52-157                                                                                                                                                              
  visit-agenda.controller.ts                             |       0 |      100 |       0 |       0 | 36-100                                                                                                                                                              
  visit-records.controller.ts                            |       0 |      100 |       0 |       0 | 39-107                                                                                                                                                              
  visit-requests.controller.ts                           |       0 |      100 |       0 |       0 | 42-159                                                                                                                                                              
  visit-surveys.controller.ts                            |       0 |      100 |       0 |       0 | 39-128                                                                                                                                                              
 src/modules/pharma_lab/dto                              |       0 |      100 |       0 |       0 |                                                                                                                                                                     
  agenda.dto.ts                                          |       0 |      100 |       0 |       0 | 170                                                                                                                                                                 
  surveys.dto.ts                                         |       0 |      100 |       0 |       0 | 141-192                                                                                                                                                             
  visits.dto.ts                                          |       0 |      100 |       0 |       0 | 113-287                                                                                                                                                             
 src/modules/pharma_lab/guards                           |   96.42 |    92.85 |     100 |     100 |                                                                                                                                                                     
  pharma-lab-scope.guard.ts                              |   96.42 |    92.85 |     100 |     100 | 83                                                                                                                                                                  
 src/modules/pharma_lab/repositories                     |    0.65 |        0 |       0 |    0.69 |                                                                                                                                                                     
  agenda.repository.ts                                   |       0 |      100 |       0 |       0 | 25-154                                                                                                                                                              
  analytics.repository.ts                                |       0 |      100 |       0 |       0 | 24-96                                                                                                                                                               
  catalog.repository.ts                                  |       0 |        0 |       0 |       0 | 22-212                                                                                                                                                              
  doctor-calendar.repository.ts                          |       0 |        0 |       0 |       0 | 53-139                                                                                                                                                              
  organization.repository.ts                             |       0 |        0 |       0 |       0 | 21-193                                                                                                                                                              
  pharmacovigilance.repository.ts                        |       0 |      100 |       0 |       0 | 23-124                                                                                                                                                              
  regulatory.repository.ts                               |       0 |      100 |       0 |       0 | 25-171                                                                                                                                                              
  surveys.repository.ts                                  |       0 |        0 |       0 |       0 | 23-255                                                                                                                                                              
  visitors.repository.ts                                 |       0 |        0 |       0 |       0 | 30-232                                                                                                                                                              
  visits.repository.ts                                   |    4.16 |        0 |       0 |    4.34 | 33-368                                                                                                                                                              
 src/modules/pharma_lab/services                         |   57.65 |    51.55 |   55.04 |   57.73 |                                                                                                                                                                     
  medical-visitors.service.ts                            |   51.14 |    31.57 |   41.17 |   51.14 | 96-323,386-389,564-596                                                                                                                                              
  pharma-analytics.service.ts                            |       0 |        0 |       0 |       0 | 68-205                                                                                                                                                              
  pharma-catalog.service.ts                              |    60.5 |       50 |   72.72 |   61.01 | 156-193,267-268,291,347-357,379,391-401,434,479-512,535,550                                                                                                         
  pharma-lab-access.service.ts                           |   81.81 |    78.37 |    90.9 |    82.5 | 133,142,163,246-253                                                                                                                                                 
  pharma-lab-notifications.service.ts                    |       0 |        0 |       0 |       0 | 44-126                                                                                                                                                              
  pharma-lab-organization.service.ts                     |   17.97 |       10 |      35 |   18.82 | 77-115,139-157,216-451                                                                                                                                              
  pharma-social.service.ts                               |       0 |        0 |       0 |       0 | 53-281                                                                                                                                                              
  pharmacovigilance.service.ts                           |   87.93 |    83.33 |   77.77 |    87.5 | 253-275,303,315                                                                                                                                                     
  regulatory-documents.service.ts                        |   85.29 |    76.66 |   76.47 |      86 | 72-112,233-234,324-326,429                                                                                                                                          
  visit-agenda.service.ts                                |   76.47 |    64.89 |   73.07 |   76.92 | 113-126,171-187,216-282,396-408                                                                                                                                     
  visit-records.service.ts                               |   93.85 |    89.06 |   92.59 |   93.51 | 109,243,361-372,410,436                                                                                                                                             
  visit-requests.service.ts                              |   73.65 |    61.29 |   79.41 |   74.39 | 152,423-485,508,518,590-650,710,722-728,744                                                                                                                         
  visit-surveys.service.ts                               |       0 |        0 |       0 |       0 | 74-385                                                                                                                                                              
 src/modules/pharmacy                                    |     100 |      100 |     100 |     100 |                                                                                                                                                                     
  pharmacy.concepts.ts                                   |     100 |      100 |     100 |     100 |                                                                                                                                                                     
 src/modules/pharmacy/controllers                        |   61.22 |       60 |      64 |   64.44 |                                                                                                                                                                     
  pharmacy-public.controller.ts                          |    5.88 |        0 |       0 |    7.14 | 61-177                                                                                                                                                              
  pharmacy-read.controller.ts                            |      80 |      100 |   57.14 |   78.57 | 51-61,168                                                                                                                                                           
  pharmacy.controller.ts                                 |     100 |      100 |     100 |     100 |                                                                                                                                                                     
 src/modules/pharmacy/dto                                |       0 |      100 |       0 |       0 |                                                                                                                                                                     
  create-pharmacy.dto.ts                                 |       0 |      100 |       0 |       0 | 136                                                                                                                                                                 
  create-product.dto.ts                                  |       0 |      100 |       0 |       0 | 178                                                                                                                                                                 
 src/modules/pharmacy/repositories                       |       0 |        0 |       0 |       0 |                                                                                                                                                                     
  pharmacies.repository.ts                               |       0 |      100 |       0 |       0 | 58-72                                                                                                                                                               
  pharmacy-external-product-mappings.repository.ts       |       0 |      100 |       0 |       0 | 47-70                                                                                                                                                               
  pharmacy-integration-connections.repository.ts         |       0 |        0 |       0 |       0 | 69-90                                                                                                                                                               
  pharmacy-licenses.repository.ts                        |       0 |      100 |       0 |       0 | 59-76                                                                                                                                                               
  pharmacy-marketplace.repository.ts                     |       0 |        0 |       0 |       0 | 93-218                                                                                                                                                              
  pharmacy-price-lists.repository.ts                     |       0 |      100 |       0 |       0 | 59-73                                                                                                                                                               
  pharmacy-product-identifiers.repository.ts             |       0 |      100 |       0 |       0 | 54                                                                                                                                                                  
  pharmacy-product-prices.repository.ts                  |       0 |        0 |       0 |       0 | 71-123                                                                                                                                                              
  pharmacy-products.repository.ts                        |       0 |      100 |       0 |       0 | 71-94                                                                                                                                                               
  pharmacy-read.repository.ts                            |       0 |        0 |       0 |       0 | 38-226                                                                                                                                                              
  pharmacy-sites.repository.ts                           |       0 |      100 |       0 |       0 | 59-73                                                                                                                                                               
 src/modules/pharmacy/services                           |   96.47 |    83.68 |     100 |   96.76 |                                                                                                                                                                     
  pharmacies.service.ts                                  |   95.12 |    76.92 |     100 |    97.5 | 162                                                                                                                                                                 
  pharmacy-catalog.service.ts                            |     100 |      100 |     100 |     100 |                                                                                                                                                                     
  pharmacy-integration.service.ts                        |   83.72 |    73.07 |     100 |   83.72 | 70,80-86,152,157,178                                                                                                                                                
  pharmacy-marketplace.service.ts                        |   98.75 |    88.63 |     100 |   98.64 | 195                                                                                                                                                                 
  pharmacy-pricing.service.ts                            |   92.06 |     73.8 |     100 |   92.06 | 69,73,170,175,258                                                                                                                                                   
  pharmacy-products.service.ts                           |   97.82 |    77.77 |     100 |   97.82 | 69                                                                                                                                                                  
  pharmacy-read.service.ts                               |   99.41 |    88.33 |     100 |     100 | 82,108-144,191,260-295,316,370,513                                                                                                                                  
  pharmacy-sites.service.ts                              |     100 |      100 |     100 |     100 |                                                                                                                                                                     
 src/modules/pharmacy_inventory                          |     100 |      100 |     100 |     100 |                                                                                                                                                                     
  pharmacy_inventory.concepts.ts                         |     100 |      100 |     100 |     100 |                                                                                                                                                                     
 src/modules/pharmacy_inventory/controllers              |   24.07 |      100 |    8.33 |   22.64 |                                                                                                                                                                     
  pharmacy-dispensing.controller.ts                      |       0 |      100 |       0 |       0 | 30-57                                                                                                                                                               
  pharmacy-inventory-internal.controller.ts              |       0 |      100 |       0 |       0 | 41-89                                                                                                                                                               
  pharmacy-inventory-read.controller.ts                  |   92.85 |      100 |      75 |    92.3 | 52                                                                                                                                                                  
  pharmacy-inventory.controller.ts                       |       0 |      100 |       0 |       0 | 53-151                                                                                                                                                              
  pharmacy-orders.controller.ts                          |       0 |      100 |       0 |       0 | 50-286                                                                                                                                                              
  pharmacy-procurement.controller.ts                     |       0 |      100 |       0 |       0 | 35-75                                                                                                                                                               
 src/modules/pharmacy_inventory/dto                      |   16.66 |      100 |       0 |   16.66 |                                                                                                                                                                     
  approve-count-session.dto.ts                           |       0 |      100 |       0 |       0 | 39                                                                                                                                                                  
  create-count-session.dto.ts                            |       0 |      100 |       0 |       0 | 57                                                                                                                                                                  
  create-dispensation.dto.ts                             |       0 |      100 |       0 |       0 | 116                                                                                                                                                                 
  create-goods-receipt.dto.ts                            |       0 |      100 |       0 |       0 | 135                                                                                                                                                                 
  create-purchase-order.dto.ts                           |       0 |      100 |       0 |       0 | 92                                                                                                                                                                  
  create-reservation.dto.ts                              |       0 |      100 |       0 |       0 | 102                                                                                                                                                                 
  create-sync-batch.dto.ts                               |       0 |      100 |       0 |       0 | 99                                                                                                                                                                  
  pharmacy-orders.dto.ts                                 |      40 |      100 |       0 |      40 | 112-355,479                                                                                                                                                         
 src/modules/pharmacy_inventory/repositories             |       0 |        0 |       0 |       0 |                                                                                                                                                                     
  count-sessions.repository.ts                           |       0 |      100 |       0 |       0 | 88-168                                                                                                                                                              
  dispensations.repository.ts                            |       0 |      100 |       0 |       0 | 108-177                                                                                                                                                             
  goods-receipts.repository.ts                           |       0 |      100 |       0 |       0 | 104-163                                                                                                                                                             
  inventory-read.repository.ts                           |       0 |        0 |       0 |       0 | 19-40                                                                                                                                                               
  ledger.repository.ts                                   |       0 |        0 |       0 |       0 | 98-142                                                                                                                                                              
  locations.repository.ts                                |       0 |      100 |       0 |       0 | 57-68                                                                                                                                                               
  lots.repository.ts                                     |       0 |      100 |       0 |       0 | 49-69                                                                                                                                                               
  pharmacy-order-substitutions.repository.ts             |       0 |        0 |       0 |       0 | 61-74                                                                                                                                                               
  pharmacy-orders.repository.ts                          |       0 |        0 |       0 |       0 | 37-298                                                                                                                                                              
  purchase-orders.repository.ts                          |       0 |      100 |       0 |       0 | 95-177                                                                                                                                                              
  recall-holds.repository.ts                             |       0 |      100 |       0 |       0 | 56-67                                                                                                                                                               
  reservations.repository.ts                             |       0 |      100 |       0 |       0 | 113-185                                                                                                                                                             
  serials.repository.ts                                  |       0 |      100 |       0 |       0 | 45-56                                                                                                                                                               
  stock-positions.repository.ts                          |       0 |        0 |       0 |       0 | 65-112                                                                                                                                                              
  suppliers.repository.ts                                |       0 |      100 |       0 |       0 | 49-60                                                                                                                                                               
  sync.repository.ts                                     |       0 |      100 |       0 |       0 | 91-155                                                                                                                                                              
 src/modules/pharmacy_inventory/services                 |   72.14 |    64.89 |   81.41 |   72.57 |                                                                                                                                                                     
  inventory-count.service.ts                             |    2.98 |        0 |       0 |    2.98 | 31,44-236                                                                                                                                                           
  inventory-locations.service.ts                         |     100 |      100 |     100 |     100 |                                                                                                                                                                     
  inventory-recall.service.ts                            |    3.12 |        0 |       0 |    3.17 | 31,44-224                                                                                                                                                           
  inventory-reservations.service.ts                      |    3.03 |        0 |       0 |    3.12 | 28,41-279                                                                                                                                                           
  inventory-sync.service.ts                              |       0 |        0 |       0 |       0 | 33-145                                                                                                                                                              
  inventory-transfers.service.ts                         |       5 |        0 |       0 |       5 | 25,38-176                                                                                                                                                           
  medication-dispensations.service.ts                    |    57.5 |    47.36 |      75 |    57.5 | 117,205,219-233,249-318                                                                                                                                             
  pharmacy-inventory-read.service.ts                     |   92.81 |    69.64 |   98.27 |   96.62 | 144,192,507-509                                                                                                                                                     
  pharmacy-order-notifications.service.ts                |       0 |        0 |       0 |       0 | 32-280                                                                                                                                                              
  pharmacy-orders.service.ts                             |   95.69 |    82.55 |   98.47 |   97.47 | 362,394,1107,1351,1757,1822,1846,2036,2216,2313,2383,2401-2405                                                                                                      
  pharmacy-pricing.ts                                    |    87.8 |    80.55 |   92.85 |   89.47 | 52,116,126-127                                                                                                                                                      
  pharmacy-procurement.service.ts                        |    93.4 |    70.45 |     100 |    93.4 | 252,278,341-350                                                                                                                                                     
 src/modules/platform_ops/controllers                    |     100 |      100 |     100 |     100 |                                                                                                                                                                     
  platform-ops.controller.ts                             |     100 |      100 |     100 |     100 |                                                                                                                                                                     
 src/modules/platform_ops/dto                            |      80 |      100 |       0 |      80 |                                                                                                                                                                     
  platform-ops.dto.ts                                    |      80 |      100 |       0 |      80 | 889-899,1096,1448                                                                                                                                                   
 src/modules/platform_ops/repositories                   |       0 |      100 |       0 |       0 |                                                                                                                                                                     
  ops-improvements.repository.ts                         |       0 |      100 |       0 |       0 | 81                                                                                                                                                                  
  ops-incidents.repository.ts                            |       0 |      100 |       0 |       0 | 132-554                                                                                                                                                             
  ops-practices.repository.ts                            |       0 |      100 |       0 |       0 | 33-278                                                                                                                                                              
  ops-releases.repository.ts                             |       0 |      100 |       0 |       0 | 237-608                                                                                                                                                             
  ops-reliability.repository.ts                          |       0 |      100 |       0 |       0 | 33-324                                                                                                                                                              
 src/modules/platform_ops/services                       |   98.82 |    95.02 |     100 |   98.99 |                                                                                                                                                                     
  ops-incidents.service.ts                               |     100 |     92.1 |     100 |     100 | 216-217,355-365,482,563                                                                                                                                             
  ops-practices.service.ts                               |   99.13 |    95.83 |     100 |     100 | 130,178,283                                                                                                                                                         
  ops-releases.service.ts                                |    97.6 |    96.69 |     100 |   97.54 | 170,468,757,780                                                                                                                                                     
  ops-reliability.service.ts                             |   99.04 |    94.52 |     100 |   99.03 | 383                                                                                                                                                                 
 src/modules/polyglot_storage/constants                  |     100 |      100 |     100 |     100 |                                                                                                                                                                     
  polyglot-storage.constants.ts                          |     100 |      100 |     100 |     100 |                                                                                                                                                                     
 src/modules/polyglot_storage/controllers                |     100 |      100 |     100 |     100 |                                                                                                                                                                     
  storage-finops.controller.ts                           |     100 |      100 |     100 |     100 |                                                                                                                                                                     
  storage-governance.controller.ts                       |     100 |      100 |     100 |     100 |                                                                                                                                                                     
  storage-operations.controller.ts                       |     100 |      100 |     100 |     100 |                                                                                                                                                                     
 src/modules/polyglot_storage/dto                        |   33.33 |      100 |       0 |   33.33 |                                                                                                                                                                     
  polyglot-storage.dto.ts                                |   33.33 |      100 |       0 |   33.33 | 183-1354                                                                                                                                                            
 src/modules/polyglot_storage/repositories               |       0 |        0 |       0 |       0 |                                                                                                                                                                     
  datasets.repository.ts                                 |       0 |        0 |       0 |       0 | 33-501                                                                                                                                                              
  placements.repository.ts                               |       0 |        0 |       0 |       0 | 68-415                                                                                                                                                              
  storage-backends.repository.ts                         |       0 |      100 |       0 |       0 | 85-342                                                                                                                                                              
  storage-policies.repository.ts                         |       0 |        0 |       0 |       0 | 64-508                                                                                                                                                              
 src/modules/polyglot_storage/services                   |   95.97 |     91.5 |     100 |   95.93 |                                                                                                                                                                     
  dataset-governance.service.ts                          |   93.39 |     87.5 |     100 |   93.39 | 240,277,287,297,310,368,476                                                                                                                                         
  storage-governance.service.ts                          |   95.69 |    92.47 |     100 |   95.65 | 184,194,437,463                                                                                                                                                     
  storage-operations.service.ts                          |   98.98 |    95.74 |     100 |   98.96 | 372                                                                                                                                                                 
 src/modules/practice                                    |     100 |       50 |     100 |     100 |                                                                                                                                                                     
  practice.concepts.ts                                   |     100 |      100 |     100 |     100 |                                                                                                                                                                     
  site-code.ts                                           |     100 |       50 |     100 |     100 | 22                                                                                                                                                                  
 src/modules/practice/controllers                        |   60.46 |      100 |   55.88 |   60.46 |                                                                                                                                                                     
  accreditations.controller.ts                           |     100 |      100 |     100 |     100 |                                                                                                                                                                     
  inventory-items.controller.ts                          |     100 |      100 |     100 |     100 |                                                                                                                                                                     
  practices.controller.ts                                |   84.21 |      100 |   76.92 |   84.21 | 108,161,278                                                                                                                                                         
  practitioner-sites.controller.ts                       |       0 |      100 |       0 |       0 | 60-183                                                                                                                                                              
  role-assignments.controller.ts                         |   33.33 |      100 |   33.33 |   33.33 | 63-102                                                                                                                                                              
  sites.controller.ts                                    |      80 |      100 |      75 |      80 | 77                                                                                                                                                                  
 src/modules/practice/dto                                |      60 |      100 |      60 |      60 |                                                                                                                                                                     
  create-own-site.dto.ts                                 |     100 |      100 |     100 |     100 |                                                                                                                                                                     
  update-own-site.dto.ts                                 |       0 |      100 |       0 |       0 | 60-85                                                                                                                                                               
 src/modules/practice/repositories                       |       0 |        0 |       0 |       0 |                                                                                                                                                                     
  care-spaces.repository.ts                              |       0 |      100 |       0 |       0 | 61-83                                                                                                                                                               
  clinical-units.repository.ts                           |       0 |      100 |       0 |       0 | 57-82                                                                                                                                                               
  healthcare-services.repository.ts                      |       0 |      100 |       0 |       0 | 61-89                                                                                                                                                               
  inventory-items.repository.ts                          |       0 |      100 |       0 |       0 | 61-72                                                                                                                                                               
  inventory-movements.repository.ts                      |       0 |      100 |       0 |       0 | 55                                                                                                                                                                  
  practice-accreditations.repository.ts                  |       0 |      100 |       0 |       0 | 68-82                                                                                                                                                               
  practice-organization-read.repository.ts               |       0 |        0 |       0 |       0 | 33-140                                                                                                                                                              
  practice-settings.repository.ts                        |       0 |      100 |       0 |       0 | 46-57                                                                                                                                                               
  practice-sites.repository.ts                           |       0 |      100 |       0 |       0 | 69-111                                                                                                                                                              
  practices.repository.ts                                |       0 |      100 |       0 |       0 | 69-130                                                                                                                                                              
  practitioner-role-assignments.repository.ts            |       0 |        0 |       0 |       0 | 80-217                                                                                                                                                              
  practitioner-support-assignments.repository.ts         |       0 |      100 |       0 |       0 | 56-70                                                                                                                                                               
 src/modules/practice/services                           |   83.71 |    69.35 |   84.28 |   84.28 |                                                                                                                                                                     
  clinical-structure.service.ts                          |   71.21 |       52 |   77.77 |   71.21 | 71,90,93,137,145-147,157-159,170,173,223,229-231,241-243                                                                                                            
  own-site-provisioning.service.ts                       |     100 |      100 |     100 |     100 |                                                                                                                                                                     
  practice-accreditations.service.ts                     |     100 |    86.36 |     100 |     100 | 66,85-86                                                                                                                                                            
  practice-inventory.service.ts                          |   93.54 |    76.19 |     100 |   93.54 | 111,152                                                                                                                                                             
  practice-organization-read.service.ts                  |    94.2 |    81.08 |    92.1 |   95.16 | 148,251,448                                                                                                                                                         
  practice-settings.service.ts                           |     100 |      100 |     100 |     100 |                                                                                                                                                                     
  practice-sites.service.ts                              |   76.82 |    60.71 |   53.84 |   79.74 | 133-201,296                                                                                                                                                         
  practice-tenant-lookup.service.ts                      |   64.28 |        0 |    62.5 |   63.63 | 75-92                                                                                                                                                               
  practice-workforce.service.ts                          |   52.38 |    44.59 |    61.9 |    51.8 | 86,96-98,198-241,333-429                                                                                                                                            
  practitioner-sites.service.ts                          |   97.87 |    83.13 |     100 |   99.23 | 630                                                                                                                                                                 
 src/modules/procedures_perioperative                    |     100 |      100 |     100 |     100 |                                                                                                                                                                     
  procedures_perioperative.concepts.ts                   |     100 |      100 |     100 |     100 |                                                                                                                                                                     
 src/modules/procedures_perioperative/controllers        |   86.11 |      100 |   85.29 |   86.11 |                                                                                                                                                                     
  dental.controller.ts                                   |     100 |      100 |     100 |     100 |                                                                                                                                                                     
  periop.controller.ts                                   |   84.37 |      100 |   83.33 |   84.37 | 117-131,251-304                                                                                                                                                     
 src/modules/procedures_perioperative/dto                |   68.42 |      100 |       0 |   68.42 |                                                                                                                                                                     
  dental.dto.ts                                          |   66.66 |      100 |       0 |   66.66 | 257                                                                                                                                                                 
  periop.dto.ts                                          |   68.57 |      100 |       0 |   68.57 | 393,655-1073,1332,1502,1960,2301-2607,2785                                                                                                                          
 src/modules/procedures_perioperative/repositories       |       0 |        0 |       0 |       0 |                                                                                                                                                                     
  periop-cases.repository.ts                             |       0 |        0 |       0 |       0 | 153-843                                                                                                                                                             
  periop-dental.repository.ts                            |       0 |        0 |       0 |       0 | 101-209                                                                                                                                                             
  periop-instruments.repository.ts                       |       0 |      100 |       0 |       0 | 27-71                                                                                                                                                               
  periop-intraop.repository.ts                           |       0 |        0 |       0 |       0 | 186-1044                                                                                                                                                            
  periop-preop.repository.ts                             |       0 |      100 |       0 |       0 | 144-651                                                                                                                                                             
 src/modules/procedures_perioperative/services           |   87.88 |    75.39 |   86.53 |   88.76 |                                                                                                                                                                     
  periop-cases.service.ts                                |   87.69 |    79.25 |   78.26 |   88.85 | 352,357,429,523,547,706,789-818,841,905-921,998-1037,1119-1126,1165,1170,1279,1372,1454,1568                                                                        
  periop-dental.service.ts                               |    97.5 |    83.33 |     100 |    97.5 | 218                                                                                                                                                                 
  periop-intraop.service.ts                              |   89.08 |    66.98 |      96 |   89.53 | 200,391-396,439,444,529-546,567,587,639,644,702,708,759,765                                                                                                         
  periop-preop.service.ts                                |   85.29 |    75.19 |    87.5 |   86.15 | 169-229,264,269,373,467,481,500,538,615,620,696,712,753,758,859                                                                                                     
 src/modules/profiles                                    |     100 |      100 |     100 |     100 |                                                                                                                                                                     
  dependent-relationship.ts                              |     100 |      100 |     100 |     100 |                                                                                                                                                                     
  patient-coverage-validity.ts                           |     100 |      100 |     100 |     100 |                                                                                                                                                                     
  person-name.ts                                         |     100 |      100 |     100 |     100 |                                                                                                                                                                     
  person-work-fields.ts                                  |     100 |      100 |     100 |     100 |                                                                                                                                                                     
  profiles.concepts.ts                                   |     100 |      100 |     100 |     100 |                                                                                                                                                                     
 src/modules/profiles/adapters                           |   11.11 |        0 |       0 |   11.11 |                                                                                                                                                                     
  messaging-affiliation-notice.adapter.ts                |   11.11 |        0 |       0 |   11.11 | 56-158                                                                                                                                                              
 src/modules/profiles/controllers                        |   54.16 |        0 |   53.19 |   54.16 |                                                                                                                                                                     
  profiles-patients.controller.ts                        |   78.94 |        0 |   78.94 |   78.94 | 88,304-350                                                                                                                                                          
  profiles-practitioners.controller.ts                   |   45.83 |        0 |   43.47 |   45.83 | 101,171-241,370-465,515-541                                                                                                                                         
  tenant-practitioner-requests.controller.ts             |       0 |      100 |       0 |       0 | 51-118                                                                                                                                                              
 src/modules/profiles/dto                                |   92.85 |      100 |    90.9 |   92.85 |                                                                                                                                                                     
  affiliation-request.dto.ts                             |     100 |      100 |     100 |     100 |                                                                                                                                                                     
  merge-patients.dto.ts                                  |   66.66 |      100 |       0 |   66.66 | 35                                                                                                                                                                  
  practitioner-onboarding.dto.ts                         |     100 |      100 |     100 |     100 |                                                                                                                                                                     
  read-patients.dto.ts                                   |       0 |      100 |       0 |       0 | 108                                                                                                                                                                 
  update-own-credential.dto.ts                           |     100 |      100 |     100 |     100 |                                                                                                                                                                     
  update-own-patient-profile.dto.ts                      |     100 |      100 |     100 |     100 |                                                                                                                                                                     
  update-practitioner-profile.dto.ts                     |     100 |      100 |     100 |     100 |                                                                                                                                                                     
 src/modules/profiles/ports                              |     100 |      100 |     100 |     100 |                                                                                                                                                                     
  affiliation-notice.port.ts                             |     100 |      100 |     100 |     100 |                                                                                                                                                                     
 src/modules/profiles/read                               |    87.5 |       60 |     100 |    92.3 |                                                                                                                                                                     
  practitioner-names.ts                                  |    87.5 |       60 |     100 |    92.3 | 67                                                                                                                                                                  
 src/modules/profiles/repositories                       |    2.36 |        0 |    2.63 |    2.54 |                                                                                                                                                                     
  health-practitioner-profiles.repository.ts             |       0 |        0 |       0 |       0 | 68-158                                                                                                                                                              
  jurisdiction-authorizations.repository.ts              |       0 |      100 |       0 |       0 | 64-96                                                                                                                                                               
  patient-identity-links.repository.ts                   |       0 |        0 |       0 |       0 | 60-103                                                                                                                                                              
  patient-merge-events.repository.ts                     |       0 |        0 |       0 |       0 | 56-113                                                                                                                                                              
  patient-portal-proxies.repository.ts                   |       0 |      100 |       0 |       0 | 91-261                                                                                                                                                              
  patient-profiles.repository.ts                         |       0 |        0 |       0 |       0 | 97-220                                                                                                                                                              
  person-account-links.repository.ts                     |       0 |      100 |       0 |       0 | 50-130                                                                                                                                                              
  person-profiles.repository.ts                          |       0 |      100 |       0 |       0 | 37-57                                                                                                                                                               
  persons.repository.ts                                  |       0 |        0 |       0 |       0 | 94-119                                                                                                                                                              
  practitioner-affiliations.repository.ts                |       0 |        0 |       0 |       0 | 65-269                                                                                                                                                              
  practitioner-languages.repository.ts                   |       0 |        0 |       0 |       0 | 55-62                                                                                                                                                               
  practitioner-specialties.repository.ts                 |       0 |        0 |       0 |       0 | 60-210                                                                                                                                                              
  professional-credentials.repository.ts                 |   33.33 |      100 |   28.57 |   33.33 | 85,143-195                                                                                                                                                          
  related-persons.repository.ts                          |       0 |      100 |       0 |       0 | 50-148                                                                                                                                                              
 src/modules/profiles/services                           |   88.06 |    77.69 |   90.95 |   88.65 |                                                                                                                                                                     
  administrative-area-catalog.service.ts                 |     100 |      100 |     100 |     100 |                                                                                                                                                                     
  contact-person.ts                                      |     100 |      100 |     100 |     100 |                                                                                                                                                                     
  guardian-related-person.ts                             |     100 |      100 |     100 |     100 |                                                                                                                                                                     
  linkable-organizations.service.ts                      |     100 |      100 |     100 |     100 |                                                                                                                                                                     
  medical-specialty-catalog.service.ts                   |     100 |      100 |     100 |     100 |                                                                                                                                                                     
  patient-representation.service.ts                      |     100 |      100 |     100 |     100 |                                                                                                                                                                     
  patient-search-scope.ts                                |     100 |      100 |     100 |     100 |                                                                                                                                                                     
  profile-ownership.service.ts                           |   79.31 |    77.27 |    87.5 |      80 | 124-129                                                                                                                                                             
  profiles-affiliations.service.ts                       |   90.29 |     75.8 |   73.91 |   90.72 | 292,297-298,348,752-756                                                                                                                                             
  profiles-patients.service.ts                           |   80.41 |    67.95 |    87.5 |   80.62 | 270,952,1266,1512,1570,1647-1656,1808,1812-1813,1848-1904,1933,1969-2023,2059,2191,2210-2243,2263,2282-2284,2340-2374,2397                                          
  profiles-practitioners.service.ts                      |   92.02 |    82.53 |   95.29 |   93.25 | 699,740-742,1079-1088,1178,1183,1194,1229,1334,1475,1562-1564,1777,1839-1849,1942,1953,2269-2275,2323,2412,2503-2507,2801-2803                                      
 src/modules/promotions/controllers                      |     100 |      100 |     100 |     100 |                                                                                                                                                                     
  loyalty.controller.ts                                  |     100 |      100 |     100 |     100 |                                                                                                                                                                     
  promotions.controller.ts                               |     100 |      100 |     100 |     100 |                                                                                                                                                                     
 src/modules/promotions/dto                              |   63.63 |      100 |       0 |   63.63 |                                                                                                                                                                     
  promotions.dto.ts                                      |   63.63 |      100 |       0 |   63.63 | 302-315,951,1648                                                                                                                                                    
 src/modules/promotions/repositories                     |       0 |        0 |       0 |       0 |                                                                                                                                                                     
  promotions-discounts.repository.ts                     |       0 |      100 |       0 |       0 | 247-514                                                                                                                                                             
  promotions-loyalty.repository.ts                       |       0 |        0 |       0 |       0 | 305-769                                                                                                                                                             
 src/modules/promotions/services                         |   90.45 |    73.39 |   97.33 |   91.88 |                                                                                                                                                                     
  promotions-discounts.service.ts                        |   87.44 |    76.44 |   96.29 |   89.86 | 236,425,436,573,639,648,657,686,688,705,707,709,722,797-803,864-866,905,921,957-959                                                                                 
  promotions-loyalty.service.ts                          |   92.53 |    70.78 |   97.91 |   93.23 | 259,338,425,435,452,471,572,577,627,784,804,872,897,995,1018,1076,1087,1191,1254-1255,1540,1557                                                                     
 src/modules/qa_execution/controllers                    |      25 |        0 |       0 |      25 |                                                                                                                                                                     
  qa-execution.controller.ts                             |      25 |        0 |       0 |      25 | 56-169                                                                                                                                                              
 src/modules/qa_execution/domain                         |   94.51 |     89.7 |   96.15 |   96.45 |                                                                                                                                                                     
  plan.ts                                                |   92.64 |    90.74 |     100 |   93.54 | 141-147,177,197                                                                                                                                                     
  target-guard.ts                                        |   95.83 |    89.02 |   94.44 |   98.73 | 227                                                                                                                                                                 
 src/modules/qa_execution/dto                            |       0 |      100 |       0 |       0 |                                                                                                                                                                     
  qa-execution.dto.ts                                    |       0 |      100 |       0 |       0 | 35-189                                                                                                                                                              
 src/modules/qa_execution/infrastructure                 |   89.39 |    80.95 |   85.71 |   88.88 |                                                                                                                                                                     
  guarded-http.client.ts                                 |   89.39 |    80.95 |   85.71 |   88.88 | 50,101,156,166-167,184,200                                                                                                                                          
 src/modules/qa_execution/services                       |    1.84 |        0 |       0 |    1.91 |                                                                                                                                                                     
  qa-execution.service.ts                                |    1.84 |        0 |       0 |    1.91 | 73-87,94,99-980                                                                                                                                                     
 src/modules/qa_lab/controllers                          |      68 |      100 |   65.21 |      68 |                                                                                                                                                                     
  qa-lab-internal.controller.ts                          |     100 |      100 |     100 |     100 |                                                                                                                                                                     
  qa-lab-read.controller.ts                              |   11.11 |      100 |       0 |   11.11 | 33-99                                                                                                                                                               
  qa-lab.controller.ts                                   |     100 |      100 |     100 |     100 |                                                                                                                                                                     
 src/modules/qa_lab/domain                               |   93.75 |    90.72 |     100 |    93.1 |                                                                                                                                                                     
  assertion-evaluator.ts                                 |   93.75 |    90.72 |     100 |    93.1 | 71,106-109,128,194                                                                                                                                                  
 src/modules/qa_lab/dto                                  |      90 |      100 |       0 |      90 |                                                                                                                                                                     
  qa-lab.dto.ts                                          |      90 |      100 |       0 |      90 | 313                                                                                                                                                                 
 src/modules/qa_lab/repositories                         |       0 |        0 |       0 |       0 |                                                                                                                                                                     
  qa-catalog.repository.ts                               |       0 |      100 |       0 |       0 | 190-483                                                                                                                                                             
  qa-runs.repository.ts                                  |       0 |        0 |       0 |       0 | 131-677                                                                                                                                                             
 src/modules/qa_lab/services                             |   82.29 |    61.11 |      60 |    83.7 |                                                                                                                                                                     
  qa-catalog.service.ts                                  |    95.8 |    84.04 |     100 |   96.35 | 294,358,378,510,646                                                                                                                                                 
  qa-lab-read.service.ts                                 |    3.92 |        0 |       0 |    4.34 | 17,27-238                                                                                                                                                           
  qa-runs.service.ts                                     |   91.51 |    73.45 |   93.33 |   92.59 | 164,179,184,263,274,382,487,574,698,705,775,821,853,866,881,883                                                                                                     
 src/modules/quotations/controllers                      |       0 |      100 |       0 |       0 |                                                                                                                                                                     
  quotations.controller.ts                               |       0 |      100 |       0 |       0 | 41-93                                                                                                                                                               
 src/modules/quotations/dto                              |     100 |      100 |     100 |     100 |                                                                                                                                                                     
  create-quotation.dto.ts                                |     100 |      100 |     100 |     100 |                                                                                                                                                                     
 src/modules/quotations/repositories                     |       0 |      100 |       0 |       0 |                                                                                                                                                                     
  quotation-installments.repository.ts                   |       0 |      100 |       0 |       0 | 33-52                                                                                                                                                               
  quotations.repository.ts                               |       0 |      100 |       0 |       0 | 81-104                                                                                                                                                              
 src/modules/quotations/services                         |   91.52 |      100 |   86.66 |   91.52 |                                                                                                                                                                     
  payment-plan.ts                                        |     100 |      100 |     100 |     100 |                                                                                                                                                                     
  quotations.service.ts                                  |    87.5 |      100 |      80 |    87.5 | 179-190                                                                                                                                                             
 src/modules/read_models                                 |     100 |      100 |     100 |     100 |                                                                                                                                                                     
  read_models.concepts.ts                                |     100 |      100 |     100 |     100 |                                                                                                                                                                     
 src/modules/read_models/controllers                     |     100 |      100 |     100 |     100 |                                                                                                                                                                     
  frontend-views.controller.ts                           |     100 |      100 |     100 |     100 |                                                                                                                                                                     
  public-projections.controller.ts                       |     100 |      100 |     100 |     100 |                                                                                                                                                                     
  read-model-definitions.controller.ts                   |     100 |      100 |     100 |     100 |                                                                                                                                                                     
 src/modules/read_models/dto                             |    12.5 |      100 |       0 |    12.5 |                                                                                                                                                                     
  create-read-model-definition.dto.ts                    |       0 |      100 |       0 |       0 | 226                                                                                                                                                                 
  create-read-model-version.dto.ts                       |       0 |      100 |       0 |       0 | 91                                                                                                                                                                  
  publish-view-contract.dto.ts                           |   16.66 |      100 |       0 |   16.66 | 462-511                                                                                                                                                             
 src/modules/read_models/repositories                    |       0 |      100 |       0 |       0 |                                                                                                                                                                     
  frontend-page-views.repository.ts                      |       0 |      100 |       0 |       0 | 81-117                                                                                                                                                              
  frontend-routes.repository.ts                          |       0 |      100 |       0 |       0 | 86-98                                                                                                                                                               
  frontend-view-children.repository.ts                   |       0 |      100 |       0 |       0 | 380-497                                                                                                                                                             
  portal-surfaces.repository.ts                          |       0 |      100 |       0 |       0 | 64-76                                                                                                                                                               
  read-model-definitions.repository.ts                   |       0 |      100 |       0 |       0 | 99-180                                                                                                                                                              
  read-model-dependencies.repository.ts                  |       0 |      100 |       0 |       0 | 50-61                                                                                                                                                               
  read-model-refresh-runs.repository.ts                  |       0 |      100 |       0 |       0 | 56-71                                                                                                                                                               
  user-view-preferences.repository.ts                    |       0 |      100 |       0 |       0 | 70-85                                                                                                                                                               
 src/modules/read_models/services                        |   93.46 |    74.67 |   91.83 |    93.3 |                                                                                                                                                                     
  frontend-views.service.ts                              |    90.9 |    72.36 |   85.71 |   90.47 | 191,219,315-318,338,343,443,454                                                                                                                                     
  public-projections.service.ts                          |   94.59 |    81.25 |     100 |   94.44 | 133-140                                                                                                                                                             
  read-model-definitions.service.ts                      |   95.57 |     75.8 |   95.65 |   95.57 | 284,330,352,452,545                                                                                                                                                 
 src/modules/redis_runtime                               |   18.18 |        0 |       0 |   18.18 |                                                                                                                                                                     
  redis.provider.ts                                      |   18.18 |        0 |       0 |   18.18 | 24-49                                                                                                                                                               
 src/modules/redis_runtime/controllers                   |       0 |        0 |       0 |       0 |                                                                                                                                                                     
  redis-runtime.controller.ts                            |       0 |        0 |       0 |       0 | 41-152                                                                                                                                                              
 src/modules/redis_runtime/dto                           |     100 |      100 |     100 |     100 |                                                                                                                                                                     
  set-cache.dto.ts                                       |     100 |      100 |     100 |     100 |                                                                                                                                                                     
 src/modules/redis_runtime/services                      |    70.9 |       50 |      75 |   72.22 |                                                                                                                                                                     
  redis-runtime.service.ts                               |    70.9 |       50 |      75 |   72.22 | 59-61,71,76,144-155,265                                                                                                                                             
 src/modules/reporting/controllers                       |     100 |      100 |     100 |     100 |                                                                                                                                                                     
  reporting.controller.ts                                |     100 |      100 |     100 |     100 |                                                                                                                                                                     
 src/modules/reporting/dto                               |   55.55 |      100 |       0 |   55.55 |                                                                                                                                                                     
  reporting.dto.ts                                       |   55.55 |      100 |       0 |   55.55 | 353-847,1058                                                                                                                                                        
 src/modules/reporting/repositories                      |       0 |      100 |       0 |       0 |                                                                                                                                                                     
  reporting-definitions.repository.ts                    |       0 |      100 |       0 |       0 | 134-606                                                                                                                                                             
  reporting-runs.repository.ts                           |       0 |      100 |       0 |       0 | 124-482                                                                                                                                                             
 src/modules/reporting/services                          |   96.36 |    86.54 |     100 |   96.32 |                                                                                                                                                                     
  reporting-definitions.service.ts                       |   97.24 |    89.39 |     100 |   97.19 | 173,295,400                                                                                                                                                         
  reporting-runs.service.ts                              |   95.78 |    84.76 |     100 |   95.75 | 81,162,254,394,454,526,633                                                                                                                                          
 src/modules/scheduling                                  |     100 |      100 |     100 |     100 |                                                                                                                                                                     
  scheduling-time.ts                                     |     100 |      100 |     100 |     100 |                                                                                                                                                                     
  scheduling.concepts.ts                                 |     100 |      100 |     100 |     100 |                                                                                                                                                                     
  scheduling.persistence.ts                              |     100 |      100 |     100 |     100 |                                                                                                                                                                     
  scheduling.roles.ts                                    |     100 |      100 |     100 |     100 |                                                                                                                                                                     
  scheduling.tokens.ts                                   |     100 |      100 |     100 |     100 |                                                                                                                                                                     
 src/modules/scheduling/adapters                         |   57.55 |     62.5 |   34.14 |      60 |                                                                                                                                                                     
  messaging-agenda-notice.adapter.ts                     |   98.41 |    81.25 |     100 |     100 | 199,212,227,263-266,363,379,390,420                                                                                                                                 
  postgres-waitlist.adapter.ts                           |       0 |        0 |       0 |       0 | 43-311                                                                                                                                                              
  support-admin-notice.adapter.ts                        |     100 |       75 |     100 |     100 | 76-154                                                                                                                                                              
 src/modules/scheduling/controllers                      |   42.64 |        0 |   37.28 |   42.64 |                                                                                                                                                                     
  scheduling-agenda.controller.ts                        |       0 |      100 |       0 |       0 | 30-54                                                                                                                                                               
  scheduling-bookings.controller.ts                      |   44.44 |        0 |    37.5 |   44.44 | 109-307                                                                                                                                                             
  scheduling-confirmation.controller.ts                  |       0 |      100 |       0 |       0 | 40-130                                                                                                                                                              
  scheduling-internal.controller.ts                      |     100 |      100 |     100 |     100 |                                                                                                                                                                     
  scheduling.controller.ts                               |   45.45 |        0 |   40.74 |   45.45 | 147-152,232-254,304,363-586,644,713                                                                                                                                 
  tenant-agenda.controller.ts                            |       0 |      100 |       0 |       0 | 33-49                                                                                                                                                               
 src/modules/scheduling/dto                              |   52.08 |        0 |    8.33 |   58.13 |                                                                                                                                                                     
  scheduling-agenda.dto.ts                               |   21.05 |        0 |      25 |   28.57 | 38-285                                                                                                                                                              
  scheduling-bookings.dto.ts                             |     100 |      100 |     100 |     100 |                                                                                                                                                                     
  scheduling-catalog.dto.ts                              |   71.42 |      100 |       0 |   71.42 | 361-434                                                                                                                                                             
  scheduling-confirmation.dto.ts                         |     100 |      100 |     100 |     100 |                                                                                                                                                                     
  scheduling-read.dto.ts                                 |       0 |      100 |       0 |       0 | 237-459                                                                                                                                                             
  scheduling-walk-in.dto.ts                              |   83.33 |      100 |       0 |   83.33 | 196                                                                                                                                                                 
  tenant-agenda.dto.ts                                   |   66.66 |      100 |       0 |   66.66 | 50                                                                                                                                                                  
 src/modules/scheduling/notices                          |   82.75 |    68.75 |   91.66 |   88.88 |                                                                                                                                                                     
  agenda-notices.env.ts                                  |     100 |      100 |     100 |     100 |                                                                                                                                                                     
  agenda-notices.ts                                      |   81.48 |    67.39 |    90.9 |      88 | 388-390                                                                                                                                                             
 src/modules/scheduling/policies                         |     100 |      100 |     100 |     100 |                                                                                                                                                                     
  booking-reason-visibility.policy.ts                    |     100 |      100 |     100 |     100 |                                                                                                                                                                     
 src/modules/scheduling/ports                            |     100 |      100 |     100 |     100 |                                                                                                                                                                     
  agenda-notice-reason.catalog.ts                        |     100 |      100 |     100 |     100 |                                                                                                                                                                     
  agenda-notice.port.ts                                  |     100 |      100 |     100 |     100 |                                                                                                                                                                     
  waitlist.port.ts                                       |     100 |      100 |     100 |     100 |                                                                                                                                                                     
 src/modules/scheduling/repositories                     |    2.52 |     3.73 |    0.79 |    3.02 |                                                                                                                                                                     
  scheduling-absences.repository.ts                      |       0 |      100 |       0 |       0 | 26-42                                                                                                                                                               
  scheduling-agenda.repository.ts                        |      40 |       50 |   33.33 |   47.05 | 82-91,123,128,152                                                                                                                                                   
  scheduling-bookings.repository.ts                      |       0 |        0 |       0 |       0 | 199-1284                                                                                                                                                            
  scheduling-catalog.repository.ts                       |       0 |        0 |       0 |       0 | 291-1061                                                                                                                                                            
  scheduling-confirmation.repository.ts                  |       0 |        0 |       0 |       0 | 63-130                                                                                                                                                              
  scheduling-notice.repository.ts                        |    0.95 |        0 |       0 |    1.19 | 125-532                                                                                                                                                             
 src/modules/scheduling/services                         |   90.81 |    79.65 |   92.94 |   91.61 |                                                                                                                                                                     
  practitioner-affiliation-gate.service.ts               |   96.55 |       95 |     100 |     100 | 159                                                                                                                                                                 
  scheduling-agenda-notices.service.ts                   |     100 |      100 |     100 |     100 |                                                                                                                                                                     
  scheduling-agenda.service.ts                           |   61.36 |    46.15 |   63.63 |   62.79 | 148-188,219                                                                                                                                                         
  scheduling-bookings.service.ts                         |   92.72 |    83.67 |      96 |    93.3 | 727,751,760,884,1017,1257,1271,1281,1294,1415,1505,1611,2053-2055,2129,2149,2155-2156,2269-2280,2351,2443,2623,2630,2685,2700,2884,3256,3263-3276,3317              
  scheduling-catalog.service.ts                          |    91.1 |    80.64 |   96.92 |   91.56 | 467,475,478,481,709,810,881-895,920,930,985,1070,1160-1164,1167-1171,1274,1294,1394,1406,1436,1711,1756,1806,1816-1820,1982                                         
  scheduling-confirmation.service.ts                     |   68.26 |       57 |   65.38 |   70.21 | 92-168,282,285-287,366,370-380,388,462                                                                                                                              
  scheduling-delay.service.ts                            |     100 |    96.66 |     100 |     100 | 270                                                                                                                                                                 
  scheduling-professional-time.service.ts                |     100 |    71.42 |     100 |     100 | 240-241,256-283                                                                                                                                                     
  scheduling-tenant-agenda.service.ts                    |   95.55 |    79.41 |     100 |     100 | 192-210,225-227                                                                                                                                                     
  scheduling-waitlist.service.ts                         |   97.53 |    85.71 |     100 |   98.64 | 295                                                                                                                                                                 
  scheduling-walk-in.service.ts                          |     100 |       50 |     100 |     100 | 135                                                                                                                                                                 
  walk-in-patient.ts                                     |     100 |    66.66 |     100 |     100 | 104-106                                                                                                                                                             
 src/modules/scheduling/state                            |      90 |    78.57 |     100 |   89.47 |                                                                                                                                                                     
  booking-state-machine.ts                               |     100 |       75 |     100 |     100 | 66                                                                                                                                                                  
  booking-transition.ts                                  |    87.5 |       80 |     100 |    87.5 | 154,173                                                                                                                                                             
 src/modules/search_platform/constants                   |     100 |      100 |     100 |     100 |                                                                                                                                                                     
  search-platform.constants.ts                           |     100 |      100 |     100 |     100 |                                                                                                                                                                     
 src/modules/search_platform/controllers                 |       0 |        0 |       0 |       0 |                                                                                                                                                                     
  search-platform.controller.ts                          |       0 |        0 |       0 |       0 | 37-114                                                                                                                                                              
 src/modules/search_platform/dto                         |       0 |      100 |       0 |       0 |                                                                                                                                                                     
  search-platform.dto.ts                                 |       0 |      100 |       0 |       0 | 105-143                                                                                                                                                             
 src/modules/search_platform/providers                   |      60 |        0 |       0 |      60 |                                                                                                                                                                     
  opensearch-client.provider.ts                          |      60 |        0 |       0 |      60 | 25-26                                                                                                                                                               
 src/modules/search_platform/services                    |   83.33 |    71.57 |    87.5 |   83.72 |                                                                                                                                                                     
  search-index.service.ts                                |   83.33 |    71.57 |    87.5 |   83.72 | 172-174,235-241,294,301-316,393-394,436,441,570-573                                                                                                                 
 src/modules/surveys                                     |     100 |      100 |     100 |     100 |                                                                                                                                                                     
  surveys.concepts.ts                                    |     100 |      100 |     100 |     100 |                                                                                                                                                                     
 src/modules/surveys/controllers                         |       0 |      100 |       0 |       0 |                                                                                                                                                                     
  surveys-assignments.controller.ts                      |       0 |      100 |       0 |       0 | 29-54                                                                                                                                                               
  surveys-patient.controller.ts                          |       0 |      100 |       0 |       0 | 39-69                                                                                                                                                               
  surveys-templates.controller.ts                        |       0 |      100 |       0 |       0 | 46-141                                                                                                                                                              
 src/modules/surveys/dto                                 |       0 |      100 |       0 |       0 |                                                                                                                                                                     
  submit-response.dto.ts                                 |       0 |      100 |       0 |       0 | 90                                                                                                                                                                  
 src/modules/surveys/repositories                        |       0 |        0 |       0 |       0 |                                                                                                                                                                     
  assignments.repository.ts                              |       0 |        0 |       0 |       0 | 45-119                                                                                                                                                              
  invitations.repository.ts                              |       0 |        0 |       0 |       0 | 57-121                                                                                                                                                              
  responses.repository.ts                                |       0 |        0 |       0 |       0 | 80-144                                                                                                                                                              
  templates.repository.ts                                |       0 |      100 |       0 |       0 | 112-253                                                                                                                                                             
 src/modules/surveys/services                            |   84.22 |    70.75 |   89.47 |   85.66 |                                                                                                                                                                     
  surveys-assignments.service.ts                         |      92 |    85.71 |     100 |   94.36 | 86,102,267-270                                                                                                                                                      
  surveys-responses.service.ts                           |   82.43 |    68.18 |   90.32 |   84.67 | 94-107,236,390,398,409,413,423,439-447,487,491,525,527,533                                                                                                          
  surveys-templates.service.ts                           |   81.41 |    65.85 |   83.33 |   81.41 | 189,242,330-393,411,470-472                                                                                                                                         
 src/modules/system_context/controllers                  |     100 |      100 |     100 |     100 |                                                                                                                                                                     
  system-context.controller.ts                           |     100 |      100 |     100 |     100 |                                                                                                                                                                     
 src/modules/system_context/dto                          |      50 |      100 |       0 |      50 |                                                                                                                                                                     
  system-context.dto.ts                                  |      50 |      100 |       0 |      50 | 266-889                                                                                                                                                             
 src/modules/system_context/repositories                 |       0 |        0 |       0 |       0 |                                                                                                                                                                     
  system-context.repository.ts                           |       0 |        0 |       0 |       0 | 183-1067                                                                                                                                                            
 src/modules/system_context/services                     |    97.7 |    90.18 |      98 |   98.31 |                                                                                                                                                                     
  dynamic-enums.service.ts                               |   98.78 |    94.49 |     100 |   98.73 | 396,401                                                                                                                                                             
  system-contexts.service.ts                             |   96.45 |    85.71 |   95.23 |   97.82 | 314,319,611                                                                                                                                                         
 src/modules/system_ops                                  |     100 |      100 |     100 |     100 |                                                                                                                                                                     
  system_ops.concepts.ts                                 |     100 |      100 |     100 |     100 |                                                                                                                                                                     
 src/modules/system_ops/controllers                      |     100 |      100 |     100 |     100 |                                                                                                                                                                     
  assessment.controller.ts                               |     100 |      100 |     100 |     100 |                                                                                                                                                                     
  backup.controller.ts                                   |     100 |      100 |     100 |     100 |                                                                                                                                                                     
  draft.controller.ts                                    |     100 |      100 |     100 |     100 |                                                                                                                                                                     
  governance-catalog.controller.ts                       |     100 |      100 |     100 |     100 |                                                                                                                                                                     
  legal-hold.controller.ts                               |     100 |      100 |     100 |     100 |                                                                                                                                                                     
  residency.controller.ts                                |     100 |      100 |     100 |     100 |                                                                                                                                                                     
  restore-test.controller.ts                             |     100 |      100 |     100 |     100 |                                                                                                                                                                     
  retention-execution.controller.ts                      |     100 |      100 |     100 |     100 |                                                                                                                                                                     
 src/modules/system_ops/dto                              |       0 |      100 |       0 |       0 |                                                                                                                                                                     
  assessment.dto.ts                                      |       0 |      100 |       0 |       0 | 143-310                                                                                                                                                             
  framework.dto.ts                                       |       0 |      100 |       0 |       0 | 138                                                                                                                                                                 
  governance-catalog.dto.ts                              |       0 |      100 |       0 |       0 | 158-248                                                                                                                                                             
 src/modules/system_ops/policies                         |   97.72 |    97.61 |     100 |   97.67 |                                                                                                                                                                     
  continuity-objectives.policy.ts                        |     100 |      100 |     100 |     100 |                                                                                                                                                                     
  restore-assessment.policy.ts                           |   96.77 |    96.42 |     100 |   96.66 | 141                                                                                                                                                                 
 src/modules/system_ops/repositories                     |       0 |      100 |       0 |       0 |                                                                                                                                                                     
  assessment.repository.ts                               |       0 |      100 |       0 |       0 | 35-588                                                                                                                                                              
  backup.repository.ts                                   |       0 |      100 |       0 |       0 | 24-170                                                                                                                                                              
  draft.repository.ts                                    |       0 |      100 |       0 |       0 | 20-123                                                                                                                                                              
  governance.repository.ts                               |       0 |      100 |       0 |       0 | 31-584                                                                                                                                                              
  legal-hold.repository.ts                               |       0 |      100 |       0 |       0 | 17-90                                                                                                                                                               
  residency.repository.ts                                |       0 |      100 |       0 |       0 | 27-218                                                                                                                                                              
  retention-execution.repository.ts                      |       0 |      100 |       0 |       0 | 45-104                                                                                                                                                              
  system-ops-security.repository.ts                      |       0 |      100 |       0 |       0 | 35-122                                                                                                                                                              
 src/modules/system_ops/services                         |   70.23 |    55.98 |   80.88 |   70.58 |                                                                                                                                                                     
  assessment.service.ts                                  |   55.37 |    45.31 |    64.7 |   55.83 | 124,199-234,247,260-337,350,355,421-434                                                                                                                             
  backup.service.ts                                      |   96.29 |    83.33 |     100 |   96.29 | 105                                                                                                                                                                 
  draft.service.ts                                       |   95.83 |       80 |     100 |   95.83 | 84                                                                                                                                                                  
  governance-catalog.service.ts                          |   71.42 |    65.62 |   73.33 |   73.17 | 213,241-269,282,297-340,357                                                                                                                                         
  identity-evidence-hold-resolver.service.ts             |   49.23 |       50 |   57.14 |   47.61 | 43-137,197-204,208,211-215                                                                                                                                          
  legal-hold.service.ts                                  |     100 |     87.5 |     100 |     100 | 80                                                                                                                                                                  
  residency.service.ts                                   |     100 |       70 |     100 |     100 | 68-95                                                                                                                                                               
  retention-execution.service.ts                         |   73.21 |       50 |     100 |   73.21 | 89,107-122,182-184                                                                                                                                                  
 src/modules/telemetry                                   |     100 |    94.87 |     100 |     100 |                                                                                                                                                                     
  telemetry.concepts.ts                                  |     100 |      100 |     100 |     100 |                                                                                                                                                                     
  web-analytics.env.ts                                   |     100 |    94.87 |     100 |     100 | 80,169                                                                                                                                                              
 src/modules/telemetry/controllers                       |   42.85 |      100 |   38.46 |   42.85 |                                                                                                                                                                     
  telemetry-analytics.controller.ts                      |   16.66 |      100 |       0 |   16.66 | 100-192                                                                                                                                                             
  telemetry-consent.controller.ts                        |     100 |      100 |     100 |     100 |                                                                                                                                                                     
  telemetry-events.controller.ts                         |       0 |      100 |       0 |       0 | 38-94                                                                                                                                                               
  telemetry-governance.controller.ts                     |     100 |      100 |     100 |     100 |                                                                                                                                                                     
 src/modules/telemetry/domain                            |   95.45 |    97.14 |     100 |   95.34 |                                                                                                                                                                     
  analytics-window.ts                                    |     100 |    97.14 |     100 |     100 | 41                                                                                                                                                                  
  web-analytics.errors.ts                                |   86.66 |      100 |     100 |   86.66 | 69-70                                                                                                                                                               
  web-analytics.port.ts                                  |     100 |      100 |     100 |     100 |                                                                                                                                                                     
 src/modules/telemetry/dto                               |       0 |      100 |       0 |       0 |                                                                                                                                                                     
  activity-event.dto.ts                                  |       0 |      100 |       0 |       0 | 207-224                                                                                                                                                             
  funnel.dto.ts                                          |       0 |      100 |       0 |       0 | 104                                                                                                                                                                 
  web-vital.dto.ts                                       |       0 |      100 |       0 |       0 | 112                                                                                                                                                                 
 src/modules/telemetry/infrastructure                    |   88.88 |    83.33 |     100 |    87.5 |                                                                                                                                                                     
  disabled-web-analytics.adapter.ts                      |     100 |      100 |     100 |     100 |                                                                                                                                                                     
  web-analytics.factory.ts                               |   83.33 |    83.33 |     100 |      80 | 41                                                                                                                                                                  
 src/modules/telemetry/infrastructure/google-analytics   |   93.88 |    87.14 |   96.87 |   95.12 |                                                                                                                                                                     
  google-analytics-http.client.ts                        |      90 |     90.9 |     100 |      90 | 91                                                                                                                                                                  
  google-analytics.adapter.ts                            |   98.11 |     87.5 |    92.3 |   98.03 | 168                                                                                                                                                                 
  google-analytics.config.ts                             |     100 |      100 |     100 |     100 |                                                                                                                                                                     
  google-analytics.mapper.ts                             |   92.17 |    86.51 |     100 |   94.05 | 390-394,415                                                                                                                                                         
 src/modules/telemetry/repositories                      |    2.17 |        0 |       0 |    2.22 |                                                                                                                                                                     
  activity-event-schema-definitions.repository.ts        |       0 |      100 |       0 |       0 | 67-100                                                                                                                                                              
  analytics-subjects.repository.ts                       |       0 |      100 |       0 |       0 | 40-85                                                                                                                                                               
  client-contexts.repository.ts                          |       0 |      100 |       0 |       0 | 92-103                                                                                                                                                              
  conversion-events.repository.ts                        |       0 |        0 |       0 |       0 | 43-58                                                                                                                                                               
  funnel-definitions.repository.ts                       |       0 |      100 |       0 |       0 | 48-74                                                                                                                                                               
  funnel-steps.repository.ts                             |       0 |      100 |       0 |       0 | 36                                                                                                                                                                  
  session-journeys.repository.ts                         |       0 |        0 |       0 |       0 | 48-72                                                                                                                                                               
  telemetry-analytics.repository.ts                      |    3.57 |        0 |       0 |     3.7 | 24-347                                                                                                                                                              
  tracking-consents.repository.ts                        |       0 |      100 |       0 |       0 | 56-80                                                                                                                                                               
  tracking-disclosure-acceptances.repository.ts          |       0 |        0 |       0 |       0 | 47-65                                                                                                                                                               
  tracking-disclosure-versions.repository.ts             |       0 |      100 |       0 |       0 | 55-99                                                                                                                                                               
  tracking-purpose-definitions.repository.ts             |       0 |      100 |       0 |       0 | 71-99                                                                                                                                                               
  user-activity-event-properties.repository.ts           |       0 |      100 |       0 |       0 | 63                                                                                                                                                                  
  user-activity-events.repository.ts                     |       0 |        0 |       0 |       0 | 79-90                                                                                                                                                               
  web-vitals.repository.ts                               |       0 |        0 |       0 |       0 | 64                                                                                                                                                                  
 src/modules/telemetry/services                          |   77.74 |    56.01 |   66.66 |   79.46 |                                                                                                                                                                     
  telemetry-analytics.service.ts                         |    14.1 |        0 |     7.4 |   14.47 | 70,80,83-349                                                                                                                                                        
  telemetry-consent.service.ts                           |   91.93 |    85.71 |      90 |   93.44 | 142,289-295                                                                                                                                                         
  telemetry-events.service.ts                            |      92 |    72.11 |     100 |   95.68 | 143-146,367,512                                                                                                                                                     
  telemetry-governance.service.ts                        |   96.82 |    93.47 |     100 |   96.82 | 268,278                                                                                                                                                             
  telemetry-web-analytics.service.ts                     |   97.36 |    77.77 |     100 |     100 | 255,280-309,332-333,344                                                                                                                                             
 src/modules/terminology                                 |   96.15 |    71.42 |     100 |     100 |                                                                                                                                                                     
  glossary.constants.ts                                  |   95.65 |    71.42 |     100 |     100 | 196-197                                                                                                                                                             
  terminology.constants.ts                               |     100 |      100 |     100 |     100 |                                                                                                                                                                     
 src/modules/terminology/controllers                     |   70.83 |    29.03 |   85.71 |   73.91 |                                                                                                                                                                     
  terminology-code-systems.controller.ts                 |     100 |      100 |     100 |     100 |                                                                                                                                                                     
  terminology-concepts.controller.ts                     |   27.77 |        0 |   55.55 |   31.25 | 50-69,180-230                                                                                                                                                       
  terminology-fhir.controller.ts                         |     100 |      100 |     100 |     100 |                                                                                                                                                                     
  terminology-tenant-catalog.controller.ts               |     100 |      100 |     100 |     100 |                                                                                                                                                                     
  terminology-value-sets.controller.ts                   |     100 |      100 |     100 |     100 |                                                                                                                                                                     
  terminology-versions.controller.ts                     |   85.71 |       50 |     100 |   85.71 | 135                                                                                                                                                                 
 src/modules/terminology/dto                             |   11.76 |      100 |       0 |   11.76 |                                                                                                                                                                     
  concept-properties.dto.ts                              |       0 |      100 |       0 |       0 | 29                                                                                                                                                                  
  create-designation.dto.ts                              |       0 |      100 |       0 |       0 | 99                                                                                                                                                                  
  create-value-set.dto.ts                                |       0 |      100 |       0 |       0 | 120                                                                                                                                                                 
  import-concepts.dto.ts                                 |       0 |      100 |       0 |       0 | 60                                                                                                                                                                  
  search-concepts.dto.ts                                 |       0 |      100 |       0 |       0 | 79-402                                                                                                                                                              
  tenant-catalog-policy.dto.ts                           |      50 |      100 |       0 |      50 | 164                                                                                                                                                                 
  translate-concept.dto.ts                               |     100 |      100 |     100 |     100 |                                                                                                                                                                     
 src/modules/terminology/import                          |   89.76 |    72.35 |     100 |   90.42 |                                                                                                                                                                     
  csv-parser.ts                                          |    91.3 |       75 |     100 |   90.24 | 55,149-154,235-236                                                                                                                                                  
  format-detector.ts                                     |   91.66 |       92 |     100 |      90 | 83,124,142                                                                                                                                                          
  import-profiles.ts                                     |     100 |      100 |     100 |     100 |                                                                                                                                                                     
  row-contract.ts                                        |     100 |      100 |     100 |     100 |                                                                                                                                                                     
  xlsx-parser.ts                                         |   85.13 |    59.61 |     100 |   88.88 | 74,113,228-229,245-249,254                                                                                                                                          
 src/modules/terminology/repositories                    |       0 |        0 |       0 |       0 |                                                                                                                                                                     
  catalog-concepts.repository.ts                         |       0 |        0 |       0 |       0 | 45-227                                                                                                                                                              
  code-system-versions.repository.ts                     |       0 |      100 |       0 |       0 | 40-77                                                                                                                                                               
  code-systems.repository.ts                             |       0 |      100 |       0 |       0 | 48-73                                                                                                                                                               
  concept-designations.repository.ts                     |       0 |        0 |       0 |       0 | 73-246                                                                                                                                                              
  concept-maps.repository.ts                             |       0 |        0 |       0 |       0 | 59-100                                                                                                                                                              
  concept-relationships.repository.ts                    |       0 |        0 |       0 |       0 | 45-102                                                                                                                                                              
  tenant-catalog.repository.ts                           |       0 |        0 |       0 |       0 | 96-160                                                                                                                                                              
  terminology-sources.repository.ts                      |       0 |      100 |       0 |       0 | 44-52                                                                                                                                                               
  value-sets.repository.ts                               |       0 |        0 |       0 |       0 | 102-556                                                                                                                                                             
 src/modules/terminology/services                        |   95.53 |    89.24 |   97.39 |   96.88 |                                                                                                                                                                     
  code-system-versions.service.ts                        |      98 |    92.85 |     100 |   97.95 | 168                                                                                                                                                                 
  code-systems-read.service.ts                           |   86.36 |      100 |   71.42 |    87.5 | 58-62                                                                                                                                                               
  code-systems.service.ts                                |     100 |      100 |     100 |     100 |                                                                                                                                                                     
  concept-file-import.service.ts                         |   89.32 |    83.33 |     100 |   90.09 | 124,222,280-281,290-291,298-299,302-303                                                                                                                             
  concept-maps.service.ts                                |   95.65 |    88.88 |     100 |   95.65 | 107,149                                                                                                                                                             
  concepts.service.ts                                    |   96.21 |    91.95 |   97.29 |    97.8 | 231,427,444,622,900                                                                                                                                                 
  tenant-catalog.service.ts                              |     100 |    88.63 |     100 |     100 | 118-119,124,156,181                                                                                                                                                 
  value-sets.service.ts                                  |   96.11 |    85.58 |     100 |    98.8 | 737-738                                                                                                                                                             
 src/modules/time_series/constants                       |     100 |      100 |     100 |     100 |                                                                                                                                                                     
  time-series.constants.ts                               |     100 |      100 |     100 |     100 |                                                                                                                                                                     
 src/modules/time_series/controllers                     |     100 |      100 |     100 |     100 |                                                                                                                                                                     
  series.controller.ts                                   |     100 |      100 |     100 |     100 |                                                                                                                                                                     
  timescale-admin.controller.ts                          |     100 |      100 |     100 |     100 |                                                                                                                                                                     
 src/modules/time_series/dto                             |       0 |      100 |       0 |       0 |                                                                                                                                                                     
  time-series.dto.ts                                     |       0 |      100 |       0 |       0 | 105-1220                                                                                                                                                            
 src/modules/time_series/repositories                    |   73.52 |    73.52 |   59.25 |   72.72 |                                                                                                                                                                     
  series-ingest.repository.ts                            |    7.14 |      100 |       0 |    7.14 | 153-359                                                                                                                                                             
  timescale.repository.ts                                |   90.74 |    73.52 |   94.11 |   90.38 | 143-162,185,385                                                                                                                                                     
 src/modules/time_series/services                        |   99.54 |       96 |     100 |   99.53 |                                                                                                                                                                     
  series-ingest.service.ts                               |     100 |    96.66 |     100 |     100 | 178                                                                                                                                                                 
  series-query.service.ts                                |     100 |      100 |     100 |     100 |                                                                                                                                                                     
  timescale-admin.service.ts                             |   98.33 |    91.66 |     100 |   98.33 | 179                                                                                                                                                                 
  vital-normalization.service.ts                         |     100 |    94.44 |     100 |     100 | 136                                                                                                                                                                 
 src/modules/tracking/controllers                        |     100 |      100 |     100 |     100 |                                                                                                                                                                     
  tracking.controller.ts                                 |     100 |      100 |     100 |     100 |                                                                                                                                                                     
 src/modules/tracking/dto                                |   85.71 |      100 |       0 |   85.71 |                                                                                                                                                                     
  tracking.dto.ts                                        |   85.71 |      100 |       0 |   85.71 | 247                                                                                                                                                                 
 src/modules/tracking/repositories                       |       0 |        0 |       0 |       0 |                                                                                                                                                                     
  tracking.repository.ts                                 |       0 |        0 |       0 |       0 | 220-770                                                                                                                                                             
 src/modules/tracking/services                           |   92.71 |    78.31 |     100 |   93.03 |                                                                                                                                                                     
  tracking.service.ts                                    |   92.71 |    78.31 |     100 |   93.03 | 319,350,359,405,538,577,614,634,663,707,797,807,836,918,923,937,1004,1026,1212,1226                                                                                 
 src/modules/vector_rag/constants                        |     100 |      100 |     100 |     100 |                                                                                                                                                                     
  vector-rag.constants.ts                                |     100 |      100 |     100 |     100 |                                                                                                                                                                     
 src/modules/vector_rag/controllers                      |   95.23 |      100 |   94.44 |   95.23 |                                                                                                                                                                     
  vector-governance.controller.ts                        |     100 |      100 |     100 |     100 |                                                                                                                                                                     
  vector-runtime.controller.ts                           |    90.9 |      100 |   88.88 |    90.9 | 73                                                                                                                                                                  
 src/modules/vector_rag/dto                              |       0 |      100 |       0 |       0 |                                                                                                                                                                     
  vector-rag.dto.ts                                      |       0 |      100 |       0 |       0 | 671-1034                                                                                                                                                            
 src/modules/vector_rag/repositories                     |       0 |        0 |       0 |       0 |                                                                                                                                                                     
  retrieval.repository.ts                                |       0 |      100 |       0 |       0 | 145-327                                                                                                                                                             
  vector-catalog.repository.ts                           |       0 |      100 |       0 |       0 | 188-546                                                                                                                                                             
  vector-corpus.repository.ts                            |       0 |        0 |       0 |       0 | 145-481                                                                                                                                                             
 src/modules/vector_rag/services                         |    93.4 |    85.08 |     100 |   94.02 |                                                                                                                                                                     
  embedding-pipeline.service.ts                          |   92.45 |    81.96 |     100 |   93.33 | 80,159,178,188,378,383,403                                                                                                                                          
  retrieval.service.ts                                   |   93.65 |    86.74 |     100 |    94.3 | 84,210,254,266,380,484,568                                                                                                                                          
  vector-governance.service.ts                           |   90.62 |    77.08 |     100 |   91.57 | 178,201-206,342,357,424,515                                                                                                                                         
  vector-maintenance.service.ts                          |   98.48 |    97.22 |     100 |   98.38 | 190                                                                                                                                                                 
 src/modules/workflow/controllers                        |     100 |      100 |     100 |     100 |                                                                                                                                                                     
  workflow-definitions.controller.ts                     |     100 |      100 |     100 |     100 |                                                                                                                                                                     
  workflow-instances.controller.ts                       |     100 |      100 |     100 |     100 |                                                                                                                                                                     
  workflow-transitions.controller.ts                     |     100 |      100 |     100 |     100 |                                                                                                                                                                     
 src/modules/workflow/dto                                |       0 |      100 |       0 |       0 |                                                                                                                                                                     
  workflow.dto.ts                                        |       0 |      100 |       0 |       0 | 176-1107                                                                                                                                                            
 src/modules/workflow/repositories                       |    36.5 |       50 |    7.69 |   35.48 |                                                                                                                                                                     
  aggregate-state.repository.ts                          |     100 |     87.5 |     100 |     100 | 174                                                                                                                                                                 
  state-machines.repository.ts                           |       0 |        0 |       0 |       0 | 264-625                                                                                                                                                             
  workflow-runtime.repository.ts                         |       0 |        0 |       0 |       0 | 182-482                                                                                                                                                             
 src/modules/workflow/services                           |    92.5 |    76.69 |     100 |   93.33 |                                                                                                                                                                     
  state-machine-definition.service.ts                    |   93.49 |    76.66 |     100 |   94.11 | 142,242,248,274,344,409,427                                                                                                                                         
  transition-execution.service.ts                        |    89.4 |       75 |     100 |   90.78 | 299,329,355,456,472,575,801-809,861-877                                                                                                                             
  workflow-instances.service.ts                          |   96.51 |    81.81 |     100 |   96.47 | 204,221,271                                                                                                                                                         
 src/observability                                       |   85.02 |    81.11 |   82.35 |   85.02 |                                                                                                                                                                     
  instrumentations.ts                                    |   77.77 |      100 |   66.66 |      75 | 64-116                                                                                                                                                              
  messaging-trace.service.ts                             |   95.23 |      100 |     100 |   94.44 | 109-110                                                                                                                                                             
  telemetry.bootstrap.ts                                 |   51.11 |       50 |   38.46 |   51.16 | 61-82,101-105,134,168-196                                                                                                                                           
  telemetry.config.ts                                    |   93.33 |    81.25 |     100 |     100 | 118,134,158                                                                                                                                                         
  telemetry.constants.ts                                 |     100 |      100 |     100 |     100 |                                                                                                                                                                     
  telemetry.shutdown.ts                                  |   94.11 |    83.33 |      75 |   93.33 | 64                                                                                                                                                                  
  trace-context.service.ts                               |      80 |    83.33 |      75 |   77.77 | 46,70                                                                                                                                                               
  trace-response.interceptor.ts                          |     100 |      100 |     100 |     100 |                                                                                                                                                                     
  tracer.testing.ts                                      |     100 |      100 |     100 |     100 |                                                                                                                                                                     
  tracing.service.ts                                     |    97.5 |    81.81 |     100 |     100 | 71,219                                                                                                                                                              
 src/orm/bootstrap                                       |    4.76 |        0 |       0 |    5.08 |                                                                                                                                                                     
  advisory-lock.ts                                       |    8.33 |        0 |       0 |    9.09 | 69-101                                                                                                                                                              
  identifier.ts                                          |   28.57 |        0 |       0 |   28.57 | 46-55                                                                                                                                                               
  schema-bootstrap.service.ts                            |       0 |        0 |       0 |       0 | 38-175                                                                                                                                                              
 src/orm/bootstrap/layers                                |    5.47 |        0 |       0 |    5.64 |                                                                                                                                                                     
  01-extensions.layer.ts                                 |    4.76 |        0 |       0 |    4.76 | 35-82                                                                                                                                                               
  02-schemas.layer.ts                                    |    9.09 |        0 |       0 |    9.09 | 33-61                                                                                                                                                               
  03-types.layer.ts                                      |    3.12 |        0 |       0 |    3.44 | 34-111                                                                                                                                                              
  04-tables.layer.ts                                     |      10 |        0 |       0 |   10.34 | 41-85,129-140,162-165                                                                                                                                               
  05-indexes.layer.ts                                    |     5.4 |        0 |       0 |    5.55 | 41-106,127-148                                                                                                                                                      
  06-foreign-keys.layer.ts                               |    4.87 |        0 |       0 |       5 | 55-154,176-194                                                                                                                                                      
  07-physical.layer.ts                                   |    3.44 |        0 |       0 |    3.44 | 38-123                                                                                                                                                              
 src/orm/catalog                                         |     100 |      100 |     100 |     100 |                                                                                                                                                                     
  extensions.catalog.ts                                  |     100 |      100 |     100 |     100 |                                                                                                                                                                     
  physical.catalog.ts                                    |     100 |      100 |     100 |     100 |                                                                                                                                                                     
  schemas.catalog.ts                                     |     100 |      100 |     100 |     100 |                                                                                                                                                                     
  types.catalog.ts                                       |     100 |      100 |     100 |     100 |                                                                                                                                                                     
 src/orm/catalog/foreign-keys                            |     100 |      100 |     100 |     100 |                                                                                                                                                                     
  accounting.1.fk.ts                                     |     100 |      100 |     100 |     100 |                                                                                                                                                                     
  accounting.2.fk.ts                                     |     100 |      100 |     100 |     100 |                                                                                                                                                                     
  ads.1.fk.ts                                            |     100 |      100 |     100 |     100 |                                                                                                                                                                     
  ads.2.fk.ts                                            |     100 |      100 |     100 |     100 |                                                                                                                                                                     
  ads.3.fk.ts                                            |     100 |      100 |     100 |     100 |                                                                                                                                                                     
  audio_assets.fk.ts                                     |     100 |      100 |     100 |     100 |                                                                                                                                                                     
  audit.1.fk.ts                                          |     100 |      100 |     100 |     100 |                                                                                                                                                                     
  audit.2.fk.ts                                          |     100 |      100 |     100 |     100 |                                                                                                                                                                     
  audit.3.fk.ts                                          |     100 |      100 |     100 |     100 |                                                                                                                                                                     
  auth_providers.fk.ts                                   |     100 |      100 |     100 |     100 |                                                                                                                                                                     
  authz.fk.ts                                            |     100 |      100 |     100 |     100 |                                                                                                                                                                     
  automation.fk.ts                                       |     100 |      100 |     100 |     100 |                                                                                                                                                                     
  billing.fk.ts                                          |     100 |      100 |     100 |     100 |                                                                                                                                                                     
  chart.fk.ts                                            |     100 |      100 |     100 |     100 |                                                                                                                                                                     
  clinical.1.fk.ts                                       |     100 |      100 |     100 |     100 |                                                                                                                                                                     
  clinical.2.fk.ts                                       |     100 |      100 |     100 |     100 |                                                                                                                                                                     
  clinical_ext.fk.ts                                     |     100 |      100 |     100 |     100 |                                                                                                                                                                     
  common.fk.ts                                           |     100 |      100 |     100 |     100 |                                                                                                                                                                     
  community.1.fk.ts                                      |     100 |      100 |     100 |     100 |                                                                                                                                                                     
  community.2.fk.ts                                      |     100 |      100 |     100 |     100 |                                                                                                                                                                     
  consent.fk.ts                                          |     100 |      100 |     100 |     100 |                                                                                                                                                                     
  crm.1.fk.ts                                            |     100 |      100 |     100 |     100 |                                                                                                                                                                     
  crm.2.fk.ts                                            |     100 |      100 |     100 |     100 |                                                                                                                                                                     
  data_catalog.fk.ts                                     |     100 |      100 |     100 |     100 |                                                                                                                                                                     
  delegated_access.fk.ts                                 |     100 |      100 |     100 |     100 |                                                                                                                                                                     
  diagnostic_units.fk.ts                                 |     100 |      100 |     100 |     100 |                                                                                                                                                                     
  diagnostics.1.fk.ts                                    |     100 |      100 |     100 |     100 |                                                                                                                                                                     
  diagnostics.2.fk.ts                                    |     100 |      100 |     100 |     100 |                                                                                                                                                                     
  directory.fk.ts                                        |     100 |      100 |     100 |     100 |                                                                                                                                                                     
  education.fk.ts                                        |     100 |      100 |     100 |     100 |                                                                                                                                                                     
  erp.1.fk.ts                                            |     100 |      100 |     100 |     100 |                                                                                                                                                                     
  erp.2.fk.ts                                            |     100 |      100 |     100 |     100 |                                                                                                                                                                     
  erp.3.fk.ts                                            |     100 |      100 |     100 |     100 |                                                                                                                                                                     
  forms.fk.ts                                            |     100 |      100 |     100 |     100 |                                                                                                                                                                     
  geo.fk.ts                                              |     100 |      100 |     100 |     100 |                                                                                                                                                                     
  health_context.fk.ts                                   |     100 |      100 |     100 |     100 |                                                                                                                                                                     
  health_data.fk.ts                                      |     100 |      100 |     100 |     100 |                                                                                                                                                                     
  iam.fk.ts                                              |     100 |      100 |     100 |     100 |                                                                                                                                                                     
  identity_assurance.fk.ts                               |     100 |      100 |     100 |     100 |                                                                                                                                                                     
  insurance.1.fk.ts                                      |     100 |      100 |     100 |     100 |                                                                                                                                                                     
  insurance.2.fk.ts                                      |     100 |      100 |     100 |     100 |                                                                                                                                                                     
  integration_contracts.fk.ts                            |     100 |      100 |     100 |     100 |                                                                                                                                                                     
  integrations.fk.ts                                     |     100 |      100 |     100 |     100 |                                                                                                                                                                     
  marketing.fk.ts                                        |     100 |      100 |     100 |     100 |                                                                                                                                                                     
  medical_groups.fk.ts                                   |     100 |      100 |     100 |     100 |                                                                                                                                                                     
  messaging.fk.ts                                        |     100 |      100 |     100 |     100 |                                                                                                                                                                     
  organization_extensions.fk.ts                          |     100 |      100 |     100 |     100 |                                                                                                                                                                     
  payments.1.fk.ts                                       |     100 |      100 |     100 |     100 |                                                                                                                                                                     
  payments.2.fk.ts                                       |     100 |      100 |     100 |     100 |                                                                                                                                                                     
  pharmacy.fk.ts                                         |     100 |      100 |     100 |     100 |                                                                                                                                                                     
  pharmacy_inventory.fk.ts                               |     100 |      100 |     100 |     100 |                                                                                                                                                                     
  platform_ops.1.fk.ts                                   |     100 |      100 |     100 |     100 |                                                                                                                                                                     
  platform_ops.2.fk.ts                                   |     100 |      100 |     100 |     100 |                                                                                                                                                                     
  polyglot_storage.fk.ts                                 |     100 |      100 |     100 |     100 |                                                                                                                                                                     
  practice.fk.ts                                         |     100 |      100 |     100 |     100 |                                                                                                                                                                     
  procedures_perioperative.1.fk.ts                       |     100 |      100 |     100 |     100 |                                                                                                                                                                     
  procedures_perioperative.2.fk.ts                       |     100 |      100 |     100 |     100 |                                                                                                                                                                     
  profiles.fk.ts                                         |     100 |      100 |     100 |     100 |                                                                                                                                                                     
  promotions.fk.ts                                       |     100 |      100 |     100 |     100 |                                                                                                                                                                     
  qa_execution.fk.ts                                     |     100 |      100 |     100 |     100 |                                                                                                                                                                     
  qa_lab.fk.ts                                           |     100 |      100 |     100 |     100 |                                                                                                                                                                     
  read_models.fk.ts                                      |     100 |      100 |     100 |     100 |                                                                                                                                                                     
  reporting.fk.ts                                        |     100 |      100 |     100 |     100 |                                                                                                                                                                     
  scheduling.fk.ts                                       |     100 |      100 |     100 |     100 |                                                                                                                                                                     
  surveys.fk.ts                                          |     100 |      100 |     100 |     100 |                                                                                                                                                                     
  system_context.fk.ts                                   |     100 |      100 |     100 |     100 |                                                                                                                                                                     
  system_ops.fk.ts                                       |     100 |      100 |     100 |     100 |                                                                                                                                                                     
  telemetry.fk.ts                                        |     100 |      100 |     100 |     100 |                                                                                                                                                                     
  terminology.fk.ts                                      |     100 |      100 |     100 |     100 |                                                                                                                                                                     
  tracking.fk.ts                                         |     100 |      100 |     100 |     100 |                                                                                                                                                                     
  workflow.fk.ts                                         |     100 |      100 |     100 |     100 |                                                                                                                                                                     
 src/orm/catalog/indexes                                 |     100 |      100 |     100 |     100 |                                                                                                                                                                     
  accounting.1.idx.ts                                    |     100 |      100 |     100 |     100 |                                                                                                                                                                     
  accounting.2.idx.ts                                    |     100 |      100 |     100 |     100 |                                                                                                                                                                     
  ads.1.idx.ts                                           |     100 |      100 |     100 |     100 |                                                                                                                                                                     
  ads.2.idx.ts                                           |     100 |      100 |     100 |     100 |                                                                                                                                                                     
  ads.3.idx.ts                                           |     100 |      100 |     100 |     100 |                                                                                                                                                                     
  audio_assets.idx.ts                                    |     100 |      100 |     100 |     100 |                                                                                                                                                                     
  audit.1.idx.ts                                         |     100 |      100 |     100 |     100 |                                                                                                                                                                     
  audit.2.idx.ts                                         |     100 |      100 |     100 |     100 |                                                                                                                                                                     
  audit.3.idx.ts                                         |     100 |      100 |     100 |     100 |                                                                                                                                                                     
  audit.4.idx.ts                                         |     100 |      100 |     100 |     100 |                                                                                                                                                                     
  auth_providers.idx.ts                                  |     100 |      100 |     100 |     100 |                                                                                                                                                                     
  authz.idx.ts                                           |     100 |      100 |     100 |     100 |                                                                                                                                                                     
  automation.idx.ts                                      |     100 |      100 |     100 |     100 |                                                                                                                                                                     
  billing.idx.ts                                         |     100 |      100 |     100 |     100 |                                                                                                                                                                     
  chart.idx.ts                                           |     100 |      100 |     100 |     100 |                                                                                                                                                                     
  clinical.1.idx.ts                                      |     100 |      100 |     100 |     100 |                                                                                                                                                                     
  clinical.2.idx.ts                                      |     100 |      100 |     100 |     100 |                                                                                                                                                                     
  clinical_ext.idx.ts                                    |     100 |      100 |     100 |     100 |                                                                                                                                                                     
  common.idx.ts                                          |     100 |      100 |     100 |     100 |                                                                                                                                                                     
  community.1.idx.ts                                     |     100 |      100 |     100 |     100 |                                                                                                                                                                     
  community.2.idx.ts                                     |     100 |      100 |     100 |     100 |                                                                                                                                                                     
  consent.idx.ts                                         |     100 |      100 |     100 |     100 |                                                                                                                                                                     
  crm.1.idx.ts                                           |     100 |      100 |     100 |     100 |                                                                                                                                                                     
  crm.2.idx.ts                                           |     100 |      100 |     100 |     100 |                                                                                                                                                                     
  cross_store_consistency.idx.ts                         |     100 |      100 |     100 |     100 |                                                                                                                                                                     
  data_catalog.idx.ts                                    |     100 |      100 |     100 |     100 |                                                                                                                                                                     
  delegated_access.idx.ts                                |     100 |      100 |     100 |     100 |                                                                                                                                                                     
  diagnostic_units.idx.ts                                |     100 |      100 |     100 |     100 |                                                                                                                                                                     
  diagnostics.1.idx.ts                                   |     100 |      100 |     100 |     100 |                                                                                                                                                                     
  diagnostics.2.idx.ts                                   |     100 |      100 |     100 |     100 |                                                                                                                                                                     
  directory.idx.ts                                       |     100 |      100 |     100 |     100 |                                                                                                                                                                     
  education.idx.ts                                       |     100 |      100 |     100 |     100 |                                                                                                                                                                     
  erp.1.idx.ts                                           |     100 |      100 |     100 |     100 |                                                                                                                                                                     
  erp.2.idx.ts                                           |     100 |      100 |     100 |     100 |                                                                                                                                                                     
  erp.3.idx.ts                                           |     100 |      100 |     100 |     100 |                                                                                                                                                                     
  forms.idx.ts                                           |     100 |      100 |     100 |     100 |                                                                                                                                                                     
  geo.idx.ts                                             |     100 |      100 |     100 |     100 |                                                                                                                                                                     
  health_context.idx.ts                                  |     100 |      100 |     100 |     100 |                                                                                                                                                                     
  health_data.1.idx.ts                                   |     100 |      100 |     100 |     100 |                                                                                                                                                                     
  health_data.2.idx.ts                                   |     100 |      100 |     100 |     100 |                                                                                                                                                                     
  iam.idx.ts                                             |     100 |      100 |     100 |     100 |                                                                                                                                                                     
  identity_assurance.idx.ts                              |     100 |      100 |     100 |     100 |                                                                                                                                                                     
  insurance.1.idx.ts                                     |     100 |      100 |     100 |     100 |                                                                                                                                                                     
  insurance.2.idx.ts                                     |     100 |      100 |     100 |     100 |                                                                                                                                                                     
  integration_contracts.idx.ts                           |     100 |      100 |     100 |     100 |                                                                                                                                                                     
  integrations.idx.ts                                    |     100 |      100 |     100 |     100 |                                                                                                                                                                     
  lakehouse.idx.ts                                       |     100 |      100 |     100 |     100 |                                                                                                                                                                     
  marketing.idx.ts                                       |     100 |      100 |     100 |     100 |                                                                                                                                                                     
  medical_groups.idx.ts                                  |     100 |      100 |     100 |     100 |                                                                                                                                                                     
  messaging.idx.ts                                       |     100 |      100 |     100 |     100 |                                                                                                                                                                     
  object_storage.idx.ts                                  |     100 |      100 |     100 |     100 |                                                                                                                                                                     
  organization_extensions.idx.ts                         |     100 |      100 |     100 |     100 |                                                                                                                                                                     
  payments.1.idx.ts                                      |     100 |      100 |     100 |     100 |                                                                                                                                                                     
  payments.2.idx.ts                                      |     100 |      100 |     100 |     100 |                                                                                                                                                                     
  payments.3.idx.ts                                      |     100 |      100 |     100 |     100 |                                                                                                                                                                     
  pharmacy.idx.ts                                        |     100 |      100 |     100 |     100 |                                                                                                                                                                     
  pharmacy_inventory.idx.ts                              |     100 |      100 |     100 |     100 |                                                                                                                                                                     
  platform_ops.1.idx.ts                                  |     100 |      100 |     100 |     100 |                                                                                                                                                                     
  platform_ops.2.idx.ts                                  |     100 |      100 |     100 |     100 |                                                                                                                                                                     
  polyglot_storage.idx.ts                                |     100 |      100 |     100 |     100 |                                                                                                                                                                     
  practice.idx.ts                                        |     100 |      100 |     100 |     100 |                                                                                                                                                                     
  procedures_perioperative.1.idx.ts                      |     100 |      100 |     100 |     100 |                                                                                                                                                                     
  procedures_perioperative.2.idx.ts                      |     100 |      100 |     100 |     100 |                                                                                                                                                                     
  profiles.idx.ts                                        |     100 |      100 |     100 |     100 |                                                                                                                                                                     
  promotions.idx.ts                                      |     100 |      100 |     100 |     100 |                                                                                                                                                                     
  qa_execution.idx.ts                                    |     100 |      100 |     100 |     100 |                                                                                                                                                                     
  qa_lab.idx.ts                                          |     100 |      100 |     100 |     100 |                                                                                                                                                                     
  read_models.idx.ts                                     |     100 |      100 |     100 |     100 |                                                                                                                                                                     
  reporting.idx.ts                                       |     100 |      100 |     100 |     100 |                                                                                                                                                                     
  scheduling.idx.ts                                      |     100 |      100 |     100 |     100 |                                                                                                                                                                     
  surveys.idx.ts                                         |     100 |      100 |     100 |     100 |                                                                                                                                                                     
  system_context.idx.ts                                  |     100 |      100 |     100 |     100 |                                                                                                                                                                     
  system_ops.1.idx.ts                                    |     100 |      100 |     100 |     100 |                                                                                                                                                                     
  system_ops.2.idx.ts                                    |     100 |      100 |     100 |     100 |                                                                                                                                                                     
  telemetry.idx.ts                                       |     100 |      100 |     100 |     100 |                                                                                                                                                                     
  terminology.idx.ts                                     |     100 |      100 |     100 |     100 |                                                                                                                                                                     
  tracking.idx.ts                                        |     100 |      100 |     100 |     100 |                                                                                                                                                                     
  vector_rag.idx.ts                                      |     100 |      100 |     100 |     100 |                                                                                                                                                                     
  workflow.idx.ts                                        |     100 |      100 |     100 |     100 |                                                                                                                                                                     
 src/orm/config                                          |   58.33 |    73.68 |   42.85 |   54.54 |                                                                                                                                                                     
  orm.config.ts                                          |     100 |    85.71 |     100 |     100 | 109                                                                                                                                                                 
  orm.env.ts                                             |      75 |       60 |     100 |      75 | 206,214                                                                                                                                                             
  orm.generator.config.ts                                |       0 |        0 |       0 |       0 | 29-59                                                                                                                                                               
  rls-role-resolution.ts                                 |   83.33 |      100 |      50 |      75 | 17                                                                                                                                                                  
 src/orm/fidelity                                        |    1.36 |        0 |       0 |    1.49 |                                                                                                                                                                     
  fidelity-report.ts                                     |    6.66 |        0 |       0 |    7.14 | 74-116                                                                                                                                                              
  schema-fidelity.service.ts                             |       0 |        0 |       0 |       0 | 55-231                                                                                                                                                              
 src/orm/observability                                   |      26 |        0 |      25 |   29.54 |                                                                                                                                                                     
  orm.logger.ts                                          |   26.31 |        0 |   42.85 |   27.77 | 68-133                                                                                                                                                              
  query-metrics.ts                                       |    25.8 |        0 |       0 |   30.76 | 63-75,124-154                                                                                                                                                       
 src/orm/subscribers                                     |    5.08 |        0 |       0 |       6 |                                                                                                                                                                     
  history-mirror.subscriber.ts                           |    5.08 |        0 |       0 |       6 | 78-203                                                                                                                                                              
 src/persistence                                         |     100 |      100 |     100 |     100 |                                                                                                                                                                     
  persistence.tokens.ts                                  |     100 |      100 |     100 |     100 |                                                                                                                                                                     
 src/persistence/adapters/postgres                       |   68.18 |    53.84 |   61.53 |   69.76 |                                                                                                                                                                     
  postgres-transaction.manager.ts                        |   95.23 |    55.55 |     100 |   95.23 | 87                                                                                                                                                                  
  postgres.connection.ts                                 |   43.47 |       50 |   28.57 |   45.45 | 85-146                                                                                                                                                              
 src/persistence/capabilities                            |     100 |      100 |     100 |     100 |                                                                                                                                                                     
  adapter-capabilities.ts                                |     100 |      100 |     100 |     100 |                                                                                                                                                                     
 src/persistence/config                                  |     100 |    94.91 |     100 |     100 |                                                                                                                                                                     
  connection-descriptor.ts                               |     100 |    92.85 |     100 |     100 | 89                                                                                                                                                                  
  data-sources.env.ts                                    |     100 |    95.55 |     100 |     100 | 166,251                                                                                                                                                             
 src/persistence/errors                                  |     100 |    94.11 |     100 |     100 |                                                                                                                                                                     
  persistence.errors.ts                                  |     100 |      100 |     100 |     100 |                                                                                                                                                                     
  postgres-error.mapper.ts                               |     100 |       94 |     100 |     100 | 153,169,190                                                                                                                                                         
 src/persistence/factory                                 |   53.24 |    36.11 |      70 |   56.94 |                                                                                                                                                                     
  persistence-session.factory.ts                         |   95.34 |    81.25 |     100 |   95.34 | 116,208                                                                                                                                                             
  postgres-connection.factory.ts                         |       0 |        0 |       0 |       0 | 48-154                                                                                                                                                              
 src/persistence/health                                  |       0 |        0 |       0 |       0 |                                                                                                                                                                     
  data-sources.controller.ts                             |       0 |      100 |       0 |       0 | 22-42                                                                                                                                                               
  data-sources.health.ts                                 |       0 |        0 |       0 |       0 | 43-72                                                                                                                                                               
 src/persistence/observability                           |   95.83 |    81.25 |      80 |   95.23 |                                                                                                                                                                     
  persistence.metrics.ts                                 |   95.83 |    81.25 |      80 |   95.23 | 128                                                                                                                                                                 
 src/persistence/ports                                   |     100 |      100 |     100 |     100 |                                                                                                                                                                     
  session.port.ts                                        |     100 |      100 |     100 |     100 |                                                                                                                                                                     
  transaction.port.ts                                    |     100 |      100 |     100 |     100 |                                                                                                                                                                     
 src/persistence/registry                                |    97.5 |    82.35 |     100 |     100 |                                                                                                                                                                     
  connection.registry.ts                                 |    97.5 |    82.35 |     100 |     100 | 58,138-140                                                                                                                                                          
 src/persistence/routing                                 |   94.11 |    95.83 |    87.5 |   94.11 |                                                                                                                                                                     
  data-source.router.ts                                  |   92.85 |      100 |      80 |   92.85 | 115                                                                                                                                                                 
  routing.config.ts                                      |      95 |    91.66 |     100 |      95 | 77                                                                                                                                                                  
 src/persistence/session                                 |   95.23 |    72.72 |   92.85 |      95 |                                                                                                                                                                     
  direct.session.ts                                      |     100 |      100 |     100 |     100 |                                                                                                                                                                     
  routed.session.ts                                      |     100 |      100 |     100 |     100 |                                                                                                                                                                     
  session.provider.ts                                    |    87.5 |       40 |      75 |   85.71 | 57                                                                                                                                                                  
 src/worker                                              |   70.56 |    53.55 |   69.66 |   71.38 |                                                                                                                                                                     
  bootstrap.ts                                           |       0 |        0 |       0 |       0 | 67-163                                                                                                                                                              
  google-email-client.service.ts                         |   94.44 |       72 |     100 |   94.44 | 112,126                                                                                                                                                             
  mock-provider-client.service.ts                        |       0 |        0 |       0 |       0 | 18-54                                                                                                                                                               
  run-tick.util.ts                                       |     100 |    92.85 |     100 |     100 | 23                                                                                                                                                                  
  system-api-client.service.ts                           |   93.33 |    73.68 |   88.88 |   95.45 | 139,293                                                                                                                                                             
  tick-context.ts                                        |     100 |      100 |     100 |     100 |                                                                                                                                                                     
  worker-health.registry.ts                              |   91.25 |    74.19 |    91.3 |    92.1 | 85-88,131,197,251                                                                                                                                                   
  worker-health.server.ts                                |   56.75 |    70.37 |    37.5 |      60 | 65-96,145-150                                                                                                                                                       
  worker-lifecycle.service.ts                            |       0 |        0 |       0 |       0 | 44-91                                                                                                                                                               
  worker.env.ts                                          |   38.09 |    21.62 |      25 |   33.33 | 219-271                                                                                                                                                             
  worker.tokens.ts                                       |     100 |      100 |     100 |     100 |                                                                                                                                                                     
 src/worker/jobs/audio_assets                            |   23.07 |     7.69 |   22.22 |   23.07 |                                                                                                                                                                     
  audio-assets.worker-module.ts                          |       0 |        0 |       0 |       0 | 31-39                                                                                                                                                               
  audio-generation.job.ts                                |       0 |        0 |       0 |       0 | 38-181                                                                                                                                                              
  disabled-tts.adapter.ts                                |       0 |      100 |       0 |       0 | 11-16                                                                                                                                                               
  fake-tts.adapter.ts                                    |      75 |      100 |      50 |      75 | 28                                                                                                                                                                  
  provider-rate-gate.ts                                  |   83.33 |       75 |      75 |   83.33 | 18,23-24                                                                                                                                                            
 src/worker/jobs/audio_assets/elevenlabs                 |   23.86 |    26.76 |   17.64 |   25.97 |                                                                                                                                                                     
  elevenlabs-http.client.ts                              |       0 |        0 |       0 |       0 | 10-59                                                                                                                                                               
  elevenlabs-tts.adapter.ts                              |       0 |        0 |       0 |       0 | 17-99                                                                                                                                                               
  elevenlabs.config.ts                                   |       0 |        0 |       0 |       0 | 10-20                                                                                                                                                               
  elevenlabs.mapper.ts                                   |   65.62 |    59.37 |     100 |   71.42 | 15,18,36,44,53,57,63-64                                                                                                                                             
 src/worker/jobs/automation                              |       0 |        0 |       0 |       0 |                                                                                                                                                                     
  calendar-trigger.job.ts                                |       0 |        0 |       0 |       0 | 7-58                                                                                                                                                                
 src/worker/jobs/billing                                 |       0 |        0 |       0 |       0 |                                                                                                                                                                     
  run-due-dunning.job.ts                                 |       0 |        0 |       0 |       0 | 7-48                                                                                                                                                                
 src/worker/jobs/community                               |     100 |       90 |     100 |     100 |                                                                                                                                                                     
  badge-expiry.job.ts                                    |     100 |      100 |     100 |     100 |                                                                                                                                                                     
  feed-fanout.job.ts                                     |     100 |      100 |     100 |     100 |                                                                                                                                                                     
  search-indexer.job.ts                                  |     100 |    83.33 |     100 |     100 | 95                                                                                                                                                                  
 src/worker/jobs/consent                                 |       0 |        0 |       0 |       0 |                                                                                                                                                                     
  expiration-sweep.job.ts                                |       0 |        0 |       0 |       0 | 7-42                                                                                                                                                                
 src/worker/jobs/cross_store_consistency                 |     100 |      100 |     100 |     100 |                                                                                                                                                                     
  deletion-pipeline.job.ts                               |     100 |      100 |     100 |     100 |                                                                                                                                                                     
  mock-deletion-provider.adapter.ts                      |     100 |      100 |     100 |     100 |                                                                                                                                                                     
  mock-provider-wiring.service.ts                        |     100 |      100 |     100 |     100 |                                                                                                                                                                     
 src/worker/jobs/data_catalog                            |       0 |        0 |       0 |       0 |                                                                                                                                                                     
  scan-tick.job.ts                                       |       0 |        0 |       0 |       0 | 11-52                                                                                                                                                               
 src/worker/jobs/delegated_access                        |       0 |        0 |       0 |       0 |                                                                                                                                                                     
  expiry-sweep.job.ts                                    |       0 |        0 |       0 |       0 | 7-45                                                                                                                                                                
 src/worker/jobs/files                                   |   89.28 |       82 |      92 |   90.19 |                                                                                                                                                                     
  clamd.client.ts                                        |   93.47 |    83.33 |    92.3 |   94.87 | 125,138                                                                                                                                                             
  malware-scan.job.ts                                    |   90.62 |    78.57 |   85.71 |    93.1 | 100-101                                                                                                                                                             
  remote-storage-publication.ts                          |   77.77 |    83.33 |     100 |   77.77 | 27-29,33,63,81                                                                                                                                                      
  storage-lifecycle.job.ts                               |     100 |      100 |     100 |     100 |                                                                                                                                                                     
 src/worker/jobs/health_context                          |       0 |        0 |       0 |       0 |                                                                                                                                                                     
  schedule-tick.job.ts                                   |       0 |        0 |       0 |       0 | 7-45                                                                                                                                                                
 src/worker/jobs/identity_assurance                      |   51.72 |       70 |      55 |   54.71 |                                                                                                                                                                     
  dispatch-identity-checks.job.ts                        |     100 |      100 |     100 |     100 |                                                                                                                                                                     
  evidence-lifecycle.job.ts                              |     100 |      100 |     100 |     100 |                                                                                                                                                                     
  expire-sweep.job.ts                                    |       0 |        0 |       0 |       0 | 7-54                                                                                                                                                                
  mock-identity-verification-provider.adapter.ts         |       0 |      100 |       0 |       0 | 34-49                                                                                                                                                               
  mock-provider-wiring.service.ts                        |       0 |        0 |       0 |       0 | 15-28                                                                                                                                                               
 src/worker/jobs/integrations                            |       0 |        0 |       0 |       0 |                                                                                                                                                                     
  message-correlation.job.ts                             |       0 |      100 |       0 |       0 | 7-48                                                                                                                                                                
  message-dispatch.job.ts                                |       0 |        0 |       0 |       0 | 7-64                                                                                                                                                                
  message-retry.job.ts                                   |       0 |        0 |       0 |       0 | 7-69                                                                                                                                                                
 src/worker/jobs/lakehouse                               |     100 |      100 |     100 |     100 |                                                                                                                                                                     
  release-expiry.job.ts                                  |     100 |      100 |     100 |     100 |                                                                                                                                                                     
 src/worker/jobs/messaging                               |    34.9 |    53.48 |   33.33 |   34.65 |                                                                                                                                                                     
  google-email-provider.adapter.ts                       |     100 |    81.25 |     100 |     100 | 42,56-62                                                                                                                                                            
  google-provider-wiring.service.ts                      |     100 |      100 |     100 |     100 |                                                                                                                                                                     
  mock-notification-provider.adapter.ts                  |     100 |       80 |     100 |     100 | 33                                                                                                                                                                  
  mock-provider-wiring.service.ts                        |     100 |      100 |     100 |     100 |                                                                                                                                                                     
  notification-delivery.job.ts                           |      20 |    33.33 |    12.5 |      20 | 100-196                                                                                                                                                             
  outbox-relay.job.ts                                    |       0 |        0 |       0 |       0 | 8-84                                                                                                                                                                
  queue.job.ts                                           |       0 |        0 |       0 |       0 | 8-119                                                                                                                                                               
 src/worker/jobs/pharmacy_inventory                      |       0 |        0 |       0 |       0 |                                                                                                                                                                     
  expire-reservations.job.ts                             |       0 |        0 |       0 |       0 | 7-47                                                                                                                                                                
 src/worker/jobs/promotions                              |       0 |        0 |       0 |       0 |                                                                                                                                                                     
  expire-points.job.ts                                   |       0 |        0 |       0 |       0 | 7-69                                                                                                                                                                
 src/worker/jobs/qa_lab                                  |       0 |        0 |       0 |       0 |                                                                                                                                                                     
  plan-run-tick.job.ts                                   |       0 |        0 |       0 |       0 | 8-50                                                                                                                                                                
  schedule-tick.job.ts                                   |       0 |        0 |       0 |       0 | 7-69                                                                                                                                                                
 src/worker/jobs/read_models                             |     100 |      100 |     100 |     100 |                                                                                                                                                                     
  read-model-reconciliation.job.ts                       |     100 |      100 |     100 |     100 |                                                                                                                                                                     
 src/worker/jobs/reporting                               |       0 |        0 |       0 |       0 |                                                                                                                                                                     
  scheduler-tick.job.ts                                  |       0 |        0 |       0 |       0 | 7-56                                                                                                                                                                
 src/worker/jobs/scheduling                              |       0 |        0 |       0 |       0 |                                                                                                                                                                     
  dispatch-reminders.job.ts                              |       0 |        0 |       0 |       0 | 7-42                                                                                                                                                                
  expire-holds.job.ts                                    |       0 |        0 |       0 |       0 | 7-39                                                                                                                                                                
  promote-waitlist.job.ts                                |       0 |        0 |       0 |       0 | 7-64                                                                                                                                                                
 src/worker/jobs/time_series                             |     100 |      100 |     100 |     100 |                                                                                                                                                                     
  apply-retention.job.ts                                 |     100 |      100 |     100 |     100 |                                                                                                                                                                     
  compress-chunks.job.ts                                 |     100 |      100 |     100 |     100 |                                                                                                                                                                     
  refresh-rollups.job.ts                                 |     100 |      100 |     100 |     100 |                                                                                                                                                                     
 src/worker/jobs/tracking                                |       0 |        0 |       0 |       0 |                                                                                                                                                                     
  sla-scan.job.ts                                        |       0 |        0 |       0 |       0 | 7-48                                                                                                                                                                
 src/worker/jobs/vector_rag                              |     100 |      100 |     100 |     100 |                                                                                                                                                                     
  embedding-drain.job.ts                                 |     100 |      100 |     100 |     100 |                                                                                                                                                                     
  mock-embedding-provider.adapter.ts                     |     100 |      100 |     100 |     100 |                                                                                                                                                                     
  mock-provider-wiring.service.ts                        |     100 |      100 |     100 |     100 |                                                                                                                                                                     
 src/worker/jobs/workflow                                |       0 |        0 |       0 |       0 |                                                                                                                                                                     
  sweep-timeouts.job.ts                                  |       0 |        0 |       0 |       0 | 7-41                                                                                                                                                                
---------------------------------------------------------|---------|----------|---------|---------|---------------------------------------------------------------------------------------------------------------------------------------------------------------------

=============================== Coverage summary ===============================
Statements   : 73.39% ( 36510/49742 )
Branches     : 67.52% ( 19097/28283 )
Functions    : 58.37% ( 7494/12837 )
Lines        : 74.32% ( 35302/47500 )
================================================================================
Jest: Coverage for statements (73.39%) does not meet "global" threshold (74%)
Jest: Coverage for branches (67.52%) does not meet "global" threshold (69%)
Jest: Coverage for lines (74.32%) does not meet "global" threshold (75%)
Jest: Coverage for functions (58.37%) does not meet "global" threshold (59%)

Test Suites: 1 skipped, 711 passed, 711 of 712 total
Tests:       1 skipped, 8639 passed, 8640 total
Snapshots:   0 total
Time:        658.79 s, estimated 695 s
Ran all test suites.
